Property Name,Portfolio Manager ID,Property Type - Self-Selected,Gross Floor Area,month,normalized_monthly_usage
F.J. Horgan Water Treatment Plant,35000838,Utilities / Infrastructure,325447,2024-01-01,23839.31
F.J. Horgan Water Treatment Plant,35000838,Utilities / Infrastructure,325447,2024-02-01,18735.8
F.J. Horgan Water Treatment Plant,35000838,Utilities / Infrastructure,325447,2024-03-01,14082.81
F.J. Horgan Water Treatment Plant,35000838,Utilities / Infrastructure,325447,2024-04-01,11537.5
F.J. Horgan Water Treatment Plant,35000838,Utilities / Infrastructure,325447,2024-05-01,7784.48
F.J. Horgan Water Treatment Plant,35000838,Utilities / Infrastructure,325447,2024-06-01,53355.86
F.J. Horgan Water Treatment Plant,35000838,Utilities / Infrastructure,325447,2024-07-01,80637.62
F.J. Horgan Water Treatment Plant,35000838,Utilities / Infrastructure,325447,2024-08-01,49477.51
F.J. Horgan Water Treatment Plant,35000838,Utilities / Infrastructure,325447,2024-09-01,8004.370000000001
F.J. Horgan Water Treatment Plant,35000838,Utilities / Infrastructure,325447,2024-10-01,5870.78
F.J. Horgan Water Treatment Plant,35000838,Utilities / Infrastructure,325447,2024-11-01,8269.92
F.J. Horgan Water Treatment Plant,35000838,Utilities / Infrastructure,325447,2024-12-01,23036.51
Island Water Treatment Plant,35000839,Utilities / Infrastructure,64196,2024-01-01,15129.8
Island Water Treatment Plant,35000839,Utilities / Infrastructure,64196,2024-02-01,11758.99
Island Water Treatment Plant,35000839,Utilities / Infrastructure,64196,2024-03-01,12475.91
Island Water Treatment Plant,35000839,Utilities / Infrastructure,64196,2024-04-01,5739.81
Island Water Treatment Plant,35000839,Utilities / Infrastructure,64196,2024-05-01,17476.23
Island Water Treatment Plant,35000839,Utilities / Infrastructure,64196,2024-06-01,245.49
Island Water Treatment Plant,35000839,Utilities / Infrastructure,64196,2024-07-01,3532.71
Island Water Treatment Plant,35000839,Utilities / Infrastructure,64196,2024-08-01,3475.95
Island Water Treatment Plant,35000839,Utilities / Infrastructure,64196,2024-09-01,3408.41
Island Water Treatment Plant,35000839,Utilities / Infrastructure,64196,2024-10-01,8537.68
Island Water Treatment Plant,35000839,Utilities / Infrastructure,64196,2024-11-01,17296.52
Island Water Treatment Plant,35000839,Utilities / Infrastructure,64196,2024-12-01,13387.04
R.C. Harris Water Treatment Plant,35000840,Utilities / Infrastructure,115368,2024-01-01,15478.21
R.C. Harris Water Treatment Plant,35000840,Utilities / Infrastructure,115368,2024-02-01,21112.64
R.C. Harris Water Treatment Plant,35000840,Utilities / Infrastructure,115368,2024-03-01,29256.74
R.C. Harris Water Treatment Plant,35000840,Utilities / Infrastructure,115368,2024-04-01,20662.46
R.C. Harris Water Treatment Plant,35000840,Utilities / Infrastructure,115368,2024-05-01,16913.57
R.C. Harris Water Treatment Plant,35000840,Utilities / Infrastructure,115368,2024-06-01,11708.58
R.C. Harris Water Treatment Plant,35000840,Utilities / Infrastructure,115368,2024-07-01,9883.19
R.C. Harris Water Treatment Plant,35000840,Utilities / Infrastructure,115368,2024-08-01,8372.94
R.C. Harris Water Treatment Plant,35000840,Utilities / Infrastructure,115368,2024-09-01,8876.13
R.C. Harris Water Treatment Plant,35000840,Utilities / Infrastructure,115368,2024-10-01,15724.26
R.C. Harris Water Treatment Plant,35000840,Utilities / Infrastructure,115368,2024-11-01,25621.4
R.C. Harris Water Treatment Plant,35000840,Utilities / Infrastructure,115368,2024-12-01,37081.81
R.L. Clark Water Treatment Plant,35000841,Utilities / Infrastructure,401612,2024-01-01,15114.74
R.L. Clark Water Treatment Plant,35000841,Utilities / Infrastructure,401612,2024-02-01,13238.08
R.L. Clark Water Treatment Plant,35000841,Utilities / Infrastructure,401612,2024-03-01,13584.29
R.L. Clark Water Treatment Plant,35000841,Utilities / Infrastructure,401612,2024-04-01,9748.71
R.L. Clark Water Treatment Plant,35000841,Utilities / Infrastructure,401612,2024-05-01,3928.14
R.L. Clark Water Treatment Plant,35000841,Utilities / Infrastructure,401612,2024-06-01,1875.41
R.L. Clark Water Treatment Plant,35000841,Utilities / Infrastructure,401612,2024-07-01,1937.92
R.L. Clark Water Treatment Plant,35000841,Utilities / Infrastructure,401612,2024-08-01,1937.92
R.L. Clark Water Treatment Plant,35000841,Utilities / Infrastructure,401612,2024-09-01,1944.8299999999997
R.L. Clark Water Treatment Plant,35000841,Utilities / Infrastructure,401612,2024-10-01,4494.96
R.L. Clark Water Treatment Plant,35000841,Utilities / Infrastructure,401612,2024-11-01,9013.87
R.L. Clark Water Treatment Plant,35000841,Utilities / Infrastructure,401612,2024-12-01,15054.66
Maryvale Library,35000342,Education & Social Services,4421,2024-01-01,1672.05
Maryvale Library,35000342,Education & Social Services,4421,2024-02-01,1412.47
Maryvale Library,35000342,Education & Social Services,4421,2024-03-01,1071.18
Maryvale Library,35000342,Education & Social Services,4421,2024-04-01,410.5
Maryvale Library,35000342,Education & Social Services,4421,2024-05-01,133.84
Maryvale Library,35000342,Education & Social Services,4421,2024-06-01,69.55
Maryvale Library,35000342,Education & Social Services,4421,2024-07-01,24.62
Maryvale Library,35000342,Education & Social Services,4421,2024-08-01,45.62
Maryvale Library,35000342,Education & Social Services,4421,2024-09-01,775.09
Maryvale Library,35000342,Education & Social Services,4421,2024-10-01,1360.72
Maryvale Library,35000342,Education & Social Services,4421,2024-11-01,1232.04
Maryvale Library,35000342,Education & Social Services,4421,2024-12-01,1307.92
McGregor Park Library,35000343,Education & Social Services,7793,2024-01-01,1235.43
McGregor Park Library,35000343,Education & Social Services,7793,2024-02-01,1428.75
McGregor Park Library,35000343,Education & Social Services,7793,2024-03-01,1228.9
McGregor Park Library,35000343,Education & Social Services,7793,2024-04-01,434.6
McGregor Park Library,35000343,Education & Social Services,7793,2024-05-01,166.76
McGregor Park Library,35000343,Education & Social Services,7793,2024-06-01,68.84
McGregor Park Library,35000343,Education & Social Services,7793,2024-07-01,7.38
McGregor Park Library,35000343,Education & Social Services,7793,2024-08-01,62.300000000000004
McGregor Park Library,35000343,Education & Social Services,7793,2024-09-01,89.29
McGregor Park Library,35000343,Education & Social Services,7793,2024-10-01,359.43
McGregor Park Library,35000343,Education & Social Services,7793,2024-11-01,1078.24
McGregor Park Library,35000343,Education & Social Services,7793,2024-12-01,2052.91
Main Street Library,35000340,Education & Social Services,8664,2024-01-01,471.18
Main Street Library,35000340,Education & Social Services,8664,2024-02-01,453.83
Main Street Library,35000340,Education & Social Services,8664,2024-03-01,500.07000000000005
Main Street Library,35000340,Education & Social Services,8664,2024-04-01,273.19
Main Street Library,35000340,Education & Social Services,8664,2024-05-01,33.42
Main Street Library,35000340,Education & Social Services,8664,2024-06-01,20.48
Main Street Library,35000340,Education & Social Services,8664,2024-07-01,0.0
Main Street Library,35000340,Education & Social Services,8664,2024-08-01,4.69
Main Street Library,35000340,Education & Social Services,8664,2024-09-01,12.79
Main Street Library,35000340,Education & Social Services,8664,2024-10-01,202.49
Main Street Library,35000340,Education & Social Services,8664,2024-11-01,436.0
Main Street Library,35000340,Education & Social Services,8664,2024-12-01,1309.98
Maria A Shchuka Library,35000341,Education & Social Services,25475,2024-01-01,5168.38
Maria A Shchuka Library,35000341,Education & Social Services,25475,2024-02-01,11698.63
Maria A Shchuka Library,35000341,Education & Social Services,25475,2024-03-01,3769.4036666666666
Maria A Shchuka Library,35000341,Education & Social Services,25475,2024-04-01,6612.7
Maria A Shchuka Library,35000341,Education & Social Services,25475,2024-05-01,760.21
Maria A Shchuka Library,35000341,Education & Social Services,25475,2024-06-01,2021.38
Maria A Shchuka Library,35000341,Education & Social Services,25475,2024-07-01,604.18
Maria A Shchuka Library,35000341,Education & Social Services,25475,2024-08-01,676.8
Maria A Shchuka Library,35000341,Education & Social Services,25475,2024-09-01,544.46
Maria A Shchuka Library,35000341,Education & Social Services,25475,2024-10-01,2021.0399999999997
Maria A Shchuka Library,35000341,Education & Social Services,25475,2024-11-01,2766.68
Maria A Shchuka Library,35000341,Education & Social Services,25475,2024-12-01,8870.29
Locke Library,35000338,Education & Social Services,11647,2024-01-01,9694.98
Locke Library,35000338,Education & Social Services,11647,2024-02-01,2319.68
Locke Library,35000338,Education & Social Services,11647,2024-03-01,1459.03
Locke Library,35000338,Education & Social Services,11647,2024-04-01,566.88
Locke Library,35000338,Education & Social Services,11647,2024-05-01,0.0
Locke Library,35000338,Education & Social Services,11647,2024-06-01,0.0
Locke Library,35000338,Education & Social Services,11647,2024-07-01,0.0
Locke Library,35000338,Education & Social Services,11647,2024-08-01,0.0
Locke Library,35000338,Education & Social Services,11647,2024-09-01,0.0
Locke Library,35000338,Education & Social Services,11647,2024-10-01,993.9100000000001
Locke Library,35000338,Education & Social Services,11647,2024-11-01,5502.108
Locke Library,35000338,Education & Social Services,11647,2024-12-01,3448.55
Long Branch Library,35000339,Education & Social Services,6418,2024-01-01,2503.14
Long Branch Library,35000339,Education & Social Services,6418,2024-02-01,2044.51
Long Branch Library,35000339,Education & Social Services,6418,2024-03-01,1496.96
Long Branch Library,35000339,Education & Social Services,6418,2024-04-01,1146.32
Long Branch Library,35000339,Education & Social Services,6418,2024-05-01,207.11
Long Branch Library,35000339,Education & Social Services,6418,2024-06-01,83.16
Long Branch Library,35000339,Education & Social Services,6418,2024-07-01,63.010000000000005
Long Branch Library,35000339,Education & Social Services,6418,2024-08-01,15.19
Long Branch Library,35000339,Education & Social Services,6418,2024-09-01,16.44
Long Branch Library,35000339,Education & Social Services,6418,2024-10-01,903.63
Long Branch Library,35000339,Education & Social Services,6418,2024-11-01,1376.33
Long Branch Library,35000339,Education & Social Services,6418,2024-12-01,2499.73
Leaside Library,35000336,Education & Social Services,12000,2024-01-01,5954.14
Leaside Library,35000336,Education & Social Services,12000,2024-02-01,4338.61
Leaside Library,35000336,Education & Social Services,12000,2024-03-01,4401.46
Leaside Library,35000336,Education & Social Services,12000,2024-04-01,2189.93
Leaside Library,35000336,Education & Social Services,12000,2024-05-01,1213.21
Leaside Library,35000336,Education & Social Services,12000,2024-06-01,241.59000000000003
Leaside Library,35000336,Education & Social Services,12000,2024-07-01,319.68
Leaside Library,35000336,Education & Social Services,12000,2024-08-01,186.19
Leaside Library,35000336,Education & Social Services,12000,2024-09-01,178.48
Leaside Library,35000336,Education & Social Services,12000,2024-10-01,474.63
Leaside Library,35000336,Education & Social Services,12000,2024-11-01,2185.64
Leaside Library,35000336,Education & Social Services,12000,2024-12-01,4344.51
Lillian H Smith Library,35000337,Education & Social Services,38935,2024-01-01,17331.82
Lillian H Smith Library,35000337,Education & Social Services,38935,2024-02-01,3415.47
Lillian H Smith Library,35000337,Education & Social Services,38935,2024-03-01,3651.02
Lillian H Smith Library,35000337,Education & Social Services,38935,2024-04-01,3533.25
Lillian H Smith Library,35000337,Education & Social Services,38935,2024-05-01,3651.02
Lillian H Smith Library,35000337,Education & Social Services,38935,2024-06-01,3187.86
Lillian H Smith Library,35000337,Education & Social Services,38935,2024-07-01,82.0
Lillian H Smith Library,35000337,Education & Social Services,38935,2024-08-01,155.71
Lillian H Smith Library,35000337,Education & Social Services,38935,2024-09-01,1082.42
Lillian H Smith Library,35000337,Education & Social Services,38935,2024-10-01,3316.15
Lillian H Smith Library,35000337,Education & Social Services,38935,2024-11-01,14686.25
Lillian H Smith Library,35000337,Education & Social Services,38935,2024-12-01,14135.6
North York Central Library,35000350,Education & Social Services,168022,2024-01-01,29860.56
North York Central Library,35000350,Education & Social Services,168022,2024-02-01,22524.2
North York Central Library,35000350,Education & Social Services,168022,2024-03-01,21092.9
North York Central Library,35000350,Education & Social Services,168022,2024-04-01,12130.49
North York Central Library,35000350,Education & Social Services,168022,2024-05-01,3698.95
North York Central Library,35000350,Education & Social Services,168022,2024-06-01,1555.22
North York Central Library,35000350,Education & Social Services,168022,2024-07-01,1607.62
North York Central Library,35000350,Education & Social Services,168022,2024-08-01,1540.99
North York Central Library,35000350,Education & Social Services,168022,2024-09-01,1819.18
North York Central Library,35000350,Education & Social Services,168022,2024-10-01,8010.409999999999
North York Central Library,35000350,Education & Social Services,168022,2024-11-01,9322.48
North York Central Library,35000350,Education & Social Services,168022,2024-12-01,48364.19
Northern District Library,35000351,Education & Social Services,117452,2024-01-01,29101.35
Northern District Library,35000351,Education & Social Services,117452,2024-02-01,22247.3
Northern District Library,35000351,Education & Social Services,117452,2024-03-01,18365.0
Northern District Library,35000351,Education & Social Services,117452,2024-04-01,16487.0
Northern District Library,35000351,Education & Social Services,117452,2024-05-01,2595.61
Northern District Library,35000351,Education & Social Services,117452,2024-06-01,1205.39
Northern District Library,35000351,Education & Social Services,117452,2024-07-01,212.0
Northern District Library,35000351,Education & Social Services,117452,2024-08-01,819.0
Northern District Library,35000351,Education & Social Services,117452,2024-09-01,1204.73
Northern District Library,35000351,Education & Social Services,117452,2024-10-01,9996.37
Northern District Library,35000351,Education & Social Services,117452,2024-11-01,18576.77
Northern District Library,35000351,Education & Social Services,117452,2024-12-01,25865.18
New Toronto Library,35000348,Education & Social Services,9925,2024-01-01,2783.87
New Toronto Library,35000348,Education & Social Services,9925,2024-02-01,3308.89
New Toronto Library,35000348,Education & Social Services,9925,2024-03-01,2158.79
New Toronto Library,35000348,Education & Social Services,9925,2024-04-01,1244.42
New Toronto Library,35000348,Education & Social Services,9925,2024-05-01,745.81
New Toronto Library,35000348,Education & Social Services,9925,2024-06-01,685.24
New Toronto Library,35000348,Education & Social Services,9925,2024-07-01,315.6
New Toronto Library,35000348,Education & Social Services,9925,2024-08-01,267.88
New Toronto Library,35000348,Education & Social Services,9925,2024-09-01,159.04
New Toronto Library,35000348,Education & Social Services,9925,2024-10-01,1297.82
New Toronto Library,35000348,Education & Social Services,9925,2024-11-01,2035.27
New Toronto Library,35000348,Education & Social Services,9925,2024-12-01,2743.33
North York Admin Services,35000349,Education & Social Services,28000,2024-01-01,4533.25
North York Admin Services,35000349,Education & Social Services,28000,2024-02-01,3789.5300000000007
North York Admin Services,35000349,Education & Social Services,28000,2024-03-01,3821.44
North York Admin Services,35000349,Education & Social Services,28000,2024-04-01,1533.96
North York Admin Services,35000349,Education & Social Services,28000,2024-05-01,225.47
North York Admin Services,35000349,Education & Social Services,28000,2024-06-01,11.87
North York Admin Services,35000349,Education & Social Services,28000,2024-07-01,485.91
North York Admin Services,35000349,Education & Social Services,28000,2024-08-01,117.51
North York Admin Services,35000349,Education & Social Services,28000,2024-09-01,32.11
North York Admin Services,35000349,Education & Social Services,28000,2024-10-01,1615.78
North York Admin Services,35000349,Education & Social Services,28000,2024-11-01,1956.96
North York Admin Services,35000349,Education & Social Services,28000,2024-12-01,4483.82
Mount Dennis Library,35000346,Education & Social Services,11350,2024-01-01,1266.25
Mount Dennis Library,35000346,Education & Social Services,11350,2024-02-01,1503.13
Mount Dennis Library,35000346,Education & Social Services,11350,2024-03-01,301.84
Mount Dennis Library,35000346,Education & Social Services,11350,2024-04-01,334.87
Mount Dennis Library,35000346,Education & Social Services,11350,2024-05-01,19.1
Mount Dennis Library,35000346,Education & Social Services,11350,2024-06-01,47.73
Mount Dennis Library,35000346,Education & Social Services,11350,2024-07-01,65.11
Mount Dennis Library,35000346,Education & Social Services,11350,2024-08-01,67.17
Mount Dennis Library,35000346,Education & Social Services,11350,2024-09-01,62.61000000000001
Mount Dennis Library,35000346,Education & Social Services,11350,2024-10-01,422.7
Mount Dennis Library,35000346,Education & Social Services,11350,2024-11-01,179.01
Mount Dennis Library,35000346,Education & Social Services,11350,2024-12-01,1368.32
Mount Pleasant Library,35000347,Education & Social Services,5829,2024-01-01,1611.13
Mount Pleasant Library,35000347,Education & Social Services,5829,2024-02-01,1866.48
Mount Pleasant Library,35000347,Education & Social Services,5829,2024-03-01,2592.92
Mount Pleasant Library,35000347,Education & Social Services,5829,2024-04-01,379.51
Mount Pleasant Library,35000347,Education & Social Services,5829,2024-05-01,392.16
Mount Pleasant Library,35000347,Education & Social Services,5829,2024-06-01,379.51
Mount Pleasant Library,35000347,Education & Social Services,5829,2024-07-01,287.31
Mount Pleasant Library,35000347,Education & Social Services,5829,2024-08-01,26.82
Mount Pleasant Library,35000347,Education & Social Services,5829,2024-09-01,138.62
Mount Pleasant Library,35000347,Education & Social Services,5829,2024-10-01,494.31
Mount Pleasant Library,35000347,Education & Social Services,5829,2024-11-01,1006.6099999999999
Mount Pleasant Library,35000347,Education & Social Services,5829,2024-12-01,1420.99
Mimico Library,35000344,Education & Social Services,17469,2024-01-01,4897.0
Mimico Library,35000344,Education & Social Services,17469,2024-02-01,5543.79
Mimico Library,35000344,Education & Social Services,17469,2024-03-01,3930.75
Mimico Library,35000344,Education & Social Services,17469,2024-04-01,2614.88
Mimico Library,35000344,Education & Social Services,17469,2024-05-01,658.88
Mimico Library,35000344,Education & Social Services,17469,2024-06-01,58.07
Mimico Library,35000344,Education & Social Services,17469,2024-07-01,24.45
Mimico Library,35000344,Education & Social Services,17469,2024-08-01,6.44
Mimico Library,35000344,Education & Social Services,17469,2024-09-01,21.47
Mimico Library,35000344,Education & Social Services,17469,2024-10-01,1040.39
Mimico Library,35000344,Education & Social Services,17469,2024-11-01,2478.49
Mimico Library,35000344,Education & Social Services,17469,2024-12-01,3705.28
Morningside Library,35000345,Education & Social Services,7000,2024-01-01,1080.61
Morningside Library,35000345,Education & Social Services,7000,2024-02-01,951.88
Morningside Library,35000345,Education & Social Services,7000,2024-03-01,779.33
Morningside Library,35000345,Education & Social Services,7000,2024-04-01,476.85
Morningside Library,35000345,Education & Social Services,7000,2024-05-01,178.39
Morningside Library,35000345,Education & Social Services,7000,2024-06-01,1.45
Morningside Library,35000345,Education & Social Services,7000,2024-07-01,5.06
Morningside Library,35000345,Education & Social Services,7000,2024-08-01,3.61
Morningside Library,35000345,Education & Social Services,7000,2024-09-01,4.78
Morningside Library,35000345,Education & Social Services,7000,2024-10-01,163.15
Morningside Library,35000345,Education & Social Services,7000,2024-11-01,525.35
Morningside Library,35000345,Education & Social Services,7000,2024-12-01,746.31
Guildwood Library,35000326,Education & Social Services,3010,2024-01-01,305.75
Guildwood Library,35000326,Education & Social Services,3010,2024-02-01,187.12
Guildwood Library,35000326,Education & Social Services,3010,2024-03-01,134.36
Guildwood Library,35000326,Education & Social Services,3010,2024-04-01,72.52
Guildwood Library,35000326,Education & Social Services,3010,2024-05-01,3.81
Guildwood Library,35000326,Education & Social Services,3010,2024-06-01,1.51
Guildwood Library,35000326,Education & Social Services,3010,2024-07-01,2.2
Guildwood Library,35000326,Education & Social Services,3010,2024-08-01,2.44
Guildwood Library,35000326,Education & Social Services,3010,2024-09-01,3.3
Guildwood Library,35000326,Education & Social Services,3010,2024-10-01,160.96
Guildwood Library,35000326,Education & Social Services,3010,2024-11-01,322.99
Guildwood Library,35000326,Education & Social Services,3010,2024-12-01,480.77
High Park Library,35000327,Education & Social Services,8850,2024-01-01,3350.09
High Park Library,35000327,Education & Social Services,8850,2024-02-01,2764.12
High Park Library,35000327,Education & Social Services,8850,2024-03-01,2339.3
High Park Library,35000327,Education & Social Services,8850,2024-04-01,1068.62
High Park Library,35000327,Education & Social Services,8850,2024-05-01,42.27
High Park Library,35000327,Education & Social Services,8850,2024-06-01,0.0
High Park Library,35000327,Education & Social Services,8850,2024-07-01,0.0
High Park Library,35000327,Education & Social Services,8850,2024-08-01,0.0
High Park Library,35000327,Education & Social Services,8850,2024-09-01,0.75
High Park Library,35000327,Education & Social Services,8850,2024-10-01,852.01
High Park Library,35000327,Education & Social Services,8850,2024-11-01,1788.63
High Park Library,35000327,Education & Social Services,8850,2024-12-01,3087.41
Gerrard Ashdale Library,35000324,Education & Social Services,6504,2024-01-01,1425.67
Gerrard Ashdale Library,35000324,Education & Social Services,6504,2024-02-01,947.98
Gerrard Ashdale Library,35000324,Education & Social Services,6504,2024-03-01,744.6
Gerrard Ashdale Library,35000324,Education & Social Services,6504,2024-04-01,619.93
Gerrard Ashdale Library,35000324,Education & Social Services,6504,2024-05-01,140.82
Gerrard Ashdale Library,35000324,Education & Social Services,6504,2024-06-01,48.21
Gerrard Ashdale Library,35000324,Education & Social Services,6504,2024-07-01,13.48
Gerrard Ashdale Library,35000324,Education & Social Services,6504,2024-08-01,35.04
Gerrard Ashdale Library,35000324,Education & Social Services,6504,2024-09-01,22.86
Gerrard Ashdale Library,35000324,Education & Social Services,6504,2024-10-01,181.55
Gerrard Ashdale Library,35000324,Education & Social Services,6504,2024-11-01,747.02
Gerrard Ashdale Library,35000324,Education & Social Services,6504,2024-12-01,1310.85
Goldhawk Park Library,35000325,Education & Social Services,8000,2024-01-01,1524.46
Goldhawk Park Library,35000325,Education & Social Services,8000,2024-02-01,2328.09
Goldhawk Park Library,35000325,Education & Social Services,8000,2024-03-01,1894.04
Goldhawk Park Library,35000325,Education & Social Services,8000,2024-04-01,367.98
Goldhawk Park Library,35000325,Education & Social Services,8000,2024-05-01,29.51
Goldhawk Park Library,35000325,Education & Social Services,8000,2024-06-01,131.59
Goldhawk Park Library,35000325,Education & Social Services,8000,2024-07-01,148.38
Goldhawk Park Library,35000325,Education & Social Services,8000,2024-08-01,130.49
Goldhawk Park Library,35000325,Education & Social Services,8000,2024-09-01,115.27
Goldhawk Park Library,35000325,Education & Social Services,8000,2024-10-01,686.56
Goldhawk Park Library,35000325,Education & Social Services,8000,2024-11-01,1555.27
Goldhawk Park Library,35000325,Education & Social Services,8000,2024-12-01,2537.02
Fairview Mall Library,35000322,Education & Social Services,69458,2024-01-01,17131.52
Fairview Mall Library,35000322,Education & Social Services,69458,2024-02-01,9219.21
Fairview Mall Library,35000322,Education & Social Services,69458,2024-03-01,10783.7
Fairview Mall Library,35000322,Education & Social Services,69458,2024-04-01,3333.66
Fairview Mall Library,35000322,Education & Social Services,69458,2024-05-01,3444.78
Fairview Mall Library,35000322,Education & Social Services,69458,2024-06-01,3333.66
Fairview Mall Library,35000322,Education & Social Services,69458,2024-07-01,3444.78
Fairview Mall Library,35000322,Education & Social Services,69458,2024-08-01,3444.78
Fairview Mall Library,35000322,Education & Social Services,69458,2024-09-01,3333.66
Fairview Mall Library,35000322,Education & Social Services,69458,2024-10-01,3444.78
Fairview Mall Library,35000322,Education & Social Services,69458,2024-11-01,9014.71
Fairview Mall Library,35000322,Education & Social Services,69458,2024-12-01,23069.489999999998
Fort York Library,35000323,Education & Social Services,16008,2024-01-01,2061.42
Fort York Library,35000323,Education & Social Services,16008,2024-02-01,1801.93
Fort York Library,35000323,Education & Social Services,16008,2024-03-01,1605.64
Fort York Library,35000323,Education & Social Services,16008,2024-04-01,777.66
Fort York Library,35000323,Education & Social Services,16008,2024-05-01,139.91
Fort York Library,35000323,Education & Social Services,16008,2024-06-01,5.69
Fort York Library,35000323,Education & Social Services,16008,2024-07-01,0.0
Fort York Library,35000323,Education & Social Services,16008,2024-08-01,0.0
Fort York Library,35000323,Education & Social Services,16008,2024-09-01,4.8
Fort York Library,35000323,Education & Social Services,16008,2024-10-01,359.3
Fort York Library,35000323,Education & Social Services,16008,2024-11-01,1483.49
Fort York Library,35000323,Education & Social Services,16008,2024-12-01,2841.41
Elmbrook Park Library,35000320,Education & Social Services,3600,2024-01-01,409.18
Elmbrook Park Library,35000320,Education & Social Services,3600,2024-02-01,449.3
Elmbrook Park Library,35000320,Education & Social Services,3600,2024-03-01,193.89
Elmbrook Park Library,35000320,Education & Social Services,3600,2024-04-01,35.83
Elmbrook Park Library,35000320,Education & Social Services,3600,2024-05-01,37.03
Elmbrook Park Library,35000320,Education & Social Services,3600,2024-06-01,35.83
Elmbrook Park Library,35000320,Education & Social Services,3600,2024-07-01,37.03
Elmbrook Park Library,35000320,Education & Social Services,3600,2024-08-01,37.03
Elmbrook Park Library,35000320,Education & Social Services,3600,2024-09-01,35.83
Elmbrook Park Library,35000320,Education & Social Services,3600,2024-10-01,48.71
Elmbrook Park Library,35000320,Education & Social Services,3600,2024-11-01,56.44
Elmbrook Park Library,35000320,Education & Social Services,3600,2024-12-01,382.39
Evelyn Gregory Library,35000321,Education & Social Services,6200,2024-01-01,1826.32
Evelyn Gregory Library,35000321,Education & Social Services,6200,2024-02-01,1378.46
Evelyn Gregory Library,35000321,Education & Social Services,6200,2024-03-01,1512.68
Evelyn Gregory Library,35000321,Education & Social Services,6200,2024-04-01,930.12
Evelyn Gregory Library,35000321,Education & Social Services,6200,2024-05-01,185.49
Evelyn Gregory Library,35000321,Education & Social Services,6200,2024-06-01,214.63
Evelyn Gregory Library,35000321,Education & Social Services,6200,2024-07-01,75.31
Evelyn Gregory Library,35000321,Education & Social Services,6200,2024-08-01,93.59
Evelyn Gregory Library,35000321,Education & Social Services,6200,2024-09-01,76.91
Evelyn Gregory Library,35000321,Education & Social Services,6200,2024-10-01,690.63
Evelyn Gregory Library,35000321,Education & Social Services,6200,2024-11-01,1437.22
Evelyn Gregory Library,35000321,Education & Social Services,6200,2024-12-01,1760.24
Jones Library,35000334,Education & Social Services,3636,2024-01-01,2355.83
Jones Library,35000334,Education & Social Services,3636,2024-02-01,2838.45
Jones Library,35000334,Education & Social Services,3636,2024-03-01,1284.99
Jones Library,35000334,Education & Social Services,3636,2024-04-01,651.85
Jones Library,35000334,Education & Social Services,3636,2024-05-01,108.54
Jones Library,35000334,Education & Social Services,3636,2024-06-01,159.91
Jones Library,35000334,Education & Social Services,3636,2024-07-01,1.5
Jones Library,35000334,Education & Social Services,3636,2024-08-01,84.68
Jones Library,35000334,Education & Social Services,3636,2024-09-01,149.36
Jones Library,35000334,Education & Social Services,3636,2024-10-01,390.87
Jones Library,35000334,Education & Social Services,3636,2024-11-01,960.97
Jones Library,35000334,Education & Social Services,3636,2024-12-01,1417.46
Kennedy Eglinton Library,35000335,Education & Social Services,6713,2024-01-01,30.0
Kennedy Eglinton Library,35000335,Education & Social Services,6713,2024-02-01,46.71
Kennedy Eglinton Library,35000335,Education & Social Services,6713,2024-03-01,36.58
Kennedy Eglinton Library,35000335,Education & Social Services,6713,2024-04-01,8.72
Kennedy Eglinton Library,35000335,Education & Social Services,6713,2024-05-01,4.65
Kennedy Eglinton Library,35000335,Education & Social Services,6713,2024-06-01,3.5
Kennedy Eglinton Library,35000335,Education & Social Services,6713,2024-07-01,2.8093749999999997
Kennedy Eglinton Library,35000335,Education & Social Services,6713,2024-08-01,1.55
Kennedy Eglinton Library,35000335,Education & Social Services,6713,2024-09-01,1.5
Kennedy Eglinton Library,35000335,Education & Social Services,6713,2024-10-01,41.22
Kennedy Eglinton Library,35000335,Education & Social Services,6713,2024-11-01,47.2
Kennedy Eglinton Library,35000335,Education & Social Services,6713,2024-12-01,40.87
Jane & Dundas Library,35000332,Education & Social Services,11955,2024-01-01,3184.85
Jane & Dundas Library,35000332,Education & Social Services,11955,2024-02-01,3283.05
Jane & Dundas Library,35000332,Education & Social Services,11955,2024-03-01,1990.75
Jane & Dundas Library,35000332,Education & Social Services,11955,2024-04-01,1801.25
Jane & Dundas Library,35000332,Education & Social Services,11955,2024-05-01,373.85
Jane & Dundas Library,35000332,Education & Social Services,11955,2024-06-01,0.0
Jane & Dundas Library,35000332,Education & Social Services,11955,2024-07-01,0.75
Jane & Dundas Library,35000332,Education & Social Services,11955,2024-08-01,1.05
Jane & Dundas Library,35000332,Education & Social Services,11955,2024-09-01,45.29
Jane & Dundas Library,35000332,Education & Social Services,11955,2024-10-01,416.46
Jane & Dundas Library,35000332,Education & Social Services,11955,2024-11-01,1267.91
Jane & Dundas Library,35000332,Education & Social Services,11955,2024-12-01,2929.15
Jane Sheppard Library,35000333,Education & Social Services,7000,2024-01-01,714.2
Jane Sheppard Library,35000333,Education & Social Services,7000,2024-02-01,1491.77
Jane Sheppard Library,35000333,Education & Social Services,7000,2024-03-01,630.24
Jane Sheppard Library,35000333,Education & Social Services,7000,2024-04-01,1136.62
Jane Sheppard Library,35000333,Education & Social Services,7000,2024-05-01,90.18
Jane Sheppard Library,35000333,Education & Social Services,7000,2024-06-01,7.7299999999999995
Jane Sheppard Library,35000333,Education & Social Services,7000,2024-07-01,1.8
Jane Sheppard Library,35000333,Education & Social Services,7000,2024-08-01,0.0
Jane Sheppard Library,35000333,Education & Social Services,7000,2024-09-01,20.16
Jane Sheppard Library,35000333,Education & Social Services,7000,2024-10-01,87.6
Jane Sheppard Library,35000333,Education & Social Services,7000,2024-11-01,13.24
Jane Sheppard Library,35000333,Education & Social Services,7000,2024-12-01,846.9
Humber Bay Library,35000330,Education & Social Services,2400,2024-01-01,472.08
Humber Bay Library,35000330,Education & Social Services,2400,2024-02-01,447.43
Humber Bay Library,35000330,Education & Social Services,2400,2024-03-01,404.37
Humber Bay Library,35000330,Education & Social Services,2400,2024-04-01,231.85
Humber Bay Library,35000330,Education & Social Services,2400,2024-05-01,44.92
Humber Bay Library,35000330,Education & Social Services,2400,2024-06-01,5.87
Humber Bay Library,35000330,Education & Social Services,2400,2024-07-01,3.12
Humber Bay Library,35000330,Education & Social Services,2400,2024-08-01,1.55
Humber Bay Library,35000330,Education & Social Services,2400,2024-09-01,3.84
Humber Bay Library,35000330,Education & Social Services,2400,2024-10-01,96.72
Humber Bay Library,35000330,Education & Social Services,2400,2024-11-01,321.09
Humber Bay Library,35000330,Education & Social Services,2400,2024-12-01,334.85
Humber Summit Library,35000331,Education & Social Services,9040,2024-01-01,695.45
Humber Summit Library,35000331,Education & Social Services,9040,2024-02-01,283.8
Humber Summit Library,35000331,Education & Social Services,9040,2024-03-01,181.37
Humber Summit Library,35000331,Education & Social Services,9040,2024-04-01,15.020000000000001
Humber Summit Library,35000331,Education & Social Services,9040,2024-05-01,0.0
Humber Summit Library,35000331,Education & Social Services,9040,2024-06-01,0.0
Humber Summit Library,35000331,Education & Social Services,9040,2024-07-01,0.0
Humber Summit Library,35000331,Education & Social Services,9040,2024-08-01,0.0
Humber Summit Library,35000331,Education & Social Services,9040,2024-09-01,0.0
Humber Summit Library,35000331,Education & Social Services,9040,2024-10-01,0.0
Humber Summit Library,35000331,Education & Social Services,9040,2024-11-01,0.0
Humber Summit Library,35000331,Education & Social Services,9040,2024-12-01,0.0
Highland Creek Library,35000328,Education & Social Services,7000,2024-01-01,1845.95
Highland Creek Library,35000328,Education & Social Services,7000,2024-02-01,1370.32
Highland Creek Library,35000328,Education & Social Services,7000,2024-03-01,831.29
Highland Creek Library,35000328,Education & Social Services,7000,2024-04-01,289.35
Highland Creek Library,35000328,Education & Social Services,7000,2024-05-01,289.88
Highland Creek Library,35000328,Education & Social Services,7000,2024-06-01,15.740000000000002
Highland Creek Library,35000328,Education & Social Services,7000,2024-07-01,16.28
Highland Creek Library,35000328,Education & Social Services,7000,2024-08-01,16.86
Highland Creek Library,35000328,Education & Social Services,7000,2024-09-01,43.16
Highland Creek Library,35000328,Education & Social Services,7000,2024-10-01,204.84
Highland Creek Library,35000328,Education & Social Services,7000,2024-11-01,521.08
Highland Creek Library,35000328,Education & Social Services,7000,2024-12-01,1662.55
Hillcrest Library,35000329,Education & Social Services,7473,2024-01-01,4298.1
Hillcrest Library,35000329,Education & Social Services,7473,2024-02-01,2867.49
Hillcrest Library,35000329,Education & Social Services,7473,2024-03-01,2998.72
Hillcrest Library,35000329,Education & Social Services,7473,2024-04-01,1481.58
Hillcrest Library,35000329,Education & Social Services,7473,2024-05-01,249.56
Hillcrest Library,35000329,Education & Social Services,7473,2024-06-01,185.22
Hillcrest Library,35000329,Education & Social Services,7473,2024-07-01,156.23
Hillcrest Library,35000329,Education & Social Services,7473,2024-08-01,40.12
Hillcrest Library,35000329,Education & Social Services,7473,2024-09-01,135.36
Hillcrest Library,35000329,Education & Social Services,7473,2024-10-01,1056.48
Hillcrest Library,35000329,Education & Social Services,7473,2024-11-01,2044.8599999999997
Hillcrest Library,35000329,Education & Social Services,7473,2024-12-01,3538.52
Toronto Reference Library,35000374,Education & Social Services,434841,2024-01-01,71851.5
Toronto Reference Library,35000374,Education & Social Services,434841,2024-02-01,56255.96
Toronto Reference Library,35000374,Education & Social Services,434841,2024-03-01,49792.55
Toronto Reference Library,35000374,Education & Social Services,434841,2024-04-01,36716.05
Toronto Reference Library,35000374,Education & Social Services,434841,2024-05-01,3962.08
Toronto Reference Library,35000374,Education & Social Services,434841,2024-06-01,933.18
Toronto Reference Library,35000374,Education & Social Services,434841,2024-07-01,1287.2
Toronto Reference Library,35000374,Education & Social Services,434841,2024-08-01,1176.44
Toronto Reference Library,35000374,Education & Social Services,434841,2024-09-01,1082.44
Toronto Reference Library,35000374,Education & Social Services,434841,2024-10-01,20616.81
Toronto Reference Library,35000374,Education & Social Services,434841,2024-11-01,39563.64
Toronto Reference Library,35000374,Education & Social Services,434841,2024-12-01,68682.2
Victoria Village Library,35000375,Education & Social Services,5383,2024-01-01,2392.81
Victoria Village Library,35000375,Education & Social Services,5383,2024-02-01,1822.98
Victoria Village Library,35000375,Education & Social Services,5383,2024-03-01,1469.01
Victoria Village Library,35000375,Education & Social Services,5383,2024-04-01,772.04
Victoria Village Library,35000375,Education & Social Services,5383,2024-05-01,102.3
Victoria Village Library,35000375,Education & Social Services,5383,2024-06-01,0.0
Victoria Village Library,35000375,Education & Social Services,5383,2024-07-01,0.0
Victoria Village Library,35000375,Education & Social Services,5383,2024-08-01,0.0
Victoria Village Library,35000375,Education & Social Services,5383,2024-09-01,1.0
Victoria Village Library,35000375,Education & Social Services,5383,2024-10-01,340.39
Victoria Village Library,35000375,Education & Social Services,5383,2024-11-01,1230.88
Victoria Village Library,35000375,Education & Social Services,5383,2024-12-01,2096.46
Taylor Memorial Library,35000372,Education & Social Services,5000,2024-01-01,2015.8700000000001
Taylor Memorial Library,35000372,Education & Social Services,5000,2024-02-01,1981.41
Taylor Memorial Library,35000372,Education & Social Services,5000,2024-03-01,1784.52
Taylor Memorial Library,35000372,Education & Social Services,5000,2024-04-01,948.99
Taylor Memorial Library,35000372,Education & Social Services,5000,2024-05-01,295.5
Taylor Memorial Library,35000372,Education & Social Services,5000,2024-06-01,172.74
Taylor Memorial Library,35000372,Education & Social Services,5000,2024-07-01,3.0
Taylor Memorial Library,35000372,Education & Social Services,5000,2024-08-01,124.73999999999998
Taylor Memorial Library,35000372,Education & Social Services,5000,2024-09-01,181.37
Taylor Memorial Library,35000372,Education & Social Services,5000,2024-10-01,394.49
Taylor Memorial Library,35000372,Education & Social Services,5000,2024-11-01,1373.59
Taylor Memorial Library,35000372,Education & Social Services,5000,2024-12-01,1528.11
Thorncliffe Library,35000373,Education & Social Services,11034,2024-01-01,1406.59
Thorncliffe Library,35000373,Education & Social Services,11034,2024-02-01,731.66
Thorncliffe Library,35000373,Education & Social Services,11034,2024-03-01,467.6
Thorncliffe Library,35000373,Education & Social Services,11034,2024-04-01,220.65
Thorncliffe Library,35000373,Education & Social Services,11034,2024-05-01,147.1
Thorncliffe Library,35000373,Education & Social Services,11034,2024-06-01,0.0
Thorncliffe Library,35000373,Education & Social Services,11034,2024-07-01,0.0
Thorncliffe Library,35000373,Education & Social Services,11034,2024-08-01,6.68
Thorncliffe Library,35000373,Education & Social Services,11034,2024-09-01,10.7
Thorncliffe Library,35000373,Education & Social Services,11034,2024-10-01,76.69
Thorncliffe Library,35000373,Education & Social Services,11034,2024-11-01,493.86
Thorncliffe Library,35000373,Education & Social Services,11034,2024-12-01,1607.82
Steeles Library,35000371,Education & Social Services,5509,2024-01-01,1036.6
Steeles Library,35000371,Education & Social Services,5509,2024-02-01,933.2900000000001
Steeles Library,35000371,Education & Social Services,5509,2024-03-01,469.15
Steeles Library,35000371,Education & Social Services,5509,2024-04-01,167.5
Steeles Library,35000371,Education & Social Services,5509,2024-05-01,81.32
Steeles Library,35000371,Education & Social Services,5509,2024-06-01,24.43
Steeles Library,35000371,Education & Social Services,5509,2024-07-01,0.0
Steeles Library,35000371,Education & Social Services,5509,2024-08-01,9.81
Steeles Library,35000371,Education & Social Services,5509,2024-09-01,92.19
Steeles Library,35000371,Education & Social Services,5509,2024-10-01,223.12
Steeles Library,35000371,Education & Social Services,5509,2024-11-01,925.16
Steeles Library,35000371,Education & Social Services,5509,2024-12-01,1428.05
Spadina Road Library,35000368,Education & Social Services,3952,2024-01-01,1770.45
Spadina Road Library,35000368,Education & Social Services,3952,2024-02-01,1605.65
Spadina Road Library,35000368,Education & Social Services,3952,2024-03-01,1351.03
Spadina Road Library,35000368,Education & Social Services,3952,2024-04-01,817.99
Spadina Road Library,35000368,Education & Social Services,3952,2024-05-01,306.4
Spadina Road Library,35000368,Education & Social Services,3952,2024-06-01,17.02
Spadina Road Library,35000368,Education & Social Services,3952,2024-07-01,17.58
Spadina Road Library,35000368,Education & Social Services,3952,2024-08-01,17.58
Spadina Road Library,35000368,Education & Social Services,3952,2024-09-01,24.11
Spadina Road Library,35000368,Education & Social Services,3952,2024-10-01,261.11
Spadina Road Library,35000368,Education & Social Services,3952,2024-11-01,753.16
Spadina Road Library,35000368,Education & Social Services,3952,2024-12-01,1431.38
St Clair Silverthorn Library,35000369,Education & Social Services,4587,2024-01-01,1298.39
St Clair Silverthorn Library,35000369,Education & Social Services,4587,2024-02-01,1105.72
St Clair Silverthorn Library,35000369,Education & Social Services,4587,2024-03-01,900.95
St Clair Silverthorn Library,35000369,Education & Social Services,4587,2024-04-01,473.28
St Clair Silverthorn Library,35000369,Education & Social Services,4587,2024-05-01,107.61
St Clair Silverthorn Library,35000369,Education & Social Services,4587,2024-06-01,39.54
St Clair Silverthorn Library,35000369,Education & Social Services,4587,2024-07-01,14.78
St Clair Silverthorn Library,35000369,Education & Social Services,4587,2024-08-01,10.88
St Clair Silverthorn Library,35000369,Education & Social Services,4587,2024-09-01,19.62
St Clair Silverthorn Library,35000369,Education & Social Services,4587,2024-10-01,180.46
St Clair Silverthorn Library,35000369,Education & Social Services,4587,2024-11-01,583.58
St Clair Silverthorn Library,35000369,Education & Social Services,4587,2024-12-01,829.68
York Woods Library,35000380,Education & Social Services,42176,2024-01-01,6459.03
York Woods Library,35000380,Education & Social Services,42176,2024-02-01,4602.62
York Woods Library,35000380,Education & Social Services,42176,2024-03-01,3880.97
York Woods Library,35000380,Education & Social Services,42176,2024-04-01,2447.69
York Woods Library,35000380,Education & Social Services,42176,2024-05-01,843.93
York Woods Library,35000380,Education & Social Services,42176,2024-06-01,287.76
York Woods Library,35000380,Education & Social Services,42176,2024-07-01,42.3
York Woods Library,35000380,Education & Social Services,42176,2024-08-01,195.32
York Woods Library,35000380,Education & Social Services,42176,2024-09-01,608.69
York Woods Library,35000380,Education & Social Services,42176,2024-10-01,1833.47
York Woods Library,35000380,Education & Social Services,42176,2024-11-01,3523.35
York Woods Library,35000380,Education & Social Services,42176,2024-12-01,5892.68
Yorkville Library,35000381,Education & Social Services,9053,2024-01-01,2926.44
Yorkville Library,35000381,Education & Social Services,9053,2024-02-01,946.8900000000001
Yorkville Library,35000381,Education & Social Services,9053,2024-03-01,2277.45
Yorkville Library,35000381,Education & Social Services,9053,2024-04-01,1052.5
Yorkville Library,35000381,Education & Social Services,9053,2024-05-01,273.44
Yorkville Library,35000381,Education & Social Services,9053,2024-06-01,105.59
Yorkville Library,35000381,Education & Social Services,9053,2024-07-01,5.41
Yorkville Library,35000381,Education & Social Services,9053,2024-08-01,24.6
Yorkville Library,35000381,Education & Social Services,9053,2024-09-01,317.32
Yorkville Library,35000381,Education & Social Services,9053,2024-10-01,987.87
Yorkville Library,35000381,Education & Social Services,9053,2024-11-01,1381.07
Yorkville Library,35000381,Education & Social Services,9053,2024-12-01,1974.29
Woodview Park Library,35000378,Education & Social Services,6658,2024-01-01,738.77
Woodview Park Library,35000378,Education & Social Services,6658,2024-02-01,614.13
Woodview Park Library,35000378,Education & Social Services,6658,2024-03-01,406.32
Woodview Park Library,35000378,Education & Social Services,6658,2024-04-01,149.67
Woodview Park Library,35000378,Education & Social Services,6658,2024-05-01,65.59
Woodview Park Library,35000378,Education & Social Services,6658,2024-06-01,13.85
Woodview Park Library,35000378,Education & Social Services,6658,2024-07-01,0.25
Woodview Park Library,35000378,Education & Social Services,6658,2024-08-01,0.0
Woodview Park Library,35000378,Education & Social Services,6658,2024-09-01,0.0
Woodview Park Library,35000378,Education & Social Services,6658,2024-10-01,125.39
Woodview Park Library,35000378,Education & Social Services,6658,2024-11-01,341.7
Woodview Park Library,35000378,Education & Social Services,6658,2024-12-01,665.22
Wychwood Library,35000379,Education & Social Services,6381,2024-01-01,3811.04
Wychwood Library,35000379,Education & Social Services,6381,2024-02-01,2281.68
Wychwood Library,35000379,Education & Social Services,6381,2024-03-01,2365.74
Wychwood Library,35000379,Education & Social Services,6381,2024-04-01,1221.59
Wychwood Library,35000379,Education & Social Services,6381,2024-05-01,325.68
Wychwood Library,35000379,Education & Social Services,6381,2024-06-01,132.29
Wychwood Library,35000379,Education & Social Services,6381,2024-07-01,37.66
Wychwood Library,35000379,Education & Social Services,6381,2024-08-01,30.59
Wychwood Library,35000379,Education & Social Services,6381,2024-09-01,61.290000000000006
Wychwood Library,35000379,Education & Social Services,6381,2024-10-01,633.21
Wychwood Library,35000379,Education & Social Services,6381,2024-11-01,1435.26
Wychwood Library,35000379,Education & Social Services,6381,2024-12-01,2583.38
Weston Library,35000376,Education & Social Services,11944,2024-01-01,1658.79
Weston Library,35000376,Education & Social Services,11944,2024-02-01,1706.88
Weston Library,35000376,Education & Social Services,11944,2024-03-01,1460.14
Weston Library,35000376,Education & Social Services,11944,2024-04-01,1128.98
Weston Library,35000376,Education & Social Services,11944,2024-05-01,259.86
Weston Library,35000376,Education & Social Services,11944,2024-06-01,302.18
Weston Library,35000376,Education & Social Services,11944,2024-07-01,43.99
Weston Library,35000376,Education & Social Services,11944,2024-08-01,182.08
Weston Library,35000376,Education & Social Services,11944,2024-09-01,129.85
Weston Library,35000376,Education & Social Services,11944,2024-10-01,630.15
Weston Library,35000376,Education & Social Services,11944,2024-11-01,1136.24
Weston Library,35000376,Education & Social Services,11944,2024-12-01,1445.38
Woodside Square Library,35000377,Education & Social Services,9792,2024-01-01,2138.21
Woodside Square Library,35000377,Education & Social Services,9792,2024-02-01,2132.87
Woodside Square Library,35000377,Education & Social Services,9792,2024-03-01,2244.12
Woodside Square Library,35000377,Education & Social Services,9792,2024-04-01,1647.5
Woodside Square Library,35000377,Education & Social Services,9792,2024-05-01,731.98
Woodside Square Library,35000377,Education & Social Services,9792,2024-06-01,306.45
Woodside Square Library,35000377,Education & Social Services,9792,2024-07-01,218.23
Woodside Square Library,35000377,Education & Social Services,9792,2024-08-01,298.62
Woodside Square Library,35000377,Education & Social Services,9792,2024-09-01,539.38
Woodside Square Library,35000377,Education & Social Services,9792,2024-10-01,1052.03
Woodside Square Library,35000377,Education & Social Services,9792,2024-11-01,2079.86
Woodside Square Library,35000377,Education & Social Services,9792,2024-12-01,1656.61
Parliament Library,35000358,Education & Social Services,14634,2024-01-01,3864.18
Parliament Library,35000358,Education & Social Services,14634,2024-02-01,2662.14
Parliament Library,35000358,Education & Social Services,14634,2024-03-01,1515.38
Parliament Library,35000358,Education & Social Services,14634,2024-04-01,1125.78
Parliament Library,35000358,Education & Social Services,14634,2024-05-01,60.84
Parliament Library,35000358,Education & Social Services,14634,2024-06-01,30.979999999999997
Parliament Library,35000358,Education & Social Services,14634,2024-07-01,27.47
Parliament Library,35000358,Education & Social Services,14634,2024-08-01,17.91
Parliament Library,35000358,Education & Social Services,14634,2024-09-01,34.31
Parliament Library,35000358,Education & Social Services,14634,2024-10-01,629.65
Parliament Library,35000358,Education & Social Services,14634,2024-11-01,1538.72
Parliament Library,35000358,Education & Social Services,14634,2024-12-01,3412.2968181818183
Perth Dupont Library,35000359,Education & Social Services,3627,2024-01-01,849.74
Perth Dupont Library,35000359,Education & Social Services,3627,2024-02-01,758.25
Perth Dupont Library,35000359,Education & Social Services,3627,2024-03-01,609.84
Perth Dupont Library,35000359,Education & Social Services,3627,2024-04-01,200.54
Perth Dupont Library,35000359,Education & Social Services,3627,2024-05-01,77.33
Perth Dupont Library,35000359,Education & Social Services,3627,2024-06-01,75.51
Perth Dupont Library,35000359,Education & Social Services,3627,2024-07-01,25.98
Perth Dupont Library,35000359,Education & Social Services,3627,2024-08-01,3.6
Perth Dupont Library,35000359,Education & Social Services,3627,2024-09-01,4.5
Perth Dupont Library,35000359,Education & Social Services,3627,2024-10-01,164.23
Perth Dupont Library,35000359,Education & Social Services,3627,2024-11-01,508.18
Perth Dupont Library,35000359,Education & Social Services,3627,2024-12-01,926.95
Pape Danforth Library,35000356,Education & Social Services,8175,2024-01-01,2583.14
Pape Danforth Library,35000356,Education & Social Services,8175,2024-02-01,2141.03
Pape Danforth Library,35000356,Education & Social Services,8175,2024-03-01,1667.22
Pape Danforth Library,35000356,Education & Social Services,8175,2024-04-01,891.4
Pape Danforth Library,35000356,Education & Social Services,8175,2024-05-01,246.34
Pape Danforth Library,35000356,Education & Social Services,8175,2024-06-01,229.38
Pape Danforth Library,35000356,Education & Social Services,8175,2024-07-01,7.0
Pape Danforth Library,35000356,Education & Social Services,8175,2024-08-01,54.8
Pape Danforth Library,35000356,Education & Social Services,8175,2024-09-01,94.49
Pape Danforth Library,35000356,Education & Social Services,8175,2024-10-01,425.08
Pape Danforth Library,35000356,Education & Social Services,8175,2024-11-01,1253.75
Pape Danforth Library,35000356,Education & Social Services,8175,2024-12-01,1921.3
Parkdale Library,35000357,Education & Social Services,24083,2024-01-01,5714.91
Parkdale Library,35000357,Education & Social Services,24083,2024-02-01,4538.63
Parkdale Library,35000357,Education & Social Services,24083,2024-03-01,3768.95
Parkdale Library,35000357,Education & Social Services,24083,2024-04-01,2085.28
Parkdale Library,35000357,Education & Social Services,24083,2024-05-01,459.3
Parkdale Library,35000357,Education & Social Services,24083,2024-06-01,112.33
Parkdale Library,35000357,Education & Social Services,24083,2024-07-01,0.0
Parkdale Library,35000357,Education & Social Services,24083,2024-08-01,217.92
Parkdale Library,35000357,Education & Social Services,24083,2024-09-01,129.08
Parkdale Library,35000357,Education & Social Services,24083,2024-10-01,1383.12
Parkdale Library,35000357,Education & Social Services,24083,2024-11-01,2908.5
Parkdale Library,35000357,Education & Social Services,24083,2024-12-01,5073.75
Oakwood Village Library,35000354,Education & Social Services,17270,2024-01-01,2462.66
Oakwood Village Library,35000354,Education & Social Services,17270,2024-02-01,1290.64
Oakwood Village Library,35000354,Education & Social Services,17270,2024-03-01,995.4499999999999
Oakwood Village Library,35000354,Education & Social Services,17270,2024-04-01,494.54999999999995
Oakwood Village Library,35000354,Education & Social Services,17270,2024-05-01,55.28
Oakwood Village Library,35000354,Education & Social Services,17270,2024-06-01,20.37
Oakwood Village Library,35000354,Education & Social Services,17270,2024-07-01,37.12
Oakwood Village Library,35000354,Education & Social Services,17270,2024-08-01,33.11
Oakwood Village Library,35000354,Education & Social Services,17270,2024-09-01,37.64
Oakwood Village Library,35000354,Education & Social Services,17270,2024-10-01,573.64
Oakwood Village Library,35000354,Education & Social Services,17270,2024-11-01,1296.33
Oakwood Village Library,35000354,Education & Social Services,17270,2024-12-01,1399.08
Northern Elms Library,35000352,Education & Social Services,3936,2024-01-01,1107.02
Northern Elms Library,35000352,Education & Social Services,3936,2024-02-01,782.28
Northern Elms Library,35000352,Education & Social Services,3936,2024-03-01,564.29
Northern Elms Library,35000352,Education & Social Services,3936,2024-04-01,191.56
Northern Elms Library,35000352,Education & Social Services,3936,2024-05-01,101.3
Northern Elms Library,35000352,Education & Social Services,3936,2024-06-01,22.39
Northern Elms Library,35000352,Education & Social Services,3936,2024-07-01,4.72
Northern Elms Library,35000352,Education & Social Services,3936,2024-08-01,10.23
Northern Elms Library,35000352,Education & Social Services,3936,2024-09-01,12.0
Northern Elms Library,35000352,Education & Social Services,3936,2024-10-01,112.4
Northern Elms Library,35000352,Education & Social Services,3936,2024-11-01,624.4
Northern Elms Library,35000352,Education & Social Services,3936,2024-12-01,1020.1
Sanderson Library,35000366,Education & Social Services,12702,2024-01-01,1838.87
Sanderson Library,35000366,Education & Social Services,12702,2024-02-01,1769.59
Sanderson Library,35000366,Education & Social Services,12702,2024-03-01,1315.31
Sanderson Library,35000366,Education & Social Services,12702,2024-04-01,368.86
Sanderson Library,35000366,Education & Social Services,12702,2024-05-01,56.3
Sanderson Library,35000366,Education & Social Services,12702,2024-06-01,23.13
Sanderson Library,35000366,Education & Social Services,12702,2024-07-01,0.0
Sanderson Library,35000366,Education & Social Services,12702,2024-08-01,14.38
Sanderson Library,35000366,Education & Social Services,12702,2024-09-01,102.62
Sanderson Library,35000366,Education & Social Services,12702,2024-10-01,296.0
Sanderson Library,35000366,Education & Social Services,12702,2024-11-01,264.82
Sanderson Library,35000366,Education & Social Services,12702,2024-12-01,2864.22
Scarborough Civic Centre Library,35000367,Education & Social Services,14500,2024-01-01,5589.11
Scarborough Civic Centre Library,35000367,Education & Social Services,14500,2024-02-01,4474.99
Scarborough Civic Centre Library,35000367,Education & Social Services,14500,2024-03-01,2747.25
Scarborough Civic Centre Library,35000367,Education & Social Services,14500,2024-04-01,2509.51
Scarborough Civic Centre Library,35000367,Education & Social Services,14500,2024-05-01,874.78
Scarborough Civic Centre Library,35000367,Education & Social Services,14500,2024-06-01,797.59
Scarborough Civic Centre Library,35000367,Education & Social Services,14500,2024-07-01,768.35
Scarborough Civic Centre Library,35000367,Education & Social Services,14500,2024-08-01,101.78
Scarborough Civic Centre Library,35000367,Education & Social Services,14500,2024-09-01,161.18
Scarborough Civic Centre Library,35000367,Education & Social Services,14500,2024-10-01,1871.04
Scarborough Civic Centre Library,35000367,Education & Social Services,14500,2024-11-01,2640.32
Scarborough Civic Centre Library,35000367,Education & Social Services,14500,2024-12-01,5134.22
Runnymede Library,35000364,Education & Social Services,12034,2024-01-01,4857.92
Runnymede Library,35000364,Education & Social Services,12034,2024-02-01,3553.46
Runnymede Library,35000364,Education & Social Services,12034,2024-03-01,3057.7
Runnymede Library,35000364,Education & Social Services,12034,2024-04-01,1586.9
Runnymede Library,35000364,Education & Social Services,12034,2024-05-01,221.89
Runnymede Library,35000364,Education & Social Services,12034,2024-06-01,53.04
Runnymede Library,35000364,Education & Social Services,12034,2024-07-01,0.0
Runnymede Library,35000364,Education & Social Services,12034,2024-08-01,0.0
Runnymede Library,35000364,Education & Social Services,12034,2024-09-01,0.0
Runnymede Library,35000364,Education & Social Services,12034,2024-10-01,69.93
Runnymede Library,35000364,Education & Social Services,12034,2024-11-01,191.1
Runnymede Library,35000364,Education & Social Services,12034,2024-12-01,3819.5
S Walter Stewart Library,35000365,Education & Social Services,25847,2024-01-01,5120.65
S Walter Stewart Library,35000365,Education & Social Services,25847,2024-02-01,3996.14
S Walter Stewart Library,35000365,Education & Social Services,25847,2024-03-01,4295.21
S Walter Stewart Library,35000365,Education & Social Services,25847,2024-04-01,1849.38
S Walter Stewart Library,35000365,Education & Social Services,25847,2024-05-01,930.69
S Walter Stewart Library,35000365,Education & Social Services,25847,2024-06-01,107.7
S Walter Stewart Library,35000365,Education & Social Services,25847,2024-07-01,86.13
S Walter Stewart Library,35000365,Education & Social Services,25847,2024-08-01,33.28
S Walter Stewart Library,35000365,Education & Social Services,25847,2024-09-01,46.99
S Walter Stewart Library,35000365,Education & Social Services,25847,2024-10-01,523.72
S Walter Stewart Library,35000365,Education & Social Services,25847,2024-11-01,1771.44
S Walter Stewart Library,35000365,Education & Social Services,25847,2024-12-01,3575.89
Richview Library,35000362,Education & Social Services,47252,2024-01-01,2684.23
Richview Library,35000362,Education & Social Services,47252,2024-02-01,3565.14
Richview Library,35000362,Education & Social Services,47252,2024-03-01,5120.27
Richview Library,35000362,Education & Social Services,47252,2024-04-01,3248.51
Richview Library,35000362,Education & Social Services,47252,2024-05-01,303.46
Richview Library,35000362,Education & Social Services,47252,2024-06-01,66.33
Richview Library,35000362,Education & Social Services,47252,2024-07-01,20.5
Richview Library,35000362,Education & Social Services,47252,2024-08-01,30.4
Richview Library,35000362,Education & Social Services,47252,2024-09-01,94.29
Richview Library,35000362,Education & Social Services,47252,2024-10-01,572.28
Richview Library,35000362,Education & Social Services,47252,2024-11-01,2323.64
Richview Library,35000362,Education & Social Services,47252,2024-12-01,4930.39
Riverdale Library,35000363,Education & Social Services,9658,2024-01-01,3503.62
Riverdale Library,35000363,Education & Social Services,9658,2024-02-01,1548.76
Riverdale Library,35000363,Education & Social Services,9658,2024-03-01,2272.15
Riverdale Library,35000363,Education & Social Services,9658,2024-04-01,952.81
Riverdale Library,35000363,Education & Social Services,9658,2024-05-01,141.8
Riverdale Library,35000363,Education & Social Services,9658,2024-06-01,257.88
Riverdale Library,35000363,Education & Social Services,9658,2024-07-01,99.83
Riverdale Library,35000363,Education & Social Services,9658,2024-08-01,191.09
Riverdale Library,35000363,Education & Social Services,9658,2024-09-01,228.09
Riverdale Library,35000363,Education & Social Services,9658,2024-10-01,432.08
Riverdale Library,35000363,Education & Social Services,9658,2024-11-01,1616.45
Riverdale Library,35000363,Education & Social Services,9658,2024-12-01,4620.92
Pleasant View Library,35000360,Education & Social Services,7000,2024-01-01,2789.21
Pleasant View Library,35000360,Education & Social Services,7000,2024-02-01,1787.56
Pleasant View Library,35000360,Education & Social Services,7000,2024-03-01,2218.29
Pleasant View Library,35000360,Education & Social Services,7000,2024-04-01,977.3600000000001
Pleasant View Library,35000360,Education & Social Services,7000,2024-05-01,470.58
Pleasant View Library,35000360,Education & Social Services,7000,2024-06-01,8.64
Pleasant View Library,35000360,Education & Social Services,7000,2024-07-01,23.17
Pleasant View Library,35000360,Education & Social Services,7000,2024-08-01,7.822333333333334
Pleasant View Library,35000360,Education & Social Services,7000,2024-09-01,47.31
Pleasant View Library,35000360,Education & Social Services,7000,2024-10-01,659.63
Pleasant View Library,35000360,Education & Social Services,7000,2024-11-01,1497.56
Pleasant View Library,35000360,Education & Social Services,7000,2024-12-01,2447.71
Rexdale Library,35000361,Education & Social Services,5088,2024-01-01,677.54
Rexdale Library,35000361,Education & Social Services,5088,2024-02-01,883.3
Rexdale Library,35000361,Education & Social Services,5088,2024-03-01,529.65
Rexdale Library,35000361,Education & Social Services,5088,2024-04-01,97.65
Rexdale Library,35000361,Education & Social Services,5088,2024-05-01,48.64
Rexdale Library,35000361,Education & Social Services,5088,2024-06-01,17.26
Rexdale Library,35000361,Education & Social Services,5088,2024-07-01,0.0
Rexdale Library,35000361,Education & Social Services,5088,2024-08-01,8.07
Rexdale Library,35000361,Education & Social Services,5088,2024-09-01,9.54
Rexdale Library,35000361,Education & Social Services,5088,2024-10-01,212.49
Rexdale Library,35000361,Education & Social Services,5088,2024-11-01,726.36
Rexdale Library,35000361,Education & Social Services,5088,2024-12-01,1267.25
5800 Yonge St,35000436,Other-Public Services,84366,2024-01-01,7554.22
5800 Yonge St,35000436,Other-Public Services,84366,2024-02-01,11381.23
5800 Yonge St,35000436,Other-Public Services,84366,2024-03-01,8646.7
5800 Yonge St,35000436,Other-Public Services,84366,2024-04-01,3304.09
5800 Yonge St,35000436,Other-Public Services,84366,2024-05-01,3252.5
5800 Yonge St,35000436,Other-Public Services,84366,2024-06-01,1290.46
5800 Yonge St,35000436,Other-Public Services,84366,2024-07-01,2007.4800000000002
5800 Yonge St,35000436,Other-Public Services,84366,2024-08-01,1958.53
5800 Yonge St,35000436,Other-Public Services,84366,2024-09-01,2688.1
5800 Yonge St,35000436,Other-Public Services,84366,2024-10-01,3181.03
5800 Yonge St,35000436,Other-Public Services,84366,2024-11-01,414.25
5800 Yonge St,35000436,Other-Public Services,84366,2024-12-01,9282.52
7 Wardlaw Cres,35000437,Other-Public Services,1470,2024-01-01,270.12
7 Wardlaw Cres,35000437,Other-Public Services,1470,2024-02-01,179.12
7 Wardlaw Cres,35000437,Other-Public Services,1470,2024-03-01,163.24
7 Wardlaw Cres,35000437,Other-Public Services,1470,2024-04-01,116.32
7 Wardlaw Cres,35000437,Other-Public Services,1470,2024-05-01,28.57
7 Wardlaw Cres,35000437,Other-Public Services,1470,2024-06-01,2.49
7 Wardlaw Cres,35000437,Other-Public Services,1470,2024-07-01,2.48
7 Wardlaw Cres,35000437,Other-Public Services,1470,2024-08-01,1.28
7 Wardlaw Cres,35000437,Other-Public Services,1470,2024-09-01,1.55
7 Wardlaw Cres,35000437,Other-Public Services,1470,2024-10-01,48.1
7 Wardlaw Cres,35000437,Other-Public Services,1470,2024-11-01,133.82
7 Wardlaw Cres,35000437,Other-Public Services,1470,2024-12-01,209.13
233 Carlton St (Drop-in Centre),35000434,Other-Public Services,12754,2024-01-01,2642.93
233 Carlton St (Drop-in Centre),35000434,Other-Public Services,12754,2024-02-01,2044.5900000000001
233 Carlton St (Drop-in Centre),35000434,Other-Public Services,12754,2024-03-01,1625.79
233 Carlton St (Drop-in Centre),35000434,Other-Public Services,12754,2024-04-01,871.43
233 Carlton St (Drop-in Centre),35000434,Other-Public Services,12754,2024-05-01,751.19
233 Carlton St (Drop-in Centre),35000434,Other-Public Services,12754,2024-06-01,311.7
233 Carlton St (Drop-in Centre),35000434,Other-Public Services,12754,2024-07-01,319.47
233 Carlton St (Drop-in Centre),35000434,Other-Public Services,12754,2024-08-01,314.22
233 Carlton St (Drop-in Centre),35000434,Other-Public Services,12754,2024-09-01,309.03
233 Carlton St (Drop-in Centre),35000434,Other-Public Services,12754,2024-10-01,503.73
233 Carlton St (Drop-in Centre),35000434,Other-Public Services,12754,2024-11-01,1053.6
233 Carlton St (Drop-in Centre),35000434,Other-Public Services,12754,2024-12-01,1058.7
Birkdale Residence,35000445,Other-Public Services,35692,2024-01-01,11853.0
Birkdale Residence,35000445,Other-Public Services,35692,2024-02-01,9017.79
Birkdale Residence,35000445,Other-Public Services,35692,2024-03-01,8401.79
Birkdale Residence,35000445,Other-Public Services,35692,2024-04-01,7828.939999999999
Birkdale Residence,35000445,Other-Public Services,35692,2024-05-01,4424.73
Birkdale Residence,35000445,Other-Public Services,35692,2024-06-01,3573.45
Birkdale Residence,35000445,Other-Public Services,35692,2024-07-01,4078.74
Birkdale Residence,35000445,Other-Public Services,35692,2024-08-01,4112.31
Birkdale Residence,35000445,Other-Public Services,35692,2024-09-01,3631.33
Birkdale Residence,35000445,Other-Public Services,35692,2024-10-01,4808.39
Birkdale Residence,35000445,Other-Public Services,35692,2024-11-01,4318.06
Birkdale Residence,35000445,Other-Public Services,35692,2024-12-01,5455.89
Asquith Green Social Housing,35000442,Other-Public Services,6329,2024-01-01,2988.63
Asquith Green Social Housing,35000442,Other-Public Services,6329,2024-02-01,2467.57
Asquith Green Social Housing,35000442,Other-Public Services,6329,2024-03-01,2125.59
Asquith Green Social Housing,35000442,Other-Public Services,6329,2024-04-01,1224.87
Asquith Green Social Housing,35000442,Other-Public Services,6329,2024-05-01,184.33
Asquith Green Social Housing,35000442,Other-Public Services,6329,2024-06-01,285.05
Asquith Green Social Housing,35000442,Other-Public Services,6329,2024-07-01,299.67
Asquith Green Social Housing,35000442,Other-Public Services,6329,2024-08-01,265.53
Asquith Green Social Housing,35000442,Other-Public Services,6329,2024-09-01,190.13
Asquith Green Social Housing,35000442,Other-Public Services,6329,2024-10-01,550.01
Asquith Green Social Housing,35000442,Other-Public Services,6329,2024-11-01,953.16
Asquith Green Social Housing,35000442,Other-Public Services,6329,2024-12-01,1165.84
Assessment & Referral Ctr,35000443,Other-Public Services,11780,2024-01-01,0.0
Assessment & Referral Ctr,35000443,Other-Public Services,11780,2024-02-01,0.0
Assessment & Referral Ctr,35000443,Other-Public Services,11780,2024-03-01,326.83
Assessment & Referral Ctr,35000443,Other-Public Services,11780,2024-04-01,1774.17
Assessment & Referral Ctr,35000443,Other-Public Services,11780,2024-05-01,868.1
Assessment & Referral Ctr,35000443,Other-Public Services,11780,2024-06-01,840.9
Assessment & Referral Ctr,35000443,Other-Public Services,11780,2024-07-01,868.1
Assessment & Referral Ctr,35000443,Other-Public Services,11780,2024-08-01,869.04
Assessment & Referral Ctr,35000443,Other-Public Services,11780,2024-09-01,881.62
Assessment & Referral Ctr,35000443,Other-Public Services,11780,2024-10-01,1554.34
Assessment & Referral Ctr,35000443,Other-Public Services,11780,2024-11-01,5217.24
Assessment & Referral Ctr,35000443,Other-Public Services,11780,2024-12-01,3406.41
9 Wardlaw Cres,35000440,Other-Public Services,1632,2024-01-01,46.36
9 Wardlaw Cres,35000440,Other-Public Services,1632,2024-02-01,0.0
9 Wardlaw Cres,35000440,Other-Public Services,1632,2024-03-01,0.0
9 Wardlaw Cres,35000440,Other-Public Services,1632,2024-04-01,100.68
9 Wardlaw Cres,35000440,Other-Public Services,1632,2024-05-01,73.12
9 Wardlaw Cres,35000440,Other-Public Services,1632,2024-06-01,18.99
9 Wardlaw Cres,35000440,Other-Public Services,1632,2024-07-01,7.21
9 Wardlaw Cres,35000440,Other-Public Services,1632,2024-08-01,11.4
9 Wardlaw Cres,35000440,Other-Public Services,1632,2024-09-01,6.6
9 Wardlaw Cres,35000440,Other-Public Services,1632,2024-10-01,82.76
9 Wardlaw Cres,35000440,Other-Public Services,1632,2024-11-01,231.78
9 Wardlaw Cres,35000440,Other-Public Services,1632,2024-12-01,359.19
Adelaide Resource Centre for Women,35000441,Other-Public Services,15888,2024-01-01,2651.84
Adelaide Resource Centre for Women,35000441,Other-Public Services,15888,2024-02-01,2480.76
Adelaide Resource Centre for Women,35000441,Other-Public Services,15888,2024-03-01,2651.84
Adelaide Resource Centre for Women,35000441,Other-Public Services,15888,2024-04-01,2176.78
Adelaide Resource Centre for Women,35000441,Other-Public Services,15888,2024-05-01,1142.45
Adelaide Resource Centre for Women,35000441,Other-Public Services,15888,2024-06-01,1105.6
Adelaide Resource Centre for Women,35000441,Other-Public Services,15888,2024-07-01,1142.45
Adelaide Resource Centre for Women,35000441,Other-Public Services,15888,2024-08-01,1142.45
Adelaide Resource Centre for Women,35000441,Other-Public Services,15888,2024-09-01,1105.6
Adelaide Resource Centre for Women,35000441,Other-Public Services,15888,2024-10-01,1573.88
Adelaide Resource Centre for Women,35000441,Other-Public Services,15888,2024-11-01,3208.18
Adelaide Resource Centre for Women,35000441,Other-Public Services,15888,2024-12-01,5318.712272727274
101 Placer Court,35000430,Other-Public Services,19200,2024-01-01,7565.38
101 Placer Court,35000430,Other-Public Services,19200,2024-02-01,5702.73
101 Placer Court,35000430,Other-Public Services,19200,2024-03-01,3463.59
101 Placer Court,35000430,Other-Public Services,19200,2024-04-01,2868.0
101 Placer Court,35000430,Other-Public Services,19200,2024-05-01,1182.73
101 Placer Court,35000430,Other-Public Services,19200,2024-06-01,817.45
101 Placer Court,35000430,Other-Public Services,19200,2024-07-01,1330.97
101 Placer Court,35000430,Other-Public Services,19200,2024-08-01,569.55
101 Placer Court,35000430,Other-Public Services,19200,2024-09-01,2071.07
101 Placer Court,35000430,Other-Public Services,19200,2024-10-01,3063.78
101 Placer Court,35000430,Other-Public Services,19200,2024-11-01,1342.38
101 Placer Court,35000430,Other-Public Services,19200,2024-12-01,6060.84
1155 King St W (Respite),35000431,Other-Public Services,9000,2024-01-01,2486.48
1155 King St W (Respite),35000431,Other-Public Services,9000,2024-02-01,2665.0
1155 King St W (Respite),35000431,Other-Public Services,9000,2024-03-01,1945.7666666666667
1155 King St W (Respite),35000431,Other-Public Services,9000,2024-04-01,1433.36
1155 King St W (Respite),35000431,Other-Public Services,9000,2024-05-01,1590.28
1155 King St W (Respite),35000431,Other-Public Services,9000,2024-06-01,601.77
1155 King St W (Respite),35000431,Other-Public Services,9000,2024-07-01,1285.53
1155 King St W (Respite),35000431,Other-Public Services,9000,2024-08-01,591.5
1155 King St W (Respite),35000431,Other-Public Services,9000,2024-09-01,958.63
1155 King St W (Respite),35000431,Other-Public Services,9000,2024-10-01,1142.93
1155 King St W (Respite),35000431,Other-Public Services,9000,2024-11-01,1934.78
1155 King St W (Respite),35000431,Other-Public Services,9000,2024-12-01,2891.47
Main Treatment Plant,35000428,Utilities / Infrastructure,378438,2024-01-01,761346.23
Main Treatment Plant,35000428,Utilities / Infrastructure,378438,2024-02-01,640730.41
Main Treatment Plant,35000428,Utilities / Infrastructure,378438,2024-03-01,540328.37
Main Treatment Plant,35000428,Utilities / Infrastructure,378438,2024-04-01,454734.55
Main Treatment Plant,35000428,Utilities / Infrastructure,378438,2024-05-01,368323.96
Main Treatment Plant,35000428,Utilities / Infrastructure,378438,2024-06-01,402606.58
Main Treatment Plant,35000428,Utilities / Infrastructure,378438,2024-07-01,380321.81
Main Treatment Plant,35000428,Utilities / Infrastructure,378438,2024-08-01,403499.93
Main Treatment Plant,35000428,Utilities / Infrastructure,378438,2024-09-01,397485.55
Main Treatment Plant,35000428,Utilities / Infrastructure,378438,2024-10-01,478849.09
Main Treatment Plant,35000428,Utilities / Infrastructure,378438,2024-11-01,528582.22
Main Treatment Plant,35000428,Utilities / Infrastructure,378438,2024-12-01,606126.47
Highland Creek Treatment Plant,35000426,Utilities / Infrastructure,255395,2024-01-01,668214.72
Highland Creek Treatment Plant,35000426,Utilities / Infrastructure,255395,2024-02-01,687265.83
Highland Creek Treatment Plant,35000426,Utilities / Infrastructure,255395,2024-03-01,675754.51
Highland Creek Treatment Plant,35000426,Utilities / Infrastructure,255395,2024-04-01,586426.66
Highland Creek Treatment Plant,35000426,Utilities / Infrastructure,255395,2024-05-01,555413.24
Highland Creek Treatment Plant,35000426,Utilities / Infrastructure,255395,2024-06-01,490931.45
Highland Creek Treatment Plant,35000426,Utilities / Infrastructure,255395,2024-07-01,516858.91000000003
Highland Creek Treatment Plant,35000426,Utilities / Infrastructure,255395,2024-08-01,516858.91000000003
Highland Creek Treatment Plant,35000426,Utilities / Infrastructure,255395,2024-09-01,500186.04
Highland Creek Treatment Plant,35000426,Utilities / Infrastructure,255395,2024-10-01,516858.91000000003
Highland Creek Treatment Plant,35000426,Utilities / Infrastructure,255395,2024-11-01,500186.04
Highland Creek Treatment Plant,35000426,Utilities / Infrastructure,255395,2024-12-01,283444.7
Humber Treatment Plant,35000427,Utilities / Infrastructure,224869,2024-01-01,250631.42
Humber Treatment Plant,35000427,Utilities / Infrastructure,224869,2024-02-01,204345.76
Humber Treatment Plant,35000427,Utilities / Infrastructure,224869,2024-03-01,162313.26
Humber Treatment Plant,35000427,Utilities / Infrastructure,224869,2024-04-01,72914.35
Humber Treatment Plant,35000427,Utilities / Infrastructure,224869,2024-05-01,32489.36
Humber Treatment Plant,35000427,Utilities / Infrastructure,224869,2024-06-01,75285.25
Humber Treatment Plant,35000427,Utilities / Infrastructure,224869,2024-07-01,63546.840000000004
Humber Treatment Plant,35000427,Utilities / Infrastructure,224869,2024-08-01,50855.98
Humber Treatment Plant,35000427,Utilities / Infrastructure,224869,2024-09-01,35150.87
Humber Treatment Plant,35000427,Utilities / Infrastructure,224869,2024-10-01,51703.58
Humber Treatment Plant,35000427,Utilities / Infrastructure,224869,2024-11-01,106544.09
Humber Treatment Plant,35000427,Utilities / Infrastructure,224869,2024-12-01,294901.08
705 Progress Ave (Library Storage),35000471,Other-Public Services,5001,2024-01-01,1094.27
705 Progress Ave (Library Storage),35000471,Other-Public Services,5001,2024-02-01,895.52
705 Progress Ave (Library Storage),35000471,Other-Public Services,5001,2024-03-01,916.9
705 Progress Ave (Library Storage),35000471,Other-Public Services,5001,2024-04-01,716.76
705 Progress Ave (Library Storage),35000471,Other-Public Services,5001,2024-05-01,541.66
705 Progress Ave (Library Storage),35000471,Other-Public Services,5001,2024-06-01,468.66
705 Progress Ave (Library Storage),35000471,Other-Public Services,5001,2024-07-01,19.39
705 Progress Ave (Library Storage),35000471,Other-Public Services,5001,2024-08-01,19.33
705 Progress Ave (Library Storage),35000471,Other-Public Services,5001,2024-09-01,41.64
705 Progress Ave (Library Storage),35000471,Other-Public Services,5001,2024-10-01,279.43
705 Progress Ave (Library Storage),35000471,Other-Public Services,5001,2024-11-01,565.07
705 Progress Ave (Library Storage),35000471,Other-Public Services,5001,2024-12-01,2212.19
545 Commissioners St,35000469,Other-Public Services,32679,2024-01-01,1083.34
545 Commissioners St,35000469,Other-Public Services,32679,2024-02-01,352.75
545 Commissioners St,35000469,Other-Public Services,32679,2024-03-01,311.27
545 Commissioners St,35000469,Other-Public Services,32679,2024-04-01,82.86
545 Commissioners St,35000469,Other-Public Services,32679,2024-05-01,72.33
545 Commissioners St,35000469,Other-Public Services,32679,2024-06-01,3.1
545 Commissioners St,35000469,Other-Public Services,32679,2024-07-01,4.01
545 Commissioners St,35000469,Other-Public Services,32679,2024-08-01,6.31
545 Commissioners St,35000469,Other-Public Services,32679,2024-09-01,11.04
545 Commissioners St,35000469,Other-Public Services,32679,2024-10-01,195.18
545 Commissioners St,35000469,Other-Public Services,32679,2024-11-01,1468.83
545 Commissioners St,35000469,Other-Public Services,32679,2024-12-01,5221.49
Bering Yd - Garage (Bldg D),35000478,Other-Public Services,7589,2024-01-01,2441.24
Bering Yd - Garage (Bldg D),35000478,Other-Public Services,7589,2024-02-01,3053.6
Bering Yd - Garage (Bldg D),35000478,Other-Public Services,7589,2024-03-01,2417.94
Bering Yd - Garage (Bldg D),35000478,Other-Public Services,7589,2024-04-01,757.79
Bering Yd - Garage (Bldg D),35000478,Other-Public Services,7589,2024-05-01,201.08
Bering Yd - Garage (Bldg D),35000478,Other-Public Services,7589,2024-06-01,194.59
Bering Yd - Garage (Bldg D),35000478,Other-Public Services,7589,2024-07-01,201.08
Bering Yd - Garage (Bldg D),35000478,Other-Public Services,7589,2024-08-01,201.08
Bering Yd - Garage (Bldg D),35000478,Other-Public Services,7589,2024-09-01,194.59
Bering Yd - Garage (Bldg D),35000478,Other-Public Services,7589,2024-10-01,557.41
Bering Yd - Garage (Bldg D),35000478,Other-Public Services,7589,2024-11-01,281.45
Bering Yd - Garage (Bldg D),35000478,Other-Public Services,7589,2024-12-01,1049.47
Bering Yd - Maintenance (Bldg B),35000479,Other-Public Services,13401,2024-01-01,6390.38
Bering Yd - Maintenance (Bldg B),35000479,Other-Public Services,13401,2024-02-01,4094.3
Bering Yd - Maintenance (Bldg B),35000479,Other-Public Services,13401,2024-03-01,5801.77
Bering Yd - Maintenance (Bldg B),35000479,Other-Public Services,13401,2024-04-01,3880.33
Bering Yd - Maintenance (Bldg B),35000479,Other-Public Services,13401,2024-05-01,665.71
Bering Yd - Maintenance (Bldg B),35000479,Other-Public Services,13401,2024-06-01,10.65
Bering Yd - Maintenance (Bldg B),35000479,Other-Public Services,13401,2024-07-01,7.68
Bering Yd - Maintenance (Bldg B),35000479,Other-Public Services,13401,2024-08-01,6.1
Bering Yd - Maintenance (Bldg B),35000479,Other-Public Services,13401,2024-09-01,10.3
Bering Yd - Maintenance (Bldg B),35000479,Other-Public Services,13401,2024-10-01,12.59
Bering Yd - Maintenance (Bldg B),35000479,Other-Public Services,13401,2024-11-01,2644.45
Bering Yd - Maintenance (Bldg B),35000479,Other-Public Services,13401,2024-12-01,5458.97
Bering Truck Shelter,35000476,Other-Public Services,8633,2024-01-01,941.5
Bering Truck Shelter,35000476,Other-Public Services,8633,2024-02-01,781.5
Bering Truck Shelter,35000476,Other-Public Services,8633,2024-03-01,820.35
Bering Truck Shelter,35000476,Other-Public Services,8633,2024-04-01,728.92
Bering Truck Shelter,35000476,Other-Public Services,8633,2024-05-01,204.08
Bering Truck Shelter,35000476,Other-Public Services,8633,2024-06-01,15.48
Bering Truck Shelter,35000476,Other-Public Services,8633,2024-07-01,5.16
Bering Truck Shelter,35000476,Other-Public Services,8633,2024-08-01,0.0
Bering Truck Shelter,35000476,Other-Public Services,8633,2024-09-01,29.81
Bering Truck Shelter,35000476,Other-Public Services,8633,2024-10-01,85.47
Bering Truck Shelter,35000476,Other-Public Services,8633,2024-11-01,637.62
Bering Truck Shelter,35000476,Other-Public Services,8633,2024-12-01,991.48
Bentworth Park Yard - Bldg 1,35000474,Other-Public Services,5554,2024-01-01,2571.02
Bentworth Park Yard - Bldg 1,35000474,Other-Public Services,5554,2024-02-01,1669.36
Bentworth Park Yard - Bldg 1,35000474,Other-Public Services,5554,2024-03-01,1830.7
Bentworth Park Yard - Bldg 1,35000474,Other-Public Services,5554,2024-04-01,798.46
Bentworth Park Yard - Bldg 1,35000474,Other-Public Services,5554,2024-05-01,292.36
Bentworth Park Yard - Bldg 1,35000474,Other-Public Services,5554,2024-06-01,33.55
Bentworth Park Yard - Bldg 1,35000474,Other-Public Services,5554,2024-07-01,47.26
Bentworth Park Yard - Bldg 1,35000474,Other-Public Services,5554,2024-08-01,15.799999999999999
Bentworth Park Yard - Bldg 1,35000474,Other-Public Services,5554,2024-09-01,19.53
Bentworth Park Yard - Bldg 1,35000474,Other-Public Services,5554,2024-10-01,558.51
Bentworth Park Yard - Bldg 1,35000474,Other-Public Services,5554,2024-11-01,1084.57
Bentworth Park Yard - Bldg 1,35000474,Other-Public Services,5554,2024-12-01,2011.7899999999997
Bentworth Park Yard - Bldg 2,35000475,Other-Public Services,6330,2024-01-01,3713.79
Bentworth Park Yard - Bldg 2,35000475,Other-Public Services,6330,2024-02-01,2335.14
Bentworth Park Yard - Bldg 2,35000475,Other-Public Services,6330,2024-03-01,2308.98
Bentworth Park Yard - Bldg 2,35000475,Other-Public Services,6330,2024-04-01,1110.67
Bentworth Park Yard - Bldg 2,35000475,Other-Public Services,6330,2024-05-01,237.27
Bentworth Park Yard - Bldg 2,35000475,Other-Public Services,6330,2024-06-01,20.26
Bentworth Park Yard - Bldg 2,35000475,Other-Public Services,6330,2024-07-01,27.13
Bentworth Park Yard - Bldg 2,35000475,Other-Public Services,6330,2024-08-01,7.18
Bentworth Park Yard - Bldg 2,35000475,Other-Public Services,6330,2024-09-01,8.82
Bentworth Park Yard - Bldg 2,35000475,Other-Public Services,6330,2024-10-01,574.06
Bentworth Park Yard - Bldg 2,35000475,Other-Public Services,6330,2024-11-01,1587.51
Bentworth Park Yard - Bldg 2,35000475,Other-Public Services,6330,2024-12-01,2733.94
Alliance Overhead Shop,35000472,Other-Public Services,34952,2024-01-01,19140.63
Alliance Overhead Shop,35000472,Other-Public Services,34952,2024-02-01,17123.52
Alliance Overhead Shop,35000472,Other-Public Services,34952,2024-03-01,14603.97
Alliance Overhead Shop,35000472,Other-Public Services,34952,2024-04-01,9969.85
Alliance Overhead Shop,35000472,Other-Public Services,34952,2024-05-01,3956.96
Alliance Overhead Shop,35000472,Other-Public Services,34952,2024-06-01,744.11
Alliance Overhead Shop,35000472,Other-Public Services,34952,2024-07-01,85.25
Alliance Overhead Shop,35000472,Other-Public Services,34952,2024-08-01,58.84
Alliance Overhead Shop,35000472,Other-Public Services,34952,2024-09-01,425.72
Alliance Overhead Shop,35000472,Other-Public Services,34952,2024-10-01,11956.33
Alliance Overhead Shop,35000472,Other-Public Services,34952,2024-11-01,15068.93
Alliance Overhead Shop,35000472,Other-Public Services,34952,2024-12-01,19091.02
Alness Yard,35000473,Other-Public Services,25715,2024-01-01,8447.49
Alness Yard,35000473,Other-Public Services,25715,2024-02-01,6066.59
Alness Yard,35000473,Other-Public Services,25715,2024-03-01,5446.36
Alness Yard,35000473,Other-Public Services,25715,2024-04-01,3181.3
Alness Yard,35000473,Other-Public Services,25715,2024-05-01,1155.94
Alness Yard,35000473,Other-Public Services,25715,2024-06-01,273.01
Alness Yard,35000473,Other-Public Services,25715,2024-07-01,161.53
Alness Yard,35000473,Other-Public Services,25715,2024-08-01,157.37
Alness Yard,35000473,Other-Public Services,25715,2024-09-01,194.56
Alness Yard,35000473,Other-Public Services,25715,2024-10-01,2089.98
Alness Yard,35000473,Other-Public Services,25715,2024-11-01,4258.05
Alness Yard,35000473,Other-Public Services,25715,2024-12-01,7059.12
Islington Seniors' Shelter,35000455,Other-Public Services,21328,2024-01-01,11740.24
Islington Seniors' Shelter,35000455,Other-Public Services,21328,2024-02-01,7232.01
Islington Seniors' Shelter,35000455,Other-Public Services,21328,2024-03-01,8355.08
Islington Seniors' Shelter,35000455,Other-Public Services,21328,2024-04-01,5302.87
Islington Seniors' Shelter,35000455,Other-Public Services,21328,2024-05-01,1788.04
Islington Seniors' Shelter,35000455,Other-Public Services,21328,2024-06-01,1498.9
Islington Seniors' Shelter,35000455,Other-Public Services,21328,2024-07-01,1196.81
Islington Seniors' Shelter,35000455,Other-Public Services,21328,2024-08-01,983.1
Islington Seniors' Shelter,35000455,Other-Public Services,21328,2024-09-01,952.06
Islington Seniors' Shelter,35000455,Other-Public Services,21328,2024-10-01,2576.47
Islington Seniors' Shelter,35000455,Other-Public Services,21328,2024-11-01,4893.56
Islington Seniors' Shelter,35000455,Other-Public Services,21328,2024-12-01,16365.46
GSR Transition Site (705 Progress),35000452,Other-Public Services,26730,2024-01-01,6298.44
GSR Transition Site (705 Progress),35000452,Other-Public Services,26730,2024-02-01,4914.56
GSR Transition Site (705 Progress),35000452,Other-Public Services,26730,2024-03-01,5223.72
GSR Transition Site (705 Progress),35000452,Other-Public Services,26730,2024-04-01,4860.76
GSR Transition Site (705 Progress),35000452,Other-Public Services,26730,2024-05-01,4395.11
GSR Transition Site (705 Progress),35000452,Other-Public Services,26730,2024-06-01,1675.31
GSR Transition Site (705 Progress),35000452,Other-Public Services,26730,2024-07-01,1464.35
GSR Transition Site (705 Progress),35000452,Other-Public Services,26730,2024-08-01,1356.33
GSR Transition Site (705 Progress),35000452,Other-Public Services,26730,2024-09-01,1455.2
GSR Transition Site (705 Progress),35000452,Other-Public Services,26730,2024-10-01,3118.48
GSR Transition Site (705 Progress),35000452,Other-Public Services,26730,2024-11-01,4732.86
GSR Transition Site (705 Progress),35000452,Other-Public Services,26730,2024-12-01,9304.46
GSR Transition Site (731 Runnymede Rd),35000453,Other-Public Services,19383,2024-01-01,3983.7800000000007
GSR Transition Site (731 Runnymede Rd),35000453,Other-Public Services,19383,2024-02-01,3276.58
GSR Transition Site (731 Runnymede Rd),35000453,Other-Public Services,19383,2024-03-01,3004.75
GSR Transition Site (731 Runnymede Rd),35000453,Other-Public Services,19383,2024-04-01,1949.4699999999998
GSR Transition Site (731 Runnymede Rd),35000453,Other-Public Services,19383,2024-05-01,969.42
GSR Transition Site (731 Runnymede Rd),35000453,Other-Public Services,19383,2024-06-01,1208.65
GSR Transition Site (731 Runnymede Rd),35000453,Other-Public Services,19383,2024-07-01,1021.25
GSR Transition Site (731 Runnymede Rd),35000453,Other-Public Services,19383,2024-08-01,1255.39
GSR Transition Site (731 Runnymede Rd),35000453,Other-Public Services,19383,2024-09-01,938.93
GSR Transition Site (731 Runnymede Rd),35000453,Other-Public Services,19383,2024-10-01,1534.65
GSR Transition Site (731 Runnymede Rd),35000453,Other-Public Services,19383,2024-11-01,2511.85
GSR Transition Site (731 Runnymede Rd),35000453,Other-Public Services,19383,2024-12-01,2879.36
Family Residence,35000448,Other-Public Services,39999,2024-01-01,7846.75
Family Residence,35000448,Other-Public Services,39999,2024-02-01,6633.63
Family Residence,35000448,Other-Public Services,39999,2024-03-01,6341.38
Family Residence,35000448,Other-Public Services,39999,2024-04-01,4824.93
Family Residence,35000448,Other-Public Services,39999,2024-05-01,3242.93
Family Residence,35000448,Other-Public Services,39999,2024-06-01,2746.73
Family Residence,35000448,Other-Public Services,39999,2024-07-01,2710.11
Family Residence,35000448,Other-Public Services,39999,2024-08-01,2777.0
Family Residence,35000448,Other-Public Services,39999,2024-09-01,3563.27
Family Residence,35000448,Other-Public Services,39999,2024-10-01,4583.19
Family Residence,35000448,Other-Public Services,39999,2024-11-01,5240.32
Family Residence,35000448,Other-Public Services,39999,2024-12-01,7578.87
Fort York Residence,35000449,Other-Public Services,25995,2024-01-01,8944.38
Fort York Residence,35000449,Other-Public Services,25995,2024-02-01,4901.72
Fort York Residence,35000449,Other-Public Services,25995,2024-03-01,7046.47
Fort York Residence,35000449,Other-Public Services,25995,2024-04-01,1844.85
Fort York Residence,35000449,Other-Public Services,25995,2024-05-01,1554.03
Fort York Residence,35000449,Other-Public Services,25995,2024-06-01,3292.29
Fort York Residence,35000449,Other-Public Services,25995,2024-07-01,1321.4
Fort York Residence,35000449,Other-Public Services,25995,2024-08-01,1321.58
Fort York Residence,35000449,Other-Public Services,25995,2024-09-01,2052.18
Fort York Residence,35000449,Other-Public Services,25995,2024-10-01,6123.63
Fort York Residence,35000449,Other-Public Services,25995,2024-11-01,6210.25
Fort York Residence,35000449,Other-Public Services,25995,2024-12-01,8347.24
Women's Residence,35000460,Other-Public Services,28255,2024-01-01,4298.7
Women's Residence,35000460,Other-Public Services,28255,2024-02-01,5813.3
Women's Residence,35000460,Other-Public Services,28255,2024-03-01,5527.64
Women's Residence,35000460,Other-Public Services,28255,2024-04-01,2184.01
Women's Residence,35000460,Other-Public Services,28255,2024-05-01,2157.73
Women's Residence,35000460,Other-Public Services,28255,2024-06-01,1863.87
Women's Residence,35000460,Other-Public Services,28255,2024-07-01,2055.13
Women's Residence,35000460,Other-Public Services,28255,2024-08-01,2055.97
Women's Residence,35000460,Other-Public Services,28255,2024-09-01,1980.45
Women's Residence,35000460,Other-Public Services,28255,2024-10-01,2334.83
Women's Residence,35000460,Other-Public Services,28255,2024-11-01,6120.58
Women's Residence,35000460,Other-Public Services,28255,2024-12-01,321.73
YWCA Women's Shelter,35000461,Other-Public Services,17000,2024-01-01,2286.77
YWCA Women's Shelter,35000461,Other-Public Services,17000,2024-02-01,782.0
YWCA Women's Shelter,35000461,Other-Public Services,17000,2024-03-01,918.6
YWCA Women's Shelter,35000461,Other-Public Services,17000,2024-04-01,1087.5
YWCA Women's Shelter,35000461,Other-Public Services,17000,2024-05-01,0.0
YWCA Women's Shelter,35000461,Other-Public Services,17000,2024-06-01,0.0
YWCA Women's Shelter,35000461,Other-Public Services,17000,2024-07-01,0.0
YWCA Women's Shelter,35000461,Other-Public Services,17000,2024-08-01,0.0
YWCA Women's Shelter,35000461,Other-Public Services,17000,2024-09-01,124.39000000000001
YWCA Women's Shelter,35000461,Other-Public Services,17000,2024-10-01,822.51
YWCA Women's Shelter,35000461,Other-Public Services,17000,2024-11-01,1133.1
YWCA Women's Shelter,35000461,Other-Public Services,17000,2024-12-01,93.0
Seaton House,35000458,Other-Public Services,97995,2024-01-01,72840.43
Seaton House,35000458,Other-Public Services,97995,2024-02-01,58348.11
Seaton House,35000458,Other-Public Services,97995,2024-03-01,55298.39
Seaton House,35000458,Other-Public Services,97995,2024-04-01,39317.07
Seaton House,35000458,Other-Public Services,97995,2024-05-01,15201.81
Seaton House,35000458,Other-Public Services,97995,2024-06-01,9148.83
Seaton House,35000458,Other-Public Services,97995,2024-07-01,7727.79
Seaton House,35000458,Other-Public Services,97995,2024-08-01,7402.43
Seaton House,35000458,Other-Public Services,97995,2024-09-01,7360.83
Seaton House,35000458,Other-Public Services,97995,2024-10-01,24209.36
Seaton House,35000458,Other-Public Services,97995,2024-11-01,41605.47
Seaton House,35000458,Other-Public Services,97995,2024-12-01,67634.83
Warden Woods Respite,35000459,Other-Public Services,7565,2024-01-01,1664.65
Warden Woods Respite,35000459,Other-Public Services,7565,2024-02-01,1131.41
Warden Woods Respite,35000459,Other-Public Services,7565,2024-03-01,1137.96
Warden Woods Respite,35000459,Other-Public Services,7565,2024-04-01,573.63
Warden Woods Respite,35000459,Other-Public Services,7565,2024-05-01,275.74
Warden Woods Respite,35000459,Other-Public Services,7565,2024-06-01,172.31
Warden Woods Respite,35000459,Other-Public Services,7565,2024-07-01,178.05
Warden Woods Respite,35000459,Other-Public Services,7565,2024-08-01,178.05
Warden Woods Respite,35000459,Other-Public Services,7565,2024-09-01,188.42
Warden Woods Respite,35000459,Other-Public Services,7565,2024-10-01,244.43
Warden Woods Respite,35000459,Other-Public Services,7565,2024-11-01,130.91
Warden Woods Respite,35000459,Other-Public Services,7565,2024-12-01,1410.72
Robertson House,35000456,Other-Public Services,19795,2024-01-01,17681.69
Robertson House,35000456,Other-Public Services,19795,2024-02-01,13567.23
Robertson House,35000456,Other-Public Services,19795,2024-03-01,14603.15
Robertson House,35000456,Other-Public Services,19795,2024-04-01,8003.719999999999
Robertson House,35000456,Other-Public Services,19795,2024-05-01,5213.87
Robertson House,35000456,Other-Public Services,19795,2024-06-01,1722.07
Robertson House,35000456,Other-Public Services,19795,2024-07-01,1637.28
Robertson House,35000456,Other-Public Services,19795,2024-08-01,1778.18
Robertson House,35000456,Other-Public Services,19795,2024-09-01,1203.43
Robertson House,35000456,Other-Public Services,19795,2024-10-01,3821.77
Robertson House,35000456,Other-Public Services,19795,2024-11-01,10003.96
Robertson House,35000456,Other-Public Services,19795,2024-12-01,15268.28
Scarborough Village Residence,35000457,Other-Public Services,29870,2024-01-01,5968.38
Scarborough Village Residence,35000457,Other-Public Services,29870,2024-02-01,4974.13
Scarborough Village Residence,35000457,Other-Public Services,29870,2024-03-01,4513.49
Scarborough Village Residence,35000457,Other-Public Services,29870,2024-04-01,3080.4
Scarborough Village Residence,35000457,Other-Public Services,29870,2024-05-01,2208.6
Scarborough Village Residence,35000457,Other-Public Services,29870,2024-06-01,1102.91
Scarborough Village Residence,35000457,Other-Public Services,29870,2024-07-01,1263.09
Scarborough Village Residence,35000457,Other-Public Services,29870,2024-08-01,1120.7
Scarborough Village Residence,35000457,Other-Public Services,29870,2024-09-01,1295.36
Scarborough Village Residence,35000457,Other-Public Services,29870,2024-10-01,2217.82
Scarborough Village Residence,35000457,Other-Public Services,29870,2024-11-01,2913.64
Scarborough Village Residence,35000457,Other-Public Services,29870,2024-12-01,6017.83
Finch Yard,35000502,Other-Public Services,148198,2024-01-01,45569.81
Finch Yard,35000502,Other-Public Services,148198,2024-02-01,38097.38
Finch Yard,35000502,Other-Public Services,148198,2024-03-01,38930.73
Finch Yard,35000502,Other-Public Services,148198,2024-04-01,26930.44
Finch Yard,35000502,Other-Public Services,148198,2024-05-01,10037.81
Finch Yard,35000502,Other-Public Services,148198,2024-06-01,6192.89
Finch Yard,35000502,Other-Public Services,148198,2024-07-01,2179.22
Finch Yard,35000502,Other-Public Services,148198,2024-08-01,1965.51
Finch Yard,35000502,Other-Public Services,148198,2024-09-01,2052.27
Finch Yard,35000502,Other-Public Services,148198,2024-10-01,17669.64
Finch Yard,35000502,Other-Public Services,148198,2024-11-01,38764.27
Finch Yard,35000502,Other-Public Services,148198,2024-12-01,37123.18
Former PMMD Warehouse,35000503,Other-Public Services,22604,2024-01-01,4830.79
Former PMMD Warehouse,35000503,Other-Public Services,22604,2024-02-01,3525.01
Former PMMD Warehouse,35000503,Other-Public Services,22604,2024-03-01,4110.07
Former PMMD Warehouse,35000503,Other-Public Services,22604,2024-04-01,1823.23
Former PMMD Warehouse,35000503,Other-Public Services,22604,2024-05-01,680.01
Former PMMD Warehouse,35000503,Other-Public Services,22604,2024-06-01,98.32
Former PMMD Warehouse,35000503,Other-Public Services,22604,2024-07-01,33.42
Former PMMD Warehouse,35000503,Other-Public Services,22604,2024-08-01,90.75
Former PMMD Warehouse,35000503,Other-Public Services,22604,2024-09-01,52.54
Former PMMD Warehouse,35000503,Other-Public Services,22604,2024-10-01,878.06
Former PMMD Warehouse,35000503,Other-Public Services,22604,2024-11-01,3333.89
Former PMMD Warehouse,35000503,Other-Public Services,22604,2024-12-01,3532.03
Ellesmere Yard,35000500,Other-Public Services,138069,2024-01-01,53659.14
Ellesmere Yard,35000500,Other-Public Services,138069,2024-02-01,45175.42
Ellesmere Yard,35000500,Other-Public Services,138069,2024-03-01,38578.5
Ellesmere Yard,35000500,Other-Public Services,138069,2024-04-01,20902.36
Ellesmere Yard,35000500,Other-Public Services,138069,2024-05-01,3984.66
Ellesmere Yard,35000500,Other-Public Services,138069,2024-06-01,723.47
Ellesmere Yard,35000500,Other-Public Services,138069,2024-07-01,1122.65
Ellesmere Yard,35000500,Other-Public Services,138069,2024-08-01,1288.26
Ellesmere Yard,35000500,Other-Public Services,138069,2024-09-01,1180.25
Ellesmere Yard,35000500,Other-Public Services,138069,2024-10-01,8752.58
Ellesmere Yard,35000500,Other-Public Services,138069,2024-11-01,22878.9
Ellesmere Yard,35000500,Other-Public Services,138069,2024-12-01,134070.1
Emery Parks Yard,35000501,Other-Public Services,18998,2024-01-01,9697.15
Emery Parks Yard,35000501,Other-Public Services,18998,2024-02-01,6703.82
Emery Parks Yard,35000501,Other-Public Services,18998,2024-03-01,5217.67
Emery Parks Yard,35000501,Other-Public Services,18998,2024-04-01,4237.61
Emery Parks Yard,35000501,Other-Public Services,18998,2024-05-01,675.87
Emery Parks Yard,35000501,Other-Public Services,18998,2024-06-01,167.34
Emery Parks Yard,35000501,Other-Public Services,18998,2024-07-01,259.08
Emery Parks Yard,35000501,Other-Public Services,18998,2024-08-01,284.17
Emery Parks Yard,35000501,Other-Public Services,18998,2024-09-01,963.39
Emery Parks Yard,35000501,Other-Public Services,18998,2024-10-01,2152.64
Emery Parks Yard,35000501,Other-Public Services,18998,2024-11-01,5467.08
Emery Parks Yard,35000501,Other-Public Services,18998,2024-12-01,7002.81
Eastern Ave Yard - Office,35000498,Other-Public Services,84701,2024-01-01,54444.87
Eastern Ave Yard - Office,35000498,Other-Public Services,84701,2024-02-01,44253.65
Eastern Ave Yard - Office,35000498,Other-Public Services,84701,2024-03-01,36306.73
Eastern Ave Yard - Office,35000498,Other-Public Services,84701,2024-04-01,29434.15
Eastern Ave Yard - Office,35000498,Other-Public Services,84701,2024-05-01,3130.08
Eastern Ave Yard - Office,35000498,Other-Public Services,84701,2024-06-01,397.0
Eastern Ave Yard - Office,35000498,Other-Public Services,84701,2024-07-01,60.06
Eastern Ave Yard - Office,35000498,Other-Public Services,84701,2024-08-01,225.94
Eastern Ave Yard - Office,35000498,Other-Public Services,84701,2024-09-01,838.6
Eastern Ave Yard - Office,35000498,Other-Public Services,84701,2024-10-01,19253.95
Eastern Ave Yard - Office,35000498,Other-Public Services,84701,2024-11-01,35515.08
Eastern Ave Yard - Office,35000498,Other-Public Services,84701,2024-12-01,59847.28
Eglinton Flats Service Building,35000499,Other-Public Services,5705,2024-01-01,2480.97
Eglinton Flats Service Building,35000499,Other-Public Services,5705,2024-02-01,2714.77
Eglinton Flats Service Building,35000499,Other-Public Services,5705,2024-03-01,1834.37
Eglinton Flats Service Building,35000499,Other-Public Services,5705,2024-04-01,2359.76
Eglinton Flats Service Building,35000499,Other-Public Services,5705,2024-05-01,227.94
Eglinton Flats Service Building,35000499,Other-Public Services,5705,2024-06-01,74.84
Eglinton Flats Service Building,35000499,Other-Public Services,5705,2024-07-01,17.46
Eglinton Flats Service Building,35000499,Other-Public Services,5705,2024-08-01,0.0
Eglinton Flats Service Building,35000499,Other-Public Services,5705,2024-09-01,118.27
Eglinton Flats Service Building,35000499,Other-Public Services,5705,2024-10-01,436.52
Eglinton Flats Service Building,35000499,Other-Public Services,5705,2024-11-01,1351.73
Eglinton Flats Service Building,35000499,Other-Public Services,5705,2024-12-01,2329.98
Dufferin Maintenance Yard,35000496,Other-Public Services,31667,2024-01-01,4054.0
Dufferin Maintenance Yard,35000496,Other-Public Services,31667,2024-02-01,1097.234705228031
Dufferin Maintenance Yard,35000496,Other-Public Services,31667,2024-03-01,711.9310344827586
Dufferin Maintenance Yard,35000496,Other-Public Services,31667,2024-04-01,635.4364108268446
Dufferin Maintenance Yard,35000496,Other-Public Services,31667,2024-05-01,652.6666666666667
Dufferin Maintenance Yard,35000496,Other-Public Services,31667,2024-06-01,631.6129032258065
Dufferin Maintenance Yard,35000496,Other-Public Services,31667,2024-07-01,330.5900537634409
Dufferin Maintenance Yard,35000496,Other-Public Services,31667,2024-08-01,287.3392857142857
Dufferin Maintenance Yard,35000496,Other-Public Services,31667,2024-09-01,278.9010989010989
Dufferin Maintenance Yard,35000496,Other-Public Services,31667,2024-10-01,288.1978021978022
Dufferin Maintenance Yard,35000496,Other-Public Services,31667,2024-11-01,2431.8764683592267
Dufferin Maintenance Yard,35000496,Other-Public Services,31667,2024-12-01,2855.2068965517233
Eastern Ave Yard  - Equipment Shop,35000497,Other-Public Services,9698,2024-01-01,3466.8
Eastern Ave Yard  - Equipment Shop,35000497,Other-Public Services,9698,2024-02-01,2864.46
Eastern Ave Yard  - Equipment Shop,35000497,Other-Public Services,9698,2024-03-01,2666.54
Eastern Ave Yard  - Equipment Shop,35000497,Other-Public Services,9698,2024-04-01,1492.08
Eastern Ave Yard  - Equipment Shop,35000497,Other-Public Services,9698,2024-05-01,237.45
Eastern Ave Yard  - Equipment Shop,35000497,Other-Public Services,9698,2024-06-01,168.65
Eastern Ave Yard  - Equipment Shop,35000497,Other-Public Services,9698,2024-07-01,2.95
Eastern Ave Yard  - Equipment Shop,35000497,Other-Public Services,9698,2024-08-01,14.95
Eastern Ave Yard  - Equipment Shop,35000497,Other-Public Services,9698,2024-09-01,59.0
Eastern Ave Yard  - Equipment Shop,35000497,Other-Public Services,9698,2024-10-01,875.69
Eastern Ave Yard  - Equipment Shop,35000497,Other-Public Services,9698,2024-11-01,1998.92
Eastern Ave Yard  - Equipment Shop,35000497,Other-Public Services,9698,2024-12-01,3172.17
Kipling Yard - Toronto Water,35000510,Other-Public Services,11001,2024-01-01,11312.23
Kipling Yard - Toronto Water,35000510,Other-Public Services,11001,2024-02-01,9516.47
Kipling Yard - Toronto Water,35000510,Other-Public Services,11001,2024-03-01,8835.22
Kipling Yard - Toronto Water,35000510,Other-Public Services,11001,2024-04-01,6819.96
Kipling Yard - Toronto Water,35000510,Other-Public Services,11001,2024-05-01,3162.33
Kipling Yard - Toronto Water,35000510,Other-Public Services,11001,2024-06-01,447.62
Kipling Yard - Toronto Water,35000510,Other-Public Services,11001,2024-07-01,191.47
Kipling Yard - Toronto Water,35000510,Other-Public Services,11001,2024-08-01,160.41
Kipling Yard - Toronto Water,35000510,Other-Public Services,11001,2024-09-01,128.87
Kipling Yard - Toronto Water,35000510,Other-Public Services,11001,2024-10-01,1148.55
Kipling Yard - Toronto Water,35000510,Other-Public Services,11001,2024-11-01,2353.79
Kipling Yard - Toronto Water,35000510,Other-Public Services,11001,2024-12-01,4737.62
Leslie Barns,35000511,Other-Public Services,279862,2024-01-01,124212.18
Leslie Barns,35000511,Other-Public Services,279862,2024-02-01,106643.56
Leslie Barns,35000511,Other-Public Services,279862,2024-03-01,110887.21
Leslie Barns,35000511,Other-Public Services,279862,2024-04-01,53286.87
Leslie Barns,35000511,Other-Public Services,279862,2024-05-01,11475.68
Leslie Barns,35000511,Other-Public Services,279862,2024-06-01,4843.43
Leslie Barns,35000511,Other-Public Services,279862,2024-07-01,1813.96
Leslie Barns,35000511,Other-Public Services,279862,2024-08-01,1934.8
Leslie Barns,35000511,Other-Public Services,279862,2024-09-01,5446.19
Leslie Barns,35000511,Other-Public Services,279862,2024-10-01,27278.79
Leslie Barns,35000511,Other-Public Services,279862,2024-11-01,72943.24
Leslie Barns,35000511,Other-Public Services,279862,2024-12-01,127999.94000000002
Kipling Yard - PF&R,35000509,Other-Public Services,27373,2024-01-01,7541.53
Kipling Yard - PF&R,35000509,Other-Public Services,27373,2024-02-01,7979.37
Kipling Yard - PF&R,35000509,Other-Public Services,27373,2024-03-01,6746.28
Kipling Yard - PF&R,35000509,Other-Public Services,27373,2024-04-01,4141.96
Kipling Yard - PF&R,35000509,Other-Public Services,27373,2024-05-01,1364.56
Kipling Yard - PF&R,35000509,Other-Public Services,27373,2024-06-01,142.0
Kipling Yard - PF&R,35000509,Other-Public Services,27373,2024-07-01,88.46
Kipling Yard - PF&R,35000509,Other-Public Services,27373,2024-08-01,56.41
Kipling Yard - PF&R,35000509,Other-Public Services,27373,2024-09-01,88.2
Kipling Yard - PF&R,35000509,Other-Public Services,27373,2024-10-01,1478.27
Kipling Yard - PF&R,35000509,Other-Public Services,27373,2024-11-01,4874.08
Kipling Yard - PF&R,35000509,Other-Public Services,27373,2024-12-01,7204.56
King St Yard,35000507,Other-Public Services,83485,2024-01-01,27381.43
King St Yard,35000507,Other-Public Services,83485,2024-02-01,29540.59
King St Yard,35000507,Other-Public Services,83485,2024-03-01,25724.95
King St Yard,35000507,Other-Public Services,83485,2024-04-01,15978.040000000003
King St Yard,35000507,Other-Public Services,83485,2024-05-01,5764.74
King St Yard,35000507,Other-Public Services,83485,2024-06-01,990.0599999999998
King St Yard,35000507,Other-Public Services,83485,2024-07-01,38.17
King St Yard,35000507,Other-Public Services,83485,2024-08-01,29.63
King St Yard,35000507,Other-Public Services,83485,2024-09-01,72.4
King St Yard,35000507,Other-Public Services,83485,2024-10-01,8142.15
King St Yard,35000507,Other-Public Services,83485,2024-11-01,22360.51
King St Yard,35000507,Other-Public Services,83485,2024-12-01,24430.04
Ingram Yard,35000505,Other-Public Services,23907,2024-01-01,10609.22
Ingram Yard,35000505,Other-Public Services,23907,2024-02-01,9061.22
Ingram Yard,35000505,Other-Public Services,23907,2024-03-01,7864.64
Ingram Yard,35000505,Other-Public Services,23907,2024-04-01,3374.25
Ingram Yard,35000505,Other-Public Services,23907,2024-05-01,788.0
Ingram Yard,35000505,Other-Public Services,23907,2024-06-01,123.64
Ingram Yard,35000505,Other-Public Services,23907,2024-07-01,113.16
Ingram Yard,35000505,Other-Public Services,23907,2024-08-01,128.81
Ingram Yard,35000505,Other-Public Services,23907,2024-09-01,101.73
Ingram Yard,35000505,Other-Public Services,23907,2024-10-01,2506.83
Ingram Yard,35000505,Other-Public Services,23907,2024-11-01,6689.16
Ingram Yard,35000505,Other-Public Services,23907,2024-12-01,15466.7
Brimley Parks Yard,35000486,Other-Public Services,2809,2024-01-01,866.66
Brimley Parks Yard,35000486,Other-Public Services,2809,2024-02-01,688.86
Brimley Parks Yard,35000486,Other-Public Services,2809,2024-03-01,550.76
Brimley Parks Yard,35000486,Other-Public Services,2809,2024-04-01,287.51
Brimley Parks Yard,35000486,Other-Public Services,2809,2024-05-01,30.14
Brimley Parks Yard,35000486,Other-Public Services,2809,2024-06-01,33.09
Brimley Parks Yard,35000486,Other-Public Services,2809,2024-07-01,33.75
Brimley Parks Yard,35000486,Other-Public Services,2809,2024-08-01,28.81
Brimley Parks Yard,35000486,Other-Public Services,2809,2024-09-01,17.0
Brimley Parks Yard,35000486,Other-Public Services,2809,2024-10-01,122.61
Brimley Parks Yard,35000486,Other-Public Services,2809,2024-11-01,429.25
Brimley Parks Yard,35000486,Other-Public Services,2809,2024-12-01,759.69
Birchmount Park Yard,35000484,Other-Public Services,15317,2024-01-01,6416.35
Birchmount Park Yard,35000484,Other-Public Services,15317,2024-02-01,5259.83
Birchmount Park Yard,35000484,Other-Public Services,15317,2024-03-01,4735.98
Birchmount Park Yard,35000484,Other-Public Services,15317,2024-04-01,3166.3
Birchmount Park Yard,35000484,Other-Public Services,15317,2024-05-01,1472.81
Birchmount Park Yard,35000484,Other-Public Services,15317,2024-06-01,858.93
Birchmount Park Yard,35000484,Other-Public Services,15317,2024-07-01,70.13
Birchmount Park Yard,35000484,Other-Public Services,15317,2024-08-01,33.93
Birchmount Park Yard,35000484,Other-Public Services,15317,2024-09-01,23.18
Birchmount Park Yard,35000484,Other-Public Services,15317,2024-10-01,1112.95
Birchmount Park Yard,35000484,Other-Public Services,15317,2024-11-01,3294.67
Birchmount Park Yard,35000484,Other-Public Services,15317,2024-12-01,5088.78
Booth Avenue Yard,35000485,Other-Public Services,236645,2024-01-01,82786.27
Booth Avenue Yard,35000485,Other-Public Services,236645,2024-02-01,63010.76
Booth Avenue Yard,35000485,Other-Public Services,236645,2024-03-01,45202.31
Booth Avenue Yard,35000485,Other-Public Services,236645,2024-04-01,24549.96
Booth Avenue Yard,35000485,Other-Public Services,236645,2024-05-01,4531.81
Booth Avenue Yard,35000485,Other-Public Services,236645,2024-06-01,841.02
Booth Avenue Yard,35000485,Other-Public Services,236645,2024-07-01,537.76
Booth Avenue Yard,35000485,Other-Public Services,236645,2024-08-01,432.23
Booth Avenue Yard,35000485,Other-Public Services,236645,2024-09-01,605.53
Booth Avenue Yard,35000485,Other-Public Services,236645,2024-10-01,11698.7
Booth Avenue Yard,35000485,Other-Public Services,236645,2024-11-01,36891.22
Booth Avenue Yard,35000485,Other-Public Services,236645,2024-12-01,65774.15
Bermondsey Yard - SWM,35000482,Other-Public Services,66155,2024-01-01,17117.23
Bermondsey Yard - SWM,35000482,Other-Public Services,66155,2024-02-01,13509.02
Bermondsey Yard - SWM,35000482,Other-Public Services,66155,2024-03-01,11938.11
Bermondsey Yard - SWM,35000482,Other-Public Services,66155,2024-04-01,8294.89
Bermondsey Yard - SWM,35000482,Other-Public Services,66155,2024-05-01,2508.59
Bermondsey Yard - SWM,35000482,Other-Public Services,66155,2024-06-01,920.48
Bermondsey Yard - SWM,35000482,Other-Public Services,66155,2024-07-01,372.75
Bermondsey Yard - SWM,35000482,Other-Public Services,66155,2024-08-01,399.3
Bermondsey Yard - SWM,35000482,Other-Public Services,66155,2024-09-01,1026.1
Bermondsey Yard - SWM,35000482,Other-Public Services,66155,2024-10-01,4729.46
Bermondsey Yard - SWM,35000482,Other-Public Services,66155,2024-11-01,8038.49
Bermondsey Yard - SWM,35000482,Other-Public Services,66155,2024-12-01,13767.96
Bermondsey Yard - Transportation,35000483,Other-Public Services,4618,2024-01-01,2997.46
Bermondsey Yard - Transportation,35000483,Other-Public Services,4618,2024-02-01,2391.26
Bermondsey Yard - Transportation,35000483,Other-Public Services,4618,2024-03-01,1997.56
Bermondsey Yard - Transportation,35000483,Other-Public Services,4618,2024-04-01,807.39
Bermondsey Yard - Transportation,35000483,Other-Public Services,4618,2024-05-01,45.1
Bermondsey Yard - Transportation,35000483,Other-Public Services,4618,2024-06-01,25.16
Bermondsey Yard - Transportation,35000483,Other-Public Services,4618,2024-07-01,61.29
Bermondsey Yard - Transportation,35000483,Other-Public Services,4618,2024-08-01,65.84
Bermondsey Yard - Transportation,35000483,Other-Public Services,4618,2024-09-01,27.3
Bermondsey Yard - Transportation,35000483,Other-Public Services,4618,2024-10-01,603.92
Bermondsey Yard - Transportation,35000483,Other-Public Services,4618,2024-11-01,1626.17
Bermondsey Yard - Transportation,35000483,Other-Public Services,4618,2024-12-01,2302.45
Bering Yd - Storage (Bldg F),35000480,Other-Public Services,9881,2024-01-01,3831.28
Bering Yd - Storage (Bldg F),35000480,Other-Public Services,9881,2024-02-01,2781.63
Bering Yd - Storage (Bldg F),35000480,Other-Public Services,9881,2024-03-01,2435.34
Bering Yd - Storage (Bldg F),35000480,Other-Public Services,9881,2024-04-01,2263.43
Bering Yd - Storage (Bldg F),35000480,Other-Public Services,9881,2024-05-01,719.56
Bering Yd - Storage (Bldg F),35000480,Other-Public Services,9881,2024-06-01,74.37
Bering Yd - Storage (Bldg F),35000480,Other-Public Services,9881,2024-07-01,28.97
Bering Yd - Storage (Bldg F),35000480,Other-Public Services,9881,2024-08-01,0.0
Bering Yd - Storage (Bldg F),35000480,Other-Public Services,9881,2024-09-01,37.26
Bering Yd - Storage (Bldg F),35000480,Other-Public Services,9881,2024-10-01,442.2
Bering Yd - Storage (Bldg F),35000480,Other-Public Services,9881,2024-11-01,242.55
Bering Yd - Storage (Bldg F),35000480,Other-Public Services,9881,2024-12-01,1835.43
Bering Yd - Warehouse (Bldg A),35000481,Other-Public Services,4596,2024-01-01,1887.95
Bering Yd - Warehouse (Bldg A),35000481,Other-Public Services,4596,2024-02-01,1708.07
Bering Yd - Warehouse (Bldg A),35000481,Other-Public Services,4596,2024-03-01,1555.0
Bering Yd - Warehouse (Bldg A),35000481,Other-Public Services,4596,2024-04-01,865.95
Bering Yd - Warehouse (Bldg A),35000481,Other-Public Services,4596,2024-05-01,159.48
Bering Yd - Warehouse (Bldg A),35000481,Other-Public Services,4596,2024-06-01,9.68
Bering Yd - Warehouse (Bldg A),35000481,Other-Public Services,4596,2024-07-01,4.26
Bering Yd - Warehouse (Bldg A),35000481,Other-Public Services,4596,2024-08-01,1.52
Bering Yd - Warehouse (Bldg A),35000481,Other-Public Services,4596,2024-09-01,7.890000000000001
Bering Yd - Warehouse (Bldg A),35000481,Other-Public Services,4596,2024-10-01,434.37
Bering Yd - Warehouse (Bldg A),35000481,Other-Public Services,4596,2024-11-01,1266.4
Bering Yd - Warehouse (Bldg A),35000481,Other-Public Services,4596,2024-12-01,1357.84
Disco Yd Bldg C- Vehicle Maint,35000494,Other-Public Services,22959,2024-01-01,9703.81
Disco Yd Bldg C- Vehicle Maint,35000494,Other-Public Services,22959,2024-02-01,6383.33
Disco Yd Bldg C- Vehicle Maint,35000494,Other-Public Services,22959,2024-03-01,6105.27
Disco Yd Bldg C- Vehicle Maint,35000494,Other-Public Services,22959,2024-04-01,3175.47
Disco Yd Bldg C- Vehicle Maint,35000494,Other-Public Services,22959,2024-05-01,261.64
Disco Yd Bldg C- Vehicle Maint,35000494,Other-Public Services,22959,2024-06-01,132.7
Disco Yd Bldg C- Vehicle Maint,35000494,Other-Public Services,22959,2024-07-01,113.5
Disco Yd Bldg C- Vehicle Maint,35000494,Other-Public Services,22959,2024-08-01,218.81
Disco Yd Bldg C- Vehicle Maint,35000494,Other-Public Services,22959,2024-09-01,303.93
Disco Yd Bldg C- Vehicle Maint,35000494,Other-Public Services,22959,2024-10-01,2954.36
Disco Yd Bldg C- Vehicle Maint,35000494,Other-Public Services,22959,2024-11-01,2810.98
Disco Yd Bldg C- Vehicle Maint,35000494,Other-Public Services,22959,2024-12-01,4644.48
Disco Yd Bldg D- North Garage,35000495,Other-Public Services,24445,2024-01-01,4723.02
Disco Yd Bldg D- North Garage,35000495,Other-Public Services,24445,2024-02-01,4699.98
Disco Yd Bldg D- North Garage,35000495,Other-Public Services,24445,2024-03-01,2965.92
Disco Yd Bldg D- North Garage,35000495,Other-Public Services,24445,2024-04-01,761.5
Disco Yd Bldg D- North Garage,35000495,Other-Public Services,24445,2024-05-01,718.0
Disco Yd Bldg D- North Garage,35000495,Other-Public Services,24445,2024-06-01,264.58
Disco Yd Bldg D- North Garage,35000495,Other-Public Services,24445,2024-07-01,16.0
Disco Yd Bldg D- North Garage,35000495,Other-Public Services,24445,2024-08-01,18.86
Disco Yd Bldg D- North Garage,35000495,Other-Public Services,24445,2024-09-01,24.37
Disco Yd Bldg D- North Garage,35000495,Other-Public Services,24445,2024-10-01,2366.52
Disco Yd Bldg D- North Garage,35000495,Other-Public Services,24445,2024-11-01,2204.29
Disco Yd Bldg D- North Garage,35000495,Other-Public Services,24445,2024-12-01,6389.8
Disco Yd Bldg B- South Garage,35000493,Other-Public Services,28029,2024-01-01,27342.83
Disco Yd Bldg B- South Garage,35000493,Other-Public Services,28029,2024-02-01,17684.26
Disco Yd Bldg B- South Garage,35000493,Other-Public Services,28029,2024-03-01,12902.63
Disco Yd Bldg B- South Garage,35000493,Other-Public Services,28029,2024-04-01,8370.14
Disco Yd Bldg B- South Garage,35000493,Other-Public Services,28029,2024-05-01,1995.85
Disco Yd Bldg B- South Garage,35000493,Other-Public Services,28029,2024-06-01,793.88
Disco Yd Bldg B- South Garage,35000493,Other-Public Services,28029,2024-07-01,820.63
Disco Yd Bldg B- South Garage,35000493,Other-Public Services,28029,2024-08-01,746.68
Disco Yd Bldg B- South Garage,35000493,Other-Public Services,28029,2024-09-01,366.82
Disco Yd Bldg B- South Garage,35000493,Other-Public Services,28029,2024-10-01,12197.86
Disco Yd Bldg B- South Garage,35000493,Other-Public Services,28029,2024-11-01,23532.16
Disco Yd Bldg B- South Garage,35000493,Other-Public Services,28029,2024-12-01,38978.62
Danforth Carhouse & Garage,35000490,Other-Public Services,62834,2024-01-01,419.73
Danforth Carhouse & Garage,35000490,Other-Public Services,62834,2024-02-01,329.32
Danforth Carhouse & Garage,35000490,Other-Public Services,62834,2024-03-01,272.7
Danforth Carhouse & Garage,35000490,Other-Public Services,62834,2024-04-01,58.76
Danforth Carhouse & Garage,35000490,Other-Public Services,62834,2024-05-01,0.46
Danforth Carhouse & Garage,35000490,Other-Public Services,62834,2024-06-01,0.0
Danforth Carhouse & Garage,35000490,Other-Public Services,62834,2024-07-01,5.64
Danforth Carhouse & Garage,35000490,Other-Public Services,62834,2024-08-01,0.36
Danforth Carhouse & Garage,35000490,Other-Public Services,62834,2024-09-01,0.0
Danforth Carhouse & Garage,35000490,Other-Public Services,62834,2024-10-01,10.71
Danforth Carhouse & Garage,35000490,Other-Public Services,62834,2024-11-01,143.15
Danforth Carhouse & Garage,35000490,Other-Public Services,62834,2024-12-01,38.14
Castlefield Yard,35000488,Other-Public Services,36447,2024-01-01,8697.48
Castlefield Yard,35000488,Other-Public Services,36447,2024-02-01,5885.53
Castlefield Yard,35000488,Other-Public Services,36447,2024-03-01,4906.54
Castlefield Yard,35000488,Other-Public Services,36447,2024-04-01,2865.76
Castlefield Yard,35000488,Other-Public Services,36447,2024-05-01,297.98
Castlefield Yard,35000488,Other-Public Services,36447,2024-06-01,217.55
Castlefield Yard,35000488,Other-Public Services,36447,2024-07-01,236.58
Castlefield Yard,35000488,Other-Public Services,36447,2024-08-01,237.42
Castlefield Yard,35000488,Other-Public Services,36447,2024-09-01,227.37
Castlefield Yard,35000488,Other-Public Services,36447,2024-10-01,1808.03
Castlefield Yard,35000488,Other-Public Services,36447,2024-11-01,444.94
Castlefield Yard,35000488,Other-Public Services,36447,2024-12-01,5938.49
Centennial Park Service Building,35000489,Other-Public Services,1023,2024-01-01,1880.48
Centennial Park Service Building,35000489,Other-Public Services,1023,2024-02-01,1373.79
Centennial Park Service Building,35000489,Other-Public Services,1023,2024-03-01,2605.94
Centennial Park Service Building,35000489,Other-Public Services,1023,2024-04-01,2069.2
Centennial Park Service Building,35000489,Other-Public Services,1023,2024-05-01,240.8
Centennial Park Service Building,35000489,Other-Public Services,1023,2024-06-01,70.33
Centennial Park Service Building,35000489,Other-Public Services,1023,2024-07-01,64.04
Centennial Park Service Building,35000489,Other-Public Services,1023,2024-08-01,56.05
Centennial Park Service Building,35000489,Other-Public Services,1023,2024-09-01,160.1
Centennial Park Service Building,35000489,Other-Public Services,1023,2024-10-01,519.54
Centennial Park Service Building,35000489,Other-Public Services,1023,2024-11-01,1339.24
Centennial Park Service Building,35000489,Other-Public Services,1023,2024-12-01,1990.24
Toryork Yard,35000534,Other-Public Services,26404,2024-01-01,11271.41
Toryork Yard,35000534,Other-Public Services,26404,2024-02-01,9014.42
Toryork Yard,35000534,Other-Public Services,26404,2024-03-01,7713.75
Toryork Yard,35000534,Other-Public Services,26404,2024-04-01,6300.12
Toryork Yard,35000534,Other-Public Services,26404,2024-05-01,1753.68
Toryork Yard,35000534,Other-Public Services,26404,2024-06-01,1052.1
Toryork Yard,35000534,Other-Public Services,26404,2024-07-01,986.25
Toryork Yard,35000534,Other-Public Services,26404,2024-08-01,1293.98
Toryork Yard,35000534,Other-Public Services,26404,2024-09-01,666.45
Toryork Yard,35000534,Other-Public Services,26404,2024-10-01,3537.48
Toryork Yard,35000534,Other-Public Services,26404,2024-11-01,5942.33
Toryork Yard,35000534,Other-Public Services,26404,2024-12-01,19158.55
Train Storage Building,35000535,Other-Public Services,30849,2024-01-01,7029.89
Train Storage Building,35000535,Other-Public Services,30849,2024-02-01,6933.38
Train Storage Building,35000535,Other-Public Services,30849,2024-03-01,5108.13
Train Storage Building,35000535,Other-Public Services,30849,2024-04-01,3659.35
Train Storage Building,35000535,Other-Public Services,30849,2024-05-01,84.32
Train Storage Building,35000535,Other-Public Services,30849,2024-06-01,75.0
Train Storage Building,35000535,Other-Public Services,30849,2024-07-01,117.71
Train Storage Building,35000535,Other-Public Services,30849,2024-08-01,179.97
Train Storage Building,35000535,Other-Public Services,30849,2024-09-01,90.32
Train Storage Building,35000535,Other-Public Services,30849,2024-10-01,1683.37
Train Storage Building,35000535,Other-Public Services,30849,2024-11-01,6082.7
Train Storage Building,35000535,Other-Public Services,30849,2024-12-01,6789.75
Russell Carhouse,35000530,Other-Public Services,232619,2024-01-01,2765.58
Russell Carhouse,35000530,Other-Public Services,232619,2024-02-01,2244.99
Russell Carhouse,35000530,Other-Public Services,232619,2024-03-01,2063.21
Russell Carhouse,35000530,Other-Public Services,232619,2024-04-01,1167.34
Russell Carhouse,35000530,Other-Public Services,232619,2024-05-01,128.63
Russell Carhouse,35000530,Other-Public Services,232619,2024-06-01,13.5
Russell Carhouse,35000530,Other-Public Services,232619,2024-07-01,46.5
Russell Carhouse,35000530,Other-Public Services,232619,2024-08-01,119.1
Russell Carhouse,35000530,Other-Public Services,232619,2024-09-01,174.25
Russell Carhouse,35000530,Other-Public Services,232619,2024-10-01,622.5
Russell Carhouse,35000530,Other-Public Services,232619,2024-11-01,1541.39
Russell Carhouse,35000530,Other-Public Services,232619,2024-12-01,1988.04
Sixth St Garage,35000531,Other-Public Services,6997,2024-01-01,1844.38
Sixth St Garage,35000531,Other-Public Services,6997,2024-02-01,1587.29
Sixth St Garage,35000531,Other-Public Services,6997,2024-03-01,1463.0
Sixth St Garage,35000531,Other-Public Services,6997,2024-04-01,3464.61
Sixth St Garage,35000531,Other-Public Services,6997,2024-05-01,1454.06
Sixth St Garage,35000531,Other-Public Services,6997,2024-06-01,102.03
Sixth St Garage,35000531,Other-Public Services,6997,2024-07-01,37.47
Sixth St Garage,35000531,Other-Public Services,6997,2024-08-01,7.5
Sixth St Garage,35000531,Other-Public Services,6997,2024-09-01,81.28
Sixth St Garage,35000531,Other-Public Services,6997,2024-10-01,389.86
Sixth St Garage,35000531,Other-Public Services,6997,2024-11-01,226.52
Sixth St Garage,35000531,Other-Public Services,6997,2024-12-01,2064.24
Property Operation Garage,35000528,Other-Public Services,12034,2024-01-01,3645.63
Property Operation Garage,35000528,Other-Public Services,12034,2024-02-01,4531.96
Property Operation Garage,35000528,Other-Public Services,12034,2024-03-01,1028.67
Property Operation Garage,35000528,Other-Public Services,12034,2024-04-01,1667.81
Property Operation Garage,35000528,Other-Public Services,12034,2024-05-01,1278.79
Property Operation Garage,35000528,Other-Public Services,12034,2024-06-01,0.48999999999999994
Property Operation Garage,35000528,Other-Public Services,12034,2024-07-01,0.38
Property Operation Garage,35000528,Other-Public Services,12034,2024-08-01,0.0
Property Operation Garage,35000528,Other-Public Services,12034,2024-09-01,13.94
Property Operation Garage,35000528,Other-Public Services,12034,2024-10-01,780.81
Property Operation Garage,35000528,Other-Public Services,12034,2024-11-01,3163.36
Property Operation Garage,35000528,Other-Public Services,12034,2024-12-01,4236.7
Rockcliffe Yard,35000529,Other-Public Services,14047,2024-01-01,6135.15
Rockcliffe Yard,35000529,Other-Public Services,14047,2024-02-01,4561.78
Rockcliffe Yard,35000529,Other-Public Services,14047,2024-03-01,4972.48
Rockcliffe Yard,35000529,Other-Public Services,14047,2024-04-01,2050.54
Rockcliffe Yard,35000529,Other-Public Services,14047,2024-05-01,326.02
Rockcliffe Yard,35000529,Other-Public Services,14047,2024-06-01,124.05
Rockcliffe Yard,35000529,Other-Public Services,14047,2024-07-01,70.49
Rockcliffe Yard,35000529,Other-Public Services,14047,2024-08-01,55.28
Rockcliffe Yard,35000529,Other-Public Services,14047,2024-09-01,152.1
Rockcliffe Yard,35000529,Other-Public Services,14047,2024-10-01,1693.6
Rockcliffe Yard,35000529,Other-Public Services,14047,2024-11-01,4400.96
Rockcliffe Yard,35000529,Other-Public Services,14047,2024-12-01,4599.27
Yonge Street Yard,35000540,Other-Public Services,20247,2024-01-01,5840.31
Yonge Street Yard,35000540,Other-Public Services,20247,2024-02-01,7587.93
Yonge Street Yard,35000540,Other-Public Services,20247,2024-03-01,7124.37
Yonge Street Yard,35000540,Other-Public Services,20247,2024-04-01,7223.67
Yonge Street Yard,35000540,Other-Public Services,20247,2024-05-01,648.63
Yonge Street Yard,35000540,Other-Public Services,20247,2024-06-01,35.41
Yonge Street Yard,35000540,Other-Public Services,20247,2024-07-01,84.59
Yonge Street Yard,35000540,Other-Public Services,20247,2024-08-01,12.06
Yonge Street Yard,35000540,Other-Public Services,20247,2024-09-01,14.0
Yonge Street Yard,35000540,Other-Public Services,20247,2024-10-01,1373.73
Yonge Street Yard,35000540,Other-Public Services,20247,2024-11-01,6308.5
Yonge Street Yard,35000540,Other-Public Services,20247,2024-12-01,8487.55
Whitlam Warehouse,35000538,Other-Public Services,24865,2024-01-01,8039.960000000001
Whitlam Warehouse,35000538,Other-Public Services,24865,2024-02-01,6192.62
Whitlam Warehouse,35000538,Other-Public Services,24865,2024-03-01,5486.38
Whitlam Warehouse,35000538,Other-Public Services,24865,2024-04-01,2652.83
Whitlam Warehouse,35000538,Other-Public Services,24865,2024-05-01,557.45
Whitlam Warehouse,35000538,Other-Public Services,24865,2024-06-01,1.5
Whitlam Warehouse,35000538,Other-Public Services,24865,2024-07-01,0.55
Whitlam Warehouse,35000538,Other-Public Services,24865,2024-08-01,0.0
Whitlam Warehouse,35000538,Other-Public Services,24865,2024-09-01,53.72
Whitlam Warehouse,35000538,Other-Public Services,24865,2024-10-01,1377.37
Whitlam Warehouse,35000538,Other-Public Services,24865,2024-11-01,4249.41
Whitlam Warehouse,35000538,Other-Public Services,24865,2024-12-01,8002.2
Winter Maintenance Depot,35000539,Other-Public Services,12152,2024-01-01,4794.92
Winter Maintenance Depot,35000539,Other-Public Services,12152,2024-02-01,3497.02
Winter Maintenance Depot,35000539,Other-Public Services,12152,2024-03-01,3294.37
Winter Maintenance Depot,35000539,Other-Public Services,12152,2024-04-01,1732.15
Winter Maintenance Depot,35000539,Other-Public Services,12152,2024-05-01,339.95
Winter Maintenance Depot,35000539,Other-Public Services,12152,2024-06-01,108.09
Winter Maintenance Depot,35000539,Other-Public Services,12152,2024-07-01,100.15
Winter Maintenance Depot,35000539,Other-Public Services,12152,2024-08-01,151.69
Winter Maintenance Depot,35000539,Other-Public Services,12152,2024-09-01,179.22
Winter Maintenance Depot,35000539,Other-Public Services,12152,2024-10-01,918.95
Winter Maintenance Depot,35000539,Other-Public Services,12152,2024-11-01,2028.3
Winter Maintenance Depot,35000539,Other-Public Services,12152,2024-12-01,3511.68
Wellington Yard & Office,35000536,Other-Public Services,2164,2024-01-01,0.0
Wellington Yard & Office,35000536,Other-Public Services,2164,2024-02-01,0.0
Wellington Yard & Office,35000536,Other-Public Services,2164,2024-03-01,0.0
Wellington Yard & Office,35000536,Other-Public Services,2164,2024-04-01,1.41
Wellington Yard & Office,35000536,Other-Public Services,2164,2024-05-01,1.45
Wellington Yard & Office,35000536,Other-Public Services,2164,2024-06-01,0.14
Wellington Yard & Office,35000536,Other-Public Services,2164,2024-07-01,0.0
Wellington Yard & Office,35000536,Other-Public Services,2164,2024-08-01,0.0
Wellington Yard & Office,35000536,Other-Public Services,2164,2024-09-01,0.0
Wellington Yard & Office,35000536,Other-Public Services,2164,2024-10-01,0.0
Wellington Yard & Office,35000536,Other-Public Services,2164,2024-11-01,0.0
Wellington Yard & Office,35000536,Other-Public Services,2164,2024-12-01,0.0
Western Yard (Obico),35000537,Other-Public Services,1,2024-01-01,80941.59
Western Yard (Obico),35000537,Other-Public Services,1,2024-02-01,60237.16
Western Yard (Obico),35000537,Other-Public Services,1,2024-03-01,56325.19
Western Yard (Obico),35000537,Other-Public Services,1,2024-04-01,36185.93
Western Yard (Obico),35000537,Other-Public Services,1,2024-05-01,9684.11
Western Yard (Obico),35000537,Other-Public Services,1,2024-06-01,2426.75
Western Yard (Obico),35000537,Other-Public Services,1,2024-07-01,671.32
Western Yard (Obico),35000537,Other-Public Services,1,2024-08-01,1943.78
Western Yard (Obico),35000537,Other-Public Services,1,2024-09-01,3886.1
Western Yard (Obico),35000537,Other-Public Services,1,2024-10-01,18235.87
Western Yard (Obico),35000537,Other-Public Services,1,2024-11-01,38879.9
Western Yard (Obico),35000537,Other-Public Services,1,2024-12-01,65033.049999999996
Morningside Yard,35000518,Other-Public Services,14779,2024-01-01,6170.01
Morningside Yard,35000518,Other-Public Services,14779,2024-02-01,5213.56
Morningside Yard,35000518,Other-Public Services,14779,2024-03-01,6861.77
Morningside Yard,35000518,Other-Public Services,14779,2024-04-01,3832.02
Morningside Yard,35000518,Other-Public Services,14779,2024-05-01,3959.75
Morningside Yard,35000518,Other-Public Services,14779,2024-06-01,3832.02
Morningside Yard,35000518,Other-Public Services,14779,2024-07-01,3959.75
Morningside Yard,35000518,Other-Public Services,14779,2024-08-01,3959.75
Morningside Yard,35000518,Other-Public Services,14779,2024-09-01,3832.02
Morningside Yard,35000518,Other-Public Services,14779,2024-10-01,3938.82
Morningside Yard,35000518,Other-Public Services,14779,2024-11-01,3656.34
Morningside Yard,35000518,Other-Public Services,14779,2024-12-01,5714.67
Mt. Dennis Bus Garage,35000519,Other-Public Services,710493,2024-01-01,368479.41
Mt. Dennis Bus Garage,35000519,Other-Public Services,710493,2024-02-01,296945.88
Mt. Dennis Bus Garage,35000519,Other-Public Services,710493,2024-03-01,277952.22
Mt. Dennis Bus Garage,35000519,Other-Public Services,710493,2024-04-01,185260.81
Mt. Dennis Bus Garage,35000519,Other-Public Services,710493,2024-05-01,74216.83
Mt. Dennis Bus Garage,35000519,Other-Public Services,710493,2024-06-01,18485.59
Mt. Dennis Bus Garage,35000519,Other-Public Services,710493,2024-07-01,2495.73
Mt. Dennis Bus Garage,35000519,Other-Public Services,710493,2024-08-01,4858.56
Mt. Dennis Bus Garage,35000519,Other-Public Services,710493,2024-09-01,17239.47
Mt. Dennis Bus Garage,35000519,Other-Public Services,710493,2024-10-01,104283.93
Mt. Dennis Bus Garage,35000519,Other-Public Services,710493,2024-11-01,207613.24
Mt. Dennis Bus Garage,35000519,Other-Public Services,710493,2024-12-01,325758.06
Leslie Yard,35000512,Other-Public Services,6135,2024-01-01,2881.66
Leslie Yard,35000512,Other-Public Services,6135,2024-02-01,2622.07
Leslie Yard,35000512,Other-Public Services,6135,2024-03-01,1843.07
Leslie Yard,35000512,Other-Public Services,6135,2024-04-01,1338.71
Leslie Yard,35000512,Other-Public Services,6135,2024-05-01,96.03
Leslie Yard,35000512,Other-Public Services,6135,2024-06-01,92.93
Leslie Yard,35000512,Other-Public Services,6135,2024-07-01,76.05
Leslie Yard,35000512,Other-Public Services,6135,2024-08-01,18.79
Leslie Yard,35000512,Other-Public Services,6135,2024-09-01,18.47
Leslie Yard,35000512,Other-Public Services,6135,2024-10-01,605.45
Leslie Yard,35000512,Other-Public Services,6135,2024-11-01,2355.52
Leslie Yard,35000512,Other-Public Services,6135,2024-12-01,3829.31
Pharmacy Yard,35000527,Other-Public Services,1851,2024-01-01,1096.96
Pharmacy Yard,35000527,Other-Public Services,1851,2024-02-01,682.11
Pharmacy Yard,35000527,Other-Public Services,1851,2024-03-01,1184.29
Pharmacy Yard,35000527,Other-Public Services,1851,2024-04-01,787.77
Pharmacy Yard,35000527,Other-Public Services,1851,2024-05-01,143.48
Pharmacy Yard,35000527,Other-Public Services,1851,2024-06-01,60.21
Pharmacy Yard,35000527,Other-Public Services,1851,2024-07-01,43.47
Pharmacy Yard,35000527,Other-Public Services,1851,2024-08-01,100.49
Pharmacy Yard,35000527,Other-Public Services,1851,2024-09-01,60.03999999999999
Pharmacy Yard,35000527,Other-Public Services,1851,2024-10-01,265.76
Pharmacy Yard,35000527,Other-Public Services,1851,2024-11-01,675.77
Pharmacy Yard,35000527,Other-Public Services,1851,2024-12-01,1179.5
Northline Parks and Garage,35000524,Other-Public Services,50041,2024-01-01,10681.31
Northline Parks and Garage,35000524,Other-Public Services,50041,2024-02-01,10474.76
Northline Parks and Garage,35000524,Other-Public Services,50041,2024-03-01,8769.98
Northline Parks and Garage,35000524,Other-Public Services,50041,2024-04-01,5847.3
Northline Parks and Garage,35000524,Other-Public Services,50041,2024-05-01,1725.66
Northline Parks and Garage,35000524,Other-Public Services,50041,2024-06-01,267.99
Northline Parks and Garage,35000524,Other-Public Services,50041,2024-07-01,303.58
Northline Parks and Garage,35000524,Other-Public Services,50041,2024-08-01,198.01
Northline Parks and Garage,35000524,Other-Public Services,50041,2024-09-01,145.21
Northline Parks and Garage,35000524,Other-Public Services,50041,2024-10-01,3056.49
Northline Parks and Garage,35000524,Other-Public Services,50041,2024-11-01,7983.77
Northline Parks and Garage,35000524,Other-Public Services,50041,2024-12-01,9786.58
Oriole Yard,35000525,Other-Public Services,26759,2024-01-01,20656.12
Oriole Yard,35000525,Other-Public Services,26759,2024-02-01,15160.889999999998
Oriole Yard,35000525,Other-Public Services,26759,2024-03-01,17256.91
Oriole Yard,35000525,Other-Public Services,26759,2024-04-01,9426.34
Oriole Yard,35000525,Other-Public Services,26759,2024-05-01,5577.19
Oriole Yard,35000525,Other-Public Services,26759,2024-06-01,390.5
Oriole Yard,35000525,Other-Public Services,26759,2024-07-01,307.33
Oriole Yard,35000525,Other-Public Services,26759,2024-08-01,294.28
Oriole Yard,35000525,Other-Public Services,26759,2024-09-01,1182.54
Oriole Yard,35000525,Other-Public Services,26759,2024-10-01,6011.85
Oriole Yard,35000525,Other-Public Services,26759,2024-11-01,12010.96
Oriole Yard,35000525,Other-Public Services,26759,2024-12-01,16086.089999999998
Northern Services Building,35000523,Other-Public Services,5769,2024-01-01,17269.22
Northern Services Building,35000523,Other-Public Services,5769,2024-02-01,8872.15
Northern Services Building,35000523,Other-Public Services,5769,2024-03-01,9576.2
Northern Services Building,35000523,Other-Public Services,5769,2024-04-01,4144.78
Northern Services Building,35000523,Other-Public Services,5769,2024-05-01,1367.58
Northern Services Building,35000523,Other-Public Services,5769,2024-06-01,171.77
Northern Services Building,35000523,Other-Public Services,5769,2024-07-01,53.5
Northern Services Building,35000523,Other-Public Services,5769,2024-08-01,183.07
Northern Services Building,35000523,Other-Public Services,5769,2024-09-01,202.1
Northern Services Building,35000523,Other-Public Services,5769,2024-10-01,2641.78
Northern Services Building,35000523,Other-Public Services,5769,2024-11-01,5796.46
Northern Services Building,35000523,Other-Public Services,5769,2024-12-01,9924.67
Murray Yard,35000520,Other-Public Services,38760,2024-01-01,11413.24
Murray Yard,35000520,Other-Public Services,38760,2024-02-01,5635.7
Murray Yard,35000520,Other-Public Services,38760,2024-03-01,6697.99
Murray Yard,35000520,Other-Public Services,38760,2024-04-01,1698.38
Murray Yard,35000520,Other-Public Services,38760,2024-05-01,1176.99
Murray Yard,35000520,Other-Public Services,38760,2024-06-01,1139.02
Murray Yard,35000520,Other-Public Services,38760,2024-07-01,233.42
Murray Yard,35000520,Other-Public Services,38760,2024-08-01,129.65
Murray Yard,35000520,Other-Public Services,38760,2024-09-01,126.42000000000002
Murray Yard,35000520,Other-Public Services,38760,2024-10-01,3162.6
Murray Yard,35000520,Other-Public Services,38760,2024-11-01,7110.52
Murray Yard,35000520,Other-Public Services,38760,2024-12-01,11464.01
Nashdene Yard,35000521,Other-Public Services,24176,2024-01-01,8041.77
Nashdene Yard,35000521,Other-Public Services,24176,2024-02-01,6234.17
Nashdene Yard,35000521,Other-Public Services,24176,2024-03-01,5219.46
Nashdene Yard,35000521,Other-Public Services,24176,2024-04-01,2930.16
Nashdene Yard,35000521,Other-Public Services,24176,2024-05-01,523.21
Nashdene Yard,35000521,Other-Public Services,24176,2024-06-01,178.64
Nashdene Yard,35000521,Other-Public Services,24176,2024-07-01,209.29
Nashdene Yard,35000521,Other-Public Services,24176,2024-08-01,164.42
Nashdene Yard,35000521,Other-Public Services,24176,2024-09-01,124.59000000000002
Nashdene Yard,35000521,Other-Public Services,24176,2024-10-01,1589.33
Nashdene Yard,35000521,Other-Public Services,24176,2024-11-01,2934.3
Nashdene Yard,35000521,Other-Public Services,24176,2024-12-01,7049.089999999999
North Queen St Storm Pumping Station,35000546,Other-Public Services,676,2024-01-01,438.28
North Queen St Storm Pumping Station,35000546,Other-Public Services,676,2024-02-01,308.38
North Queen St Storm Pumping Station,35000546,Other-Public Services,676,2024-03-01,259.78
North Queen St Storm Pumping Station,35000546,Other-Public Services,676,2024-04-01,143.55
North Queen St Storm Pumping Station,35000546,Other-Public Services,676,2024-05-01,18.14
North Queen St Storm Pumping Station,35000546,Other-Public Services,676,2024-06-01,1.37
North Queen St Storm Pumping Station,35000546,Other-Public Services,676,2024-07-01,3.82
North Queen St Storm Pumping Station,35000546,Other-Public Services,676,2024-08-01,37.54
North Queen St Storm Pumping Station,35000546,Other-Public Services,676,2024-09-01,18.64
North Queen St Storm Pumping Station,35000546,Other-Public Services,676,2024-10-01,6.0
North Queen St Storm Pumping Station,35000546,Other-Public Services,676,2024-11-01,152.83
North Queen St Storm Pumping Station,35000546,Other-Public Services,676,2024-12-01,223.25
Scarborough Transfer Station,35000596,Other-Public Services,96595,2024-01-01,10183.46
Scarborough Transfer Station,35000596,Other-Public Services,96595,2024-02-01,10058.51
Scarborough Transfer Station,35000596,Other-Public Services,96595,2024-03-01,7776.93
Scarborough Transfer Station,35000596,Other-Public Services,96595,2024-04-01,4134.62
Scarborough Transfer Station,35000596,Other-Public Services,96595,2024-05-01,1865.5
Scarborough Transfer Station,35000596,Other-Public Services,96595,2024-06-01,317.73
Scarborough Transfer Station,35000596,Other-Public Services,96595,2024-07-01,111.9
Scarborough Transfer Station,35000596,Other-Public Services,96595,2024-08-01,278.75
Scarborough Transfer Station,35000596,Other-Public Services,96595,2024-09-01,572.83
Scarborough Transfer Station,35000596,Other-Public Services,96595,2024-10-01,5073.63
Scarborough Transfer Station,35000596,Other-Public Services,96595,2024-11-01,7620.49
Scarborough Transfer Station,35000596,Other-Public Services,96595,2024-12-01,10910.77
Victoria Park Transfer Station,35000597,Other-Public Services,83959,2024-01-01,1153.28
Victoria Park Transfer Station,35000597,Other-Public Services,83959,2024-02-01,1078.87
Victoria Park Transfer Station,35000597,Other-Public Services,83959,2024-03-01,1153.28
Victoria Park Transfer Station,35000597,Other-Public Services,83959,2024-04-01,1116.07
Victoria Park Transfer Station,35000597,Other-Public Services,83959,2024-05-01,1131.6
Victoria Park Transfer Station,35000597,Other-Public Services,83959,2024-06-01,859.77
Victoria Park Transfer Station,35000597,Other-Public Services,83959,2024-07-01,413.05
Victoria Park Transfer Station,35000597,Other-Public Services,83959,2024-08-01,1019.5000000000001
Victoria Park Transfer Station,35000597,Other-Public Services,83959,2024-09-01,1455.8
Victoria Park Transfer Station,35000597,Other-Public Services,83959,2024-10-01,3872.01
Victoria Park Transfer Station,35000597,Other-Public Services,83959,2024-11-01,7494.87
Victoria Park Transfer Station,35000597,Other-Public Services,83959,2024-12-01,14466.08
Dufferin Transfer Station,35000594,Other-Public Services,120663,2024-01-01,56612.03
Dufferin Transfer Station,35000594,Other-Public Services,120663,2024-02-01,41019.28
Dufferin Transfer Station,35000594,Other-Public Services,120663,2024-03-01,32879.97
Dufferin Transfer Station,35000594,Other-Public Services,120663,2024-04-01,23113.66
Dufferin Transfer Station,35000594,Other-Public Services,120663,2024-05-01,5556.26
Dufferin Transfer Station,35000594,Other-Public Services,120663,2024-06-01,2150.5
Dufferin Transfer Station,35000594,Other-Public Services,120663,2024-07-01,2716.03
Dufferin Transfer Station,35000594,Other-Public Services,120663,2024-08-01,3877.33
Dufferin Transfer Station,35000594,Other-Public Services,120663,2024-09-01,2684.16
Dufferin Transfer Station,35000594,Other-Public Services,120663,2024-10-01,8519.07
Dufferin Transfer Station,35000594,Other-Public Services,120663,2024-11-01,16306.34
Dufferin Transfer Station,35000594,Other-Public Services,120663,2024-12-01,24679.19
Ingram Drive Transfer Station,35000595,Other-Public Services,112268,2024-01-01,13836.61
Ingram Drive Transfer Station,35000595,Other-Public Services,112268,2024-02-01,7431.71
Ingram Drive Transfer Station,35000595,Other-Public Services,112268,2024-03-01,8014.660000000001
Ingram Drive Transfer Station,35000595,Other-Public Services,112268,2024-04-01,3723.25
Ingram Drive Transfer Station,35000595,Other-Public Services,112268,2024-05-01,782.67
Ingram Drive Transfer Station,35000595,Other-Public Services,112268,2024-06-01,323.3
Ingram Drive Transfer Station,35000595,Other-Public Services,112268,2024-07-01,161.53
Ingram Drive Transfer Station,35000595,Other-Public Services,112268,2024-08-01,137.43
Ingram Drive Transfer Station,35000595,Other-Public Services,112268,2024-09-01,606.68
Ingram Drive Transfer Station,35000595,Other-Public Services,112268,2024-10-01,2164.22
Ingram Drive Transfer Station,35000595,Other-Public Services,112268,2024-11-01,6238.82
Ingram Drive Transfer Station,35000595,Other-Public Services,112268,2024-12-01,8951.12
Commissioners St Transfer Stn,35000592,Other-Public Services,76424,2024-01-01,27242.68
Commissioners St Transfer Stn,35000592,Other-Public Services,76424,2024-02-01,21062.52
Commissioners St Transfer Stn,35000592,Other-Public Services,76424,2024-03-01,19153.7
Commissioners St Transfer Stn,35000592,Other-Public Services,76424,2024-04-01,12362.99
Commissioners St Transfer Stn,35000592,Other-Public Services,76424,2024-05-01,4097.64
Commissioners St Transfer Stn,35000592,Other-Public Services,76424,2024-06-01,1019.8099999999998
Commissioners St Transfer Stn,35000592,Other-Public Services,76424,2024-07-01,105.7
Commissioners St Transfer Stn,35000592,Other-Public Services,76424,2024-08-01,405.73
Commissioners St Transfer Stn,35000592,Other-Public Services,76424,2024-09-01,1996.0599999999997
Commissioners St Transfer Stn,35000592,Other-Public Services,76424,2024-10-01,8082.620000000001
Commissioners St Transfer Stn,35000592,Other-Public Services,76424,2024-11-01,24714.9
Commissioners St Transfer Stn,35000592,Other-Public Services,76424,2024-12-01,12970.4
Disco Road Transfer Station,35000593,Other-Public Services,57049,2024-01-01,123.14
Disco Road Transfer Station,35000593,Other-Public Services,57049,2024-02-01,108.36
Disco Road Transfer Station,35000593,Other-Public Services,57049,2024-03-01,116.25
Disco Road Transfer Station,35000593,Other-Public Services,57049,2024-04-01,137.93
Disco Road Transfer Station,35000593,Other-Public Services,57049,2024-05-01,132.36
Disco Road Transfer Station,35000593,Other-Public Services,57049,2024-06-01,94.56
Disco Road Transfer Station,35000593,Other-Public Services,57049,2024-07-01,110.52
Disco Road Transfer Station,35000593,Other-Public Services,57049,2024-08-01,111.03
Disco Road Transfer Station,35000593,Other-Public Services,57049,2024-09-01,109.85
Disco Road Transfer Station,35000593,Other-Public Services,57049,2024-10-01,116.14
Disco Road Transfer Station,35000593,Other-Public Services,57049,2024-11-01,113.86
Disco Road Transfer Station,35000593,Other-Public Services,57049,2024-12-01,128.29
Bermondsey Transfer Station,35000591,Other-Public Services,48976,2024-01-01,1068.27
Bermondsey Transfer Station,35000591,Other-Public Services,48976,2024-02-01,1219.82
Bermondsey Transfer Station,35000591,Other-Public Services,48976,2024-03-01,1012.0000000000001
Bermondsey Transfer Station,35000591,Other-Public Services,48976,2024-04-01,451.06
Bermondsey Transfer Station,35000591,Other-Public Services,48976,2024-05-01,95.09
Bermondsey Transfer Station,35000591,Other-Public Services,48976,2024-06-01,2.58
Bermondsey Transfer Station,35000591,Other-Public Services,48976,2024-07-01,0.0
Bermondsey Transfer Station,35000591,Other-Public Services,48976,2024-08-01,0.0
Bermondsey Transfer Station,35000591,Other-Public Services,48976,2024-09-01,22.67
Bermondsey Transfer Station,35000591,Other-Public Services,48976,2024-10-01,343.27
Bermondsey Transfer Station,35000591,Other-Public Services,48976,2024-11-01,188.06
Bermondsey Transfer Station,35000591,Other-Public Services,48976,2024-12-01,1531.06
20 The Queensway,35000627,Transportation,1,2024-01-01,5513.724137931034
20 The Queensway,35000627,Transportation,1,2024-02-01,3468.0255839822025
20 The Queensway,35000627,Transportation,1,2024-03-01,2139.0088987764184
20 The Queensway,35000627,Transportation,1,2024-04-01,731.6362625139043
20 The Queensway,35000627,Transportation,1,2024-05-01,405.5
20 The Queensway,35000627,Transportation,1,2024-06-01,227.46774193548384
20 The Queensway,35000627,Transportation,1,2024-07-01,107.29254727474972
20 The Queensway,35000627,Transportation,1,2024-08-01,161.1217672413793
20 The Queensway,35000627,Transportation,1,2024-09-01,170.34375
20 The Queensway,35000627,Transportation,1,2024-10-01,1102.1666666666667
20 The Queensway,35000627,Transportation,1,2024-11-01,1412.5476190476193
20 The Queensway,35000627,Transportation,1,2024-12-01,1445.9285714285716
700 Arrow Rd,35000639,Transportation,230000,2024-01-01,221210.97
700 Arrow Rd,35000639,Transportation,230000,2024-02-01,175674.07
700 Arrow Rd,35000639,Transportation,230000,2024-03-01,167725.42
700 Arrow Rd,35000639,Transportation,230000,2024-04-01,106989.98
700 Arrow Rd,35000639,Transportation,230000,2024-05-01,26405.01
700 Arrow Rd,35000639,Transportation,230000,2024-06-01,10025.04
700 Arrow Rd,35000639,Transportation,230000,2024-07-01,2741.24
700 Arrow Rd,35000639,Transportation,230000,2024-08-01,5644.7
700 Arrow Rd,35000639,Transportation,230000,2024-09-01,10764.85
700 Arrow Rd,35000639,Transportation,230000,2024-10-01,47109.38
700 Arrow Rd,35000639,Transportation,230000,2024-11-01,127849.6
700 Arrow Rd,35000639,Transportation,230000,2024-12-01,201209.0
Union Station,35000619,Transportation,986748,2024-01-01,17612.24
Union Station,35000619,Transportation,986748,2024-02-01,19256.71
Union Station,35000619,Transportation,986748,2024-03-01,21494.89
Union Station,35000619,Transportation,986748,2024-04-01,23430.97
Union Station,35000619,Transportation,986748,2024-05-01,22152.28
Union Station,35000619,Transportation,986748,2024-06-01,22617.25
Union Station,35000619,Transportation,986748,2024-07-01,23021.0
Union Station,35000619,Transportation,986748,2024-08-01,23856.81
Union Station,35000619,Transportation,986748,2024-09-01,23433.47
Union Station,35000619,Transportation,986748,2024-10-01,24754.72
Union Station,35000619,Transportation,986748,2024-11-01,25434.19
Union Station,35000619,Transportation,986748,2024-12-01,26281.31
Snow Melter Cisa,35000616,Other-Public Services,1,2024-01-01,0.0
Snow Melter Cisa,35000616,Other-Public Services,1,2024-02-01,0.0
Snow Melter Cisa,35000616,Other-Public Services,1,2024-03-01,0.0
Snow Melter Cisa,35000616,Other-Public Services,1,2024-04-01,0.0
Snow Melter Cisa,35000616,Other-Public Services,1,2024-05-01,0.0
Snow Melter Cisa,35000616,Other-Public Services,1,2024-06-01,0.0
Snow Melter Cisa,35000616,Other-Public Services,1,2024-07-01,0.0
Snow Melter Cisa,35000616,Other-Public Services,1,2024-08-01,0.0
Snow Melter Cisa,35000616,Other-Public Services,1,2024-09-01,0.0
Snow Melter Cisa,35000616,Other-Public Services,1,2024-10-01,0.0
Snow Melter Cisa,35000616,Other-Public Services,1,2024-11-01,0.0
Snow Melter Cisa,35000616,Other-Public Services,1,2024-12-01,0.0
Coxwell Subway Stn,35000662,Transportation,1,2024-01-01,24565.17
Coxwell Subway Stn,35000662,Transportation,1,2024-02-01,16145.22
Coxwell Subway Stn,35000662,Transportation,1,2024-03-01,17577.27
Coxwell Subway Stn,35000662,Transportation,1,2024-04-01,3072.91
Coxwell Subway Stn,35000662,Transportation,1,2024-05-01,1657.02
Coxwell Subway Stn,35000662,Transportation,1,2024-06-01,3797.83
Coxwell Subway Stn,35000662,Transportation,1,2024-07-01,3924.42
Coxwell Subway Stn,35000662,Transportation,1,2024-08-01,3924.42
Coxwell Subway Stn,35000662,Transportation,1,2024-09-01,3050.53
Coxwell Subway Stn,35000662,Transportation,1,2024-10-01,4428.08
Coxwell Subway Stn,35000662,Transportation,1,2024-11-01,14459.75
Coxwell Subway Stn,35000662,Transportation,1,2024-12-01,41075.36
Davisville Garage & Shop,35000664,Transportation,120450,2024-01-01,79464.68
Davisville Garage & Shop,35000664,Transportation,120450,2024-02-01,63077.350000000006
Davisville Garage & Shop,35000664,Transportation,120450,2024-03-01,53551.54
Davisville Garage & Shop,35000664,Transportation,120450,2024-04-01,43065.55
Davisville Garage & Shop,35000664,Transportation,120450,2024-05-01,9192.09
Davisville Garage & Shop,35000664,Transportation,120450,2024-06-01,2398.35
Davisville Garage & Shop,35000664,Transportation,120450,2024-07-01,622.5
Davisville Garage & Shop,35000664,Transportation,120450,2024-08-01,362.73
Davisville Garage & Shop,35000664,Transportation,120450,2024-09-01,582.17
Davisville Garage & Shop,35000664,Transportation,120450,2024-10-01,14684.5
Davisville Garage & Shop,35000664,Transportation,120450,2024-11-01,43822.45
Davisville Garage & Shop,35000664,Transportation,120450,2024-12-01,96711.15
Birchmount Bus Garage,35000649,Transportation,150996,2024-01-01,276309.65
Birchmount Bus Garage,35000649,Transportation,150996,2024-02-01,239157.16
Birchmount Bus Garage,35000649,Transportation,150996,2024-03-01,231815.86
Birchmount Bus Garage,35000649,Transportation,150996,2024-04-01,162444.64
Birchmount Bus Garage,35000649,Transportation,150996,2024-05-01,37204.22
Birchmount Bus Garage,35000649,Transportation,150996,2024-06-01,7989.160000000001
Birchmount Bus Garage,35000649,Transportation,150996,2024-07-01,1429.08
Birchmount Bus Garage,35000649,Transportation,150996,2024-08-01,659.03
Birchmount Bus Garage,35000649,Transportation,150996,2024-09-01,2289.18
Birchmount Bus Garage,35000649,Transportation,150996,2024-10-01,90323.69
Birchmount Bus Garage,35000649,Transportation,150996,2024-11-01,176790.91
Birchmount Bus Garage,35000649,Transportation,150996,2024-12-01,243779.04
"Hillcrest, Gunn, Bathurst Garage",35000695,Transportation,295000,2024-01-01,468887.48
"Hillcrest, Gunn, Bathurst Garage",35000695,Transportation,295000,2024-02-01,376783.02
"Hillcrest, Gunn, Bathurst Garage",35000695,Transportation,295000,2024-03-01,352230.06
"Hillcrest, Gunn, Bathurst Garage",35000695,Transportation,295000,2024-04-01,210883.94
"Hillcrest, Gunn, Bathurst Garage",35000695,Transportation,295000,2024-05-01,72416.9
"Hillcrest, Gunn, Bathurst Garage",35000695,Transportation,295000,2024-06-01,33856.48
"Hillcrest, Gunn, Bathurst Garage",35000695,Transportation,295000,2024-07-01,21020.82
"Hillcrest, Gunn, Bathurst Garage",35000695,Transportation,295000,2024-08-01,31934.540000000005
"Hillcrest, Gunn, Bathurst Garage",35000695,Transportation,295000,2024-09-01,42803.73
"Hillcrest, Gunn, Bathurst Garage",35000695,Transportation,295000,2024-10-01,126184.52
"Hillcrest, Gunn, Bathurst Garage",35000695,Transportation,295000,2024-11-01,237410.53
"Hillcrest, Gunn, Bathurst Garage",35000695,Transportation,295000,2024-12-01,365372.45
Eglinton Garage,35000678,Transportation,120986,2024-01-01,117084.28
Eglinton Garage,35000678,Transportation,120986,2024-02-01,87168.26
Eglinton Garage,35000678,Transportation,120986,2024-03-01,83420.97
Eglinton Garage,35000678,Transportation,120986,2024-04-01,54956.69
Eglinton Garage,35000678,Transportation,120986,2024-05-01,15416.22
Eglinton Garage,35000678,Transportation,120986,2024-06-01,5129.42
Eglinton Garage,35000678,Transportation,120986,2024-07-01,831.81
Eglinton Garage,35000678,Transportation,120986,2024-08-01,29.1
Eglinton Garage,35000678,Transportation,120986,2024-09-01,16746.44
Eglinton Garage,35000678,Transportation,120986,2024-10-01,37236.33
Eglinton Garage,35000678,Transportation,120986,2024-11-01,65152.72
Eglinton Garage,35000678,Transportation,120986,2024-12-01,109361.1
Dupont Subway Stn,35000676,Transportation,1,2024-01-01,35.6
Dupont Subway Stn,35000676,Transportation,1,2024-02-01,24.22
Dupont Subway Stn,35000676,Transportation,1,2024-03-01,12.78
Dupont Subway Stn,35000676,Transportation,1,2024-04-01,71.13
Dupont Subway Stn,35000676,Transportation,1,2024-05-01,91.91
Dupont Subway Stn,35000676,Transportation,1,2024-06-01,30.41
Dupont Subway Stn,35000676,Transportation,1,2024-07-01,12.55
Dupont Subway Stn,35000676,Transportation,1,2024-08-01,30.0
Dupont Subway Stn,35000676,Transportation,1,2024-09-01,33.9
Dupont Subway Stn,35000676,Transportation,1,2024-10-01,16.36
Dupont Subway Stn,35000676,Transportation,1,2024-11-01,31.600000000000005
Dupont Subway Stn,35000676,Transportation,1,2024-12-01,27.0
McNicoll Bus Garage,35000724,Transportation,830283,2024-01-01,170147.15
McNicoll Bus Garage,35000724,Transportation,830283,2024-02-01,155252.97
McNicoll Bus Garage,35000724,Transportation,830283,2024-03-01,148511.32
McNicoll Bus Garage,35000724,Transportation,830283,2024-04-01,108159.27
McNicoll Bus Garage,35000724,Transportation,830283,2024-05-01,43605.55
McNicoll Bus Garage,35000724,Transportation,830283,2024-06-01,15135.73
McNicoll Bus Garage,35000724,Transportation,830283,2024-07-01,5196.99
McNicoll Bus Garage,35000724,Transportation,830283,2024-08-01,14287.1
McNicoll Bus Garage,35000724,Transportation,830283,2024-09-01,25368.01
McNicoll Bus Garage,35000724,Transportation,830283,2024-10-01,68447.5
McNicoll Bus Garage,35000724,Transportation,830283,2024-11-01,107937.65
McNicoll Bus Garage,35000724,Transportation,830283,2024-12-01,186358.8
Malvern Garage & Shop,35000722,Transportation,574125,2024-01-01,459390.59
Malvern Garage & Shop,35000722,Transportation,574125,2024-02-01,376362.29
Malvern Garage & Shop,35000722,Transportation,574125,2024-03-01,365572.45
Malvern Garage & Shop,35000722,Transportation,574125,2024-04-01,235744.35
Malvern Garage & Shop,35000722,Transportation,574125,2024-05-01,70988.97
Malvern Garage & Shop,35000722,Transportation,574125,2024-06-01,11851.26
Malvern Garage & Shop,35000722,Transportation,574125,2024-07-01,1655.41
Malvern Garage & Shop,35000722,Transportation,574125,2024-08-01,863.77
Malvern Garage & Shop,35000722,Transportation,574125,2024-09-01,1466.55
Malvern Garage & Shop,35000722,Transportation,574125,2024-10-01,95290.62
Malvern Garage & Shop,35000722,Transportation,574125,2024-11-01,248913.79
Malvern Garage & Shop,35000722,Transportation,574125,2024-12-01,367136.51
McCowan Substation,35000723,Transportation,1,2024-01-01,4518.57
McCowan Substation,35000723,Transportation,1,2024-02-01,2218.74
McCowan Substation,35000723,Transportation,1,2024-03-01,1853.09
McCowan Substation,35000723,Transportation,1,2024-04-01,943.45
McCowan Substation,35000723,Transportation,1,2024-05-01,241.5
McCowan Substation,35000723,Transportation,1,2024-06-01,145.43
McCowan Substation,35000723,Transportation,1,2024-07-01,170.47
McCowan Substation,35000723,Transportation,1,2024-08-01,147.93
McCowan Substation,35000723,Transportation,1,2024-09-01,0.0
McCowan Substation,35000723,Transportation,1,2024-10-01,742.95
McCowan Substation,35000723,Transportation,1,2024-11-01,3665.24
McCowan Substation,35000723,Transportation,1,2024-12-01,9844.54
Oakvale Substation,35000731,Transportation,1,2024-01-01,181958.75
Oakvale Substation,35000731,Transportation,1,2024-02-01,166414.1
Oakvale Substation,35000731,Transportation,1,2024-03-01,146963.98
Oakvale Substation,35000731,Transportation,1,2024-04-01,124430.9
Oakvale Substation,35000731,Transportation,1,2024-05-01,56791.25
Oakvale Substation,35000731,Transportation,1,2024-06-01,7531.25
Oakvale Substation,35000731,Transportation,1,2024-07-01,349.83
Oakvale Substation,35000731,Transportation,1,2024-08-01,71.97
Oakvale Substation,35000731,Transportation,1,2024-09-01,531.15
Oakvale Substation,35000731,Transportation,1,2024-10-01,57667.98
Oakvale Substation,35000731,Transportation,1,2024-11-01,123220.16
Oakvale Substation,35000731,Transportation,1,2024-12-01,151874.44
Lakeshore Garage & Shop,35000711,Transportation,305356,2024-01-01,87068.55
Lakeshore Garage & Shop,35000711,Transportation,305356,2024-02-01,83686.52
Lakeshore Garage & Shop,35000711,Transportation,305356,2024-03-01,75675.04
Lakeshore Garage & Shop,35000711,Transportation,305356,2024-04-01,57935.77
Lakeshore Garage & Shop,35000711,Transportation,305356,2024-05-01,32206.36
Lakeshore Garage & Shop,35000711,Transportation,305356,2024-06-01,8736.51
Lakeshore Garage & Shop,35000711,Transportation,305356,2024-07-01,1737.26
Lakeshore Garage & Shop,35000711,Transportation,305356,2024-08-01,2474.16
Lakeshore Garage & Shop,35000711,Transportation,305356,2024-09-01,6801.33
Lakeshore Garage & Shop,35000711,Transportation,305356,2024-10-01,32580.670000000002
Lakeshore Garage & Shop,35000711,Transportation,305356,2024-11-01,64054.62
Lakeshore Garage & Shop,35000711,Transportation,305356,2024-12-01,75440.78
Russell Substation,35000755,Transportation,1,2024-01-01,31665.01
Russell Substation,35000755,Transportation,1,2024-02-01,25519.67
Russell Substation,35000755,Transportation,1,2024-03-01,23965.9
Russell Substation,35000755,Transportation,1,2024-04-01,20115.52
Russell Substation,35000755,Transportation,1,2024-05-01,9190.19
Russell Substation,35000755,Transportation,1,2024-06-01,2346.47
Russell Substation,35000755,Transportation,1,2024-07-01,0.0
Russell Substation,35000755,Transportation,1,2024-08-01,0.0
Russell Substation,35000755,Transportation,1,2024-09-01,275.97
Russell Substation,35000755,Transportation,1,2024-10-01,14510.53
Russell Substation,35000755,Transportation,1,2024-11-01,22165.01
Russell Substation,35000755,Transportation,1,2024-12-01,22586.5
Toronto-York Spadina Subway,35000767,Transportation,1,2024-01-01,529908.18
Toronto-York Spadina Subway,35000767,Transportation,1,2024-02-01,397120.96
Toronto-York Spadina Subway,35000767,Transportation,1,2024-03-01,386267.09
Toronto-York Spadina Subway,35000767,Transportation,1,2024-04-01,272251.29
Toronto-York Spadina Subway,35000767,Transportation,1,2024-05-01,66882.6
Toronto-York Spadina Subway,35000767,Transportation,1,2024-06-01,5025.71
Toronto-York Spadina Subway,35000767,Transportation,1,2024-07-01,82.69
Toronto-York Spadina Subway,35000767,Transportation,1,2024-08-01,188.42
Toronto-York Spadina Subway,35000767,Transportation,1,2024-09-01,10687.55
Toronto-York Spadina Subway,35000767,Transportation,1,2024-10-01,116504.8
Toronto-York Spadina Subway,35000767,Transportation,1,2024-11-01,229375.62
Toronto-York Spadina Subway,35000767,Transportation,1,2024-12-01,429874.84
Roncesvalles Substation,35000750,Transportation,1,2024-01-01,59602.59
Roncesvalles Substation,35000750,Transportation,1,2024-02-01,44311.62
Roncesvalles Substation,35000750,Transportation,1,2024-03-01,34660.17
Roncesvalles Substation,35000750,Transportation,1,2024-04-01,30455.36
Roncesvalles Substation,35000750,Transportation,1,2024-05-01,12116.64
Roncesvalles Substation,35000750,Transportation,1,2024-06-01,2523.98
Roncesvalles Substation,35000750,Transportation,1,2024-07-01,448.39
Roncesvalles Substation,35000750,Transportation,1,2024-08-01,909.4
Roncesvalles Substation,35000750,Transportation,1,2024-09-01,1823.26
Roncesvalles Substation,35000750,Transportation,1,2024-10-01,24405.3
Roncesvalles Substation,35000750,Transportation,1,2024-11-01,34991.08
Roncesvalles Substation,35000750,Transportation,1,2024-12-01,53675.87
Queensway Garage & Shop,35000747,Transportation,123426,2024-01-01,219050.66
Queensway Garage & Shop,35000747,Transportation,123426,2024-02-01,186271.71
Queensway Garage & Shop,35000747,Transportation,123426,2024-03-01,189671.38
Queensway Garage & Shop,35000747,Transportation,123426,2024-04-01,133818.31
Queensway Garage & Shop,35000747,Transportation,123426,2024-05-01,48217.57
Queensway Garage & Shop,35000747,Transportation,123426,2024-06-01,7468.39
Queensway Garage & Shop,35000747,Transportation,123426,2024-07-01,1155.04
Queensway Garage & Shop,35000747,Transportation,123426,2024-08-01,1376.93
Queensway Garage & Shop,35000747,Transportation,123426,2024-09-01,7930.78
Queensway Garage & Shop,35000747,Transportation,123426,2024-10-01,84063.56
Queensway Garage & Shop,35000747,Transportation,123426,2024-11-01,182658.85
Queensway Garage & Shop,35000747,Transportation,123426,2024-12-01,241478.01
Milliken Pumping Station,35000829,Utilities / Infrastructure,1,2024-01-01,0.0
Milliken Pumping Station,35000829,Utilities / Infrastructure,1,2024-02-01,0.0
Milliken Pumping Station,35000829,Utilities / Infrastructure,1,2024-03-01,0.0
Milliken Pumping Station,35000829,Utilities / Infrastructure,1,2024-04-01,0.0
Milliken Pumping Station,35000829,Utilities / Infrastructure,1,2024-05-01,0.0
Milliken Pumping Station,35000829,Utilities / Infrastructure,1,2024-06-01,0.0
Milliken Pumping Station,35000829,Utilities / Infrastructure,1,2024-07-01,0.0
Milliken Pumping Station,35000829,Utilities / Infrastructure,1,2024-08-01,0.0
Milliken Pumping Station,35000829,Utilities / Infrastructure,1,2024-09-01,0.0
Milliken Pumping Station,35000829,Utilities / Infrastructure,1,2024-10-01,0.0
Milliken Pumping Station,35000829,Utilities / Infrastructure,1,2024-11-01,0.0
Milliken Pumping Station,35000829,Utilities / Infrastructure,1,2024-12-01,0.0
2340 Dundas St W (Crossways),34999095,Administrative / Office,1,2024-01-01,7859.53
2340 Dundas St W (Crossways),34999095,Administrative / Office,1,2024-02-01,6306.9
2340 Dundas St W (Crossways),34999095,Administrative / Office,1,2024-03-01,5110.45
2340 Dundas St W (Crossways),34999095,Administrative / Office,1,2024-04-01,4298.75
2340 Dundas St W (Crossways),34999095,Administrative / Office,1,2024-05-01,857.52
2340 Dundas St W (Crossways),34999095,Administrative / Office,1,2024-06-01,393.88
2340 Dundas St W (Crossways),34999095,Administrative / Office,1,2024-07-01,375.74
2340 Dundas St W (Crossways),34999095,Administrative / Office,1,2024-08-01,370.7
2340 Dundas St W (Crossways),34999095,Administrative / Office,1,2024-09-01,315.8
2340 Dundas St W (Crossways),34999095,Administrative / Office,1,2024-10-01,1920.85
2340 Dundas St W (Crossways),34999095,Administrative / Office,1,2024-11-01,4125.23
2340 Dundas St W (Crossways),34999095,Administrative / Office,1,2024-12-01,7476.93
2118 Danforth Ave - Ward 19 Office,34999092,Administrative / Office,1,2024-01-01,279.5
2118 Danforth Ave - Ward 19 Office,34999092,Administrative / Office,1,2024-02-01,233.34000000000003
2118 Danforth Ave - Ward 19 Office,34999092,Administrative / Office,1,2024-03-01,139.39
2118 Danforth Ave - Ward 19 Office,34999092,Administrative / Office,1,2024-04-01,38.0
2118 Danforth Ave - Ward 19 Office,34999092,Administrative / Office,1,2024-05-01,21.72
2118 Danforth Ave - Ward 19 Office,34999092,Administrative / Office,1,2024-06-01,2.9
2118 Danforth Ave - Ward 19 Office,34999092,Administrative / Office,1,2024-07-01,6.02
2118 Danforth Ave - Ward 19 Office,34999092,Administrative / Office,1,2024-08-01,9.48
2118 Danforth Ave - Ward 19 Office,34999092,Administrative / Office,1,2024-09-01,9.21
2118 Danforth Ave - Ward 19 Office,34999092,Administrative / Office,1,2024-10-01,45.19
2118 Danforth Ave - Ward 19 Office,34999092,Administrative / Office,1,2024-11-01,138.53
2118 Danforth Ave - Ward 19 Office,34999092,Administrative / Office,1,2024-12-01,286.38
18 Dyas Rd.,34999090,Administrative / Office,73927,2024-01-01,12518.96
18 Dyas Rd.,34999090,Administrative / Office,73927,2024-02-01,9145.14
18 Dyas Rd.,34999090,Administrative / Office,73927,2024-03-01,8359.58
18 Dyas Rd.,34999090,Administrative / Office,73927,2024-04-01,4142.55
18 Dyas Rd.,34999090,Administrative / Office,73927,2024-05-01,617.77
18 Dyas Rd.,34999090,Administrative / Office,73927,2024-06-01,706.41
18 Dyas Rd.,34999090,Administrative / Office,73927,2024-07-01,772.95
18 Dyas Rd.,34999090,Administrative / Office,73927,2024-08-01,576.14
18 Dyas Rd.,34999090,Administrative / Office,73927,2024-09-01,571.84
18 Dyas Rd.,34999090,Administrative / Office,73927,2024-10-01,2906.71
18 Dyas Rd.,34999090,Administrative / Office,73927,2024-11-01,5276.81
18 Dyas Rd.,34999090,Administrative / Office,73927,2024-12-01,10168.5
2 Civic Centre Court,34999091,Administrative / Office,46145,2024-01-01,10148.11
2 Civic Centre Court,34999091,Administrative / Office,46145,2024-02-01,7531.130000000001
2 Civic Centre Court,34999091,Administrative / Office,46145,2024-03-01,5877.37
2 Civic Centre Court,34999091,Administrative / Office,46145,2024-04-01,2450.78
2 Civic Centre Court,34999091,Administrative / Office,46145,2024-05-01,491.17
2 Civic Centre Court,34999091,Administrative / Office,46145,2024-06-01,196.81
2 Civic Centre Court,34999091,Administrative / Office,46145,2024-07-01,194.29
2 Civic Centre Court,34999091,Administrative / Office,46145,2024-08-01,171.48
2 Civic Centre Court,34999091,Administrative / Office,46145,2024-09-01,145.91
2 Civic Centre Court,34999091,Administrative / Office,46145,2024-10-01,162.84
2 Civic Centre Court,34999091,Administrative / Office,46145,2024-11-01,3230.58
2 Civic Centre Court,34999091,Administrative / Office,46145,2024-12-01,9694.0
175 Memorial Park Ave,34999089,Administrative / Office,6394,2024-01-01,1687.58
175 Memorial Park Ave,34999089,Administrative / Office,6394,2024-02-01,1374.02
175 Memorial Park Ave,34999089,Administrative / Office,6394,2024-03-01,1145.05
175 Memorial Park Ave,34999089,Administrative / Office,6394,2024-04-01,587.76
175 Memorial Park Ave,34999089,Administrative / Office,6394,2024-05-01,79.04
175 Memorial Park Ave,34999089,Administrative / Office,6394,2024-06-01,286.11
175 Memorial Park Ave,34999089,Administrative / Office,6394,2024-07-01,337.14
175 Memorial Park Ave,34999089,Administrative / Office,6394,2024-08-01,34.05
175 Memorial Park Ave,34999089,Administrative / Office,6394,2024-09-01,81.39
175 Memorial Park Ave,34999089,Administrative / Office,6394,2024-10-01,435.7
175 Memorial Park Ave,34999089,Administrative / Office,6394,2024-11-01,932.79
175 Memorial Park Ave,34999089,Administrative / Office,6394,2024-12-01,1528.37
Archives and Records Centre,34999102,Administrative / Office,39590,2024-01-01,7160.15
Archives and Records Centre,34999102,Administrative / Office,39590,2024-02-01,6763.2
Archives and Records Centre,34999102,Administrative / Office,39590,2024-03-01,5241.37
Archives and Records Centre,34999102,Administrative / Office,39590,2024-04-01,3078.49
Archives and Records Centre,34999102,Administrative / Office,39590,2024-05-01,275.06
Archives and Records Centre,34999102,Administrative / Office,39590,2024-06-01,248.48999999999998
Archives and Records Centre,34999102,Administrative / Office,39590,2024-07-01,332.31
Archives and Records Centre,34999102,Administrative / Office,39590,2024-08-01,140.88
Archives and Records Centre,34999102,Administrative / Office,39590,2024-09-01,383.2
Archives and Records Centre,34999102,Administrative / Office,39590,2024-10-01,1624.88
Archives and Records Centre,34999102,Administrative / Office,39590,2024-11-01,3703.72
Archives and Records Centre,34999102,Administrative / Office,39590,2024-12-01,5614.12
Atlantic Ave Storage Bldg,34999103,Administrative / Office,43002,2024-01-01,6193.64
Atlantic Ave Storage Bldg,34999103,Administrative / Office,43002,2024-02-01,5633.0
Atlantic Ave Storage Bldg,34999103,Administrative / Office,43002,2024-03-01,4676.0
Atlantic Ave Storage Bldg,34999103,Administrative / Office,43002,2024-04-01,2350.03
Atlantic Ave Storage Bldg,34999103,Administrative / Office,43002,2024-05-01,913.06
Atlantic Ave Storage Bldg,34999103,Administrative / Office,43002,2024-06-01,138.86
Atlantic Ave Storage Bldg,34999103,Administrative / Office,43002,2024-07-01,94.05
Atlantic Ave Storage Bldg,34999103,Administrative / Office,43002,2024-08-01,173.79
Atlantic Ave Storage Bldg,34999103,Administrative / Office,43002,2024-09-01,167.21
Atlantic Ave Storage Bldg,34999103,Administrative / Office,43002,2024-10-01,1421.0
Atlantic Ave Storage Bldg,34999103,Administrative / Office,43002,2024-11-01,1191.2896551724136
Atlantic Ave Storage Bldg,34999103,Administrative / Office,43002,2024-12-01,6273.39
51 Lisgar,34999099,Administrative / Office,10053,2024-01-01,2185.07
51 Lisgar,34999099,Administrative / Office,10053,2024-02-01,1660.49
51 Lisgar,34999099,Administrative / Office,10053,2024-03-01,1151.84
51 Lisgar,34999099,Administrative / Office,10053,2024-04-01,549.88
51 Lisgar,34999099,Administrative / Office,10053,2024-05-01,563.88
51 Lisgar,34999099,Administrative / Office,10053,2024-06-01,349.12
51 Lisgar,34999099,Administrative / Office,10053,2024-07-01,32.0
51 Lisgar,34999099,Administrative / Office,10053,2024-08-01,1127.74
51 Lisgar,34999099,Administrative / Office,10053,2024-09-01,1710.09
51 Lisgar,34999099,Administrative / Office,10053,2024-10-01,852.84
51 Lisgar,34999099,Administrative / Office,10053,2024-11-01,616.91
51 Lisgar,34999099,Administrative / Office,10053,2024-12-01,1575.56
275 Merton St,34999096,Administrative / Office,66747,2024-01-01,16052.100000000002
275 Merton St,34999096,Administrative / Office,66747,2024-02-01,15001.100000000002
275 Merton St,34999096,Administrative / Office,66747,2024-03-01,14045.25
275 Merton St,34999096,Administrative / Office,66747,2024-04-01,11502.12
275 Merton St,34999096,Administrative / Office,66747,2024-05-01,5055.89
275 Merton St,34999096,Administrative / Office,66747,2024-06-01,1630.77
275 Merton St,34999096,Administrative / Office,66747,2024-07-01,653.9
275 Merton St,34999096,Administrative / Office,66747,2024-08-01,532.31
275 Merton St,34999096,Administrative / Office,66747,2024-09-01,1743.59
275 Merton St,34999096,Administrative / Office,66747,2024-10-01,7642.18
275 Merton St,34999096,Administrative / Office,66747,2024-11-01,12644.21
275 Merton St,34999096,Administrative / Office,66747,2024-12-01,12840.0
Property Dept Workshop,34999127,Administrative / Office,39170,2024-01-01,16694.04
Property Dept Workshop,34999127,Administrative / Office,39170,2024-02-01,15574.89
Property Dept Workshop,34999127,Administrative / Office,39170,2024-03-01,13995.12
Property Dept Workshop,34999127,Administrative / Office,39170,2024-04-01,9242.1
Property Dept Workshop,34999127,Administrative / Office,39170,2024-05-01,1939.49
Property Dept Workshop,34999127,Administrative / Office,39170,2024-06-01,4613.87
Property Dept Workshop,34999127,Administrative / Office,39170,2024-07-01,1481.43
Property Dept Workshop,34999127,Administrative / Office,39170,2024-08-01,0.0
Property Dept Workshop,34999127,Administrative / Office,39170,2024-09-01,16.02
Property Dept Workshop,34999127,Administrative / Office,39170,2024-10-01,4244.53
Property Dept Workshop,34999127,Administrative / Office,39170,2024-11-01,13406.99
Property Dept Workshop,34999127,Administrative / Office,39170,2024-12-01,15935.0
North York Civic Centre,34999124,Administrative / Office,303518,2024-01-01,65605.79
North York Civic Centre,34999124,Administrative / Office,303518,2024-02-01,59607.329999999994
North York Civic Centre,34999124,Administrative / Office,303518,2024-03-01,53388.82
North York Civic Centre,34999124,Administrative / Office,303518,2024-04-01,35932.63
North York Civic Centre,34999124,Administrative / Office,303518,2024-05-01,16271.769999999999
North York Civic Centre,34999124,Administrative / Office,303518,2024-06-01,9419.82
North York Civic Centre,34999124,Administrative / Office,303518,2024-07-01,9329.94
North York Civic Centre,34999124,Administrative / Office,303518,2024-08-01,8986.84
North York Civic Centre,34999124,Administrative / Office,303518,2024-09-01,8725.69
North York Civic Centre,34999124,Administrative / Office,303518,2024-10-01,21141.48
North York Civic Centre,34999124,Administrative / Office,303518,2024-11-01,38788.53
North York Civic Centre,34999124,Administrative / Office,303518,2024-12-01,63544.49
North York District Office,34999125,Administrative / Office,11501,2024-01-01,3936.31
North York District Office,34999125,Administrative / Office,11501,2024-02-01,4072.12
North York District Office,34999125,Administrative / Office,11501,2024-03-01,3246.13
North York District Office,34999125,Administrative / Office,11501,2024-04-01,1813.49
North York District Office,34999125,Administrative / Office,11501,2024-05-01,969.08
North York District Office,34999125,Administrative / Office,11501,2024-06-01,248.28
North York District Office,34999125,Administrative / Office,11501,2024-07-01,351.64
North York District Office,34999125,Administrative / Office,11501,2024-08-01,146.5
North York District Office,34999125,Administrative / Office,11501,2024-09-01,390.18
North York District Office,34999125,Administrative / Office,11501,2024-10-01,981.32
North York District Office,34999125,Administrative / Office,11501,2024-11-01,3689.81
North York District Office,34999125,Administrative / Office,11501,2024-12-01,4223.75
Golden Mile Employment & Social Services,34999120,Administrative / Office,45000,2024-01-01,9553.13
Golden Mile Employment & Social Services,34999120,Administrative / Office,45000,2024-02-01,10878.18
Golden Mile Employment & Social Services,34999120,Administrative / Office,45000,2024-03-01,9326.68
Golden Mile Employment & Social Services,34999120,Administrative / Office,45000,2024-04-01,5643.0
Golden Mile Employment & Social Services,34999120,Administrative / Office,45000,2024-05-01,1196.63
Golden Mile Employment & Social Services,34999120,Administrative / Office,45000,2024-06-01,256.04
Golden Mile Employment & Social Services,34999120,Administrative / Office,45000,2024-07-01,337.59
Golden Mile Employment & Social Services,34999120,Administrative / Office,45000,2024-08-01,230.02
Golden Mile Employment & Social Services,34999120,Administrative / Office,45000,2024-09-01,237.28
Golden Mile Employment & Social Services,34999120,Administrative / Office,45000,2024-10-01,2923.61
Golden Mile Employment & Social Services,34999120,Administrative / Office,45000,2024-11-01,8232.05
Golden Mile Employment & Social Services,34999120,Administrative / Office,45000,2024-12-01,9511.98
Health Office - Jane Street Clinic,34999121,Administrative / Office,2540,2024-01-01,0.73
Health Office - Jane Street Clinic,34999121,Administrative / Office,2540,2024-02-01,0.97
Health Office - Jane Street Clinic,34999121,Administrative / Office,2540,2024-03-01,1.03
Health Office - Jane Street Clinic,34999121,Administrative / Office,2540,2024-04-01,1.0
Health Office - Jane Street Clinic,34999121,Administrative / Office,2540,2024-05-01,0.27
Health Office - Jane Street Clinic,34999121,Administrative / Office,2540,2024-06-01,0.0
Health Office - Jane Street Clinic,34999121,Administrative / Office,2540,2024-07-01,0.37
Health Office - Jane Street Clinic,34999121,Administrative / Office,2540,2024-08-01,0.5
Health Office - Jane Street Clinic,34999121,Administrative / Office,2540,2024-09-01,1.21
Health Office - Jane Street Clinic,34999121,Administrative / Office,2540,2024-10-01,1.52
Health Office - Jane Street Clinic,34999121,Administrative / Office,2540,2024-11-01,2.59
Health Office - Jane Street Clinic,34999121,Administrative / Office,2540,2024-12-01,3.1
The Queensway Employment & Social Services,34999134,Administrative / Office,22497,2024-01-01,4414.63
The Queensway Employment & Social Services,34999134,Administrative / Office,22497,2024-02-01,4613.11
The Queensway Employment & Social Services,34999134,Administrative / Office,22497,2024-03-01,3956.29
The Queensway Employment & Social Services,34999134,Administrative / Office,22497,2024-04-01,2223.57
The Queensway Employment & Social Services,34999134,Administrative / Office,22497,2024-05-01,403.64
The Queensway Employment & Social Services,34999134,Administrative / Office,22497,2024-06-01,2.88
The Queensway Employment & Social Services,34999134,Administrative / Office,22497,2024-07-01,2.98
The Queensway Employment & Social Services,34999134,Administrative / Office,22497,2024-08-01,2.98
The Queensway Employment & Social Services,34999134,Administrative / Office,22497,2024-09-01,12.29
The Queensway Employment & Social Services,34999134,Administrative / Office,22497,2024-10-01,1013.0100000000001
The Queensway Employment & Social Services,34999134,Administrative / Office,22497,2024-11-01,3069.18
The Queensway Employment & Social Services,34999134,Administrative / Office,22497,2024-12-01,3732.71
Toronto Island Service Office,34999135,Administrative / Office,20968,2024-01-01,1715.03
Toronto Island Service Office,34999135,Administrative / Office,20968,2024-02-01,1586.97
Toronto Island Service Office,34999135,Administrative / Office,20968,2024-03-01,944.35
Toronto Island Service Office,34999135,Administrative / Office,20968,2024-04-01,657.15
Toronto Island Service Office,34999135,Administrative / Office,20968,2024-05-01,82.68
Toronto Island Service Office,34999135,Administrative / Office,20968,2024-06-01,0.0
Toronto Island Service Office,34999135,Administrative / Office,20968,2024-07-01,2.03
Toronto Island Service Office,34999135,Administrative / Office,20968,2024-08-01,4.97
Toronto Island Service Office,34999135,Administrative / Office,20968,2024-09-01,55.63
Toronto Island Service Office,34999135,Administrative / Office,20968,2024-10-01,389.62
Toronto Island Service Office,34999135,Administrative / Office,20968,2024-11-01,856.8
Toronto Island Service Office,34999135,Administrative / Office,20968,2024-12-01,1771.26
South District Office & Workshop,34999132,Administrative / Office,13487,2024-01-01,4022.16
South District Office & Workshop,34999132,Administrative / Office,13487,2024-02-01,3342.18
South District Office & Workshop,34999132,Administrative / Office,13487,2024-03-01,3179.86
South District Office & Workshop,34999132,Administrative / Office,13487,2024-04-01,1645.63
South District Office & Workshop,34999132,Administrative / Office,13487,2024-05-01,317.25
South District Office & Workshop,34999132,Administrative / Office,13487,2024-06-01,14.26
South District Office & Workshop,34999132,Administrative / Office,13487,2024-07-01,38.4
South District Office & Workshop,34999132,Administrative / Office,13487,2024-08-01,4.14
South District Office & Workshop,34999132,Administrative / Office,13487,2024-09-01,25.8
South District Office & Workshop,34999132,Administrative / Office,13487,2024-10-01,628.97
South District Office & Workshop,34999132,Administrative / Office,13487,2024-11-01,2552.78
South District Office & Workshop,34999132,Administrative / Office,13487,2024-12-01,3779.49
St Lawrence Hall,34999133,Administrative / Office,55413,2024-01-01,9185.03
St Lawrence Hall,34999133,Administrative / Office,55413,2024-02-01,10789.68
St Lawrence Hall,34999133,Administrative / Office,55413,2024-03-01,5719.45
St Lawrence Hall,34999133,Administrative / Office,55413,2024-04-01,3871.8400000000006
St Lawrence Hall,34999133,Administrative / Office,55413,2024-05-01,2177.5
St Lawrence Hall,34999133,Administrative / Office,55413,2024-06-01,2308.05
St Lawrence Hall,34999133,Administrative / Office,55413,2024-07-01,2384.93
St Lawrence Hall,34999133,Administrative / Office,55413,2024-08-01,2377.24
St Lawrence Hall,34999133,Administrative / Office,55413,2024-09-01,2194.6
St Lawrence Hall,34999133,Administrative / Office,55413,2024-10-01,2934.84
St Lawrence Hall,34999133,Administrative / Office,55413,2024-11-01,4717.52
St Lawrence Hall,34999133,Administrative / Office,55413,2024-12-01,6158.87
Scarborough Civic Centre,34999130,Administrative / Office,372868,2024-01-01,56099.67
Scarborough Civic Centre,34999130,Administrative / Office,372868,2024-02-01,49966.18
Scarborough Civic Centre,34999130,Administrative / Office,372868,2024-03-01,40789.15
Scarborough Civic Centre,34999130,Administrative / Office,372868,2024-04-01,25962.33
Scarborough Civic Centre,34999130,Administrative / Office,372868,2024-05-01,7761.67
Scarborough Civic Centre,34999130,Administrative / Office,372868,2024-06-01,950.63
Scarborough Civic Centre,34999130,Administrative / Office,372868,2024-07-01,1122.38
Scarborough Civic Centre,34999130,Administrative / Office,372868,2024-08-01,1019.2400000000001
Scarborough Civic Centre,34999130,Administrative / Office,372868,2024-09-01,1078.28
Scarborough Civic Centre,34999130,Administrative / Office,372868,2024-10-01,16569.57
Scarborough Civic Centre,34999130,Administrative / Office,372868,2024-11-01,23733.39
Scarborough Civic Centre,34999130,Administrative / Office,372868,2024-12-01,43225.87
Scarborough Village Employment & Social Services,34999131,Administrative / Office,1,2024-01-01,7909.04
Scarborough Village Employment & Social Services,34999131,Administrative / Office,1,2024-02-01,6754.72
Scarborough Village Employment & Social Services,34999131,Administrative / Office,1,2024-03-01,6007.72
Scarborough Village Employment & Social Services,34999131,Administrative / Office,1,2024-04-01,5136.47
Scarborough Village Employment & Social Services,34999131,Administrative / Office,1,2024-05-01,2553.5
Scarborough Village Employment & Social Services,34999131,Administrative / Office,1,2024-06-01,3404.54
Scarborough Village Employment & Social Services,34999131,Administrative / Office,1,2024-07-01,3157.97
Scarborough Village Employment & Social Services,34999131,Administrative / Office,1,2024-08-01,3182.77
Scarborough Village Employment & Social Services,34999131,Administrative / Office,1,2024-09-01,2625.78
Scarborough Village Employment & Social Services,34999131,Administrative / Office,1,2024-10-01,4007.1700000000005
Scarborough Village Employment & Social Services,34999131,Administrative / Office,1,2024-11-01,5948.78
Scarborough Village Employment & Social Services,34999131,Administrative / Office,1,2024-12-01,7765.99
Public Health HQ,34999128,Administrative / Office,111385,2024-01-01,6346.83
Public Health HQ,34999128,Administrative / Office,111385,2024-02-01,4271.11
Public Health HQ,34999128,Administrative / Office,111385,2024-03-01,2218.17
Public Health HQ,34999128,Administrative / Office,111385,2024-04-01,2012.31
Public Health HQ,34999128,Administrative / Office,111385,2024-05-01,107.37
Public Health HQ,34999128,Administrative / Office,111385,2024-06-01,241.95
Public Health HQ,34999128,Administrative / Office,111385,2024-07-01,250.07
Public Health HQ,34999128,Administrative / Office,111385,2024-08-01,177.47
Public Health HQ,34999128,Administrative / Office,111385,2024-09-01,3.0
Public Health HQ,34999128,Administrative / Office,111385,2024-10-01,663.02
Public Health HQ,34999128,Administrative / Office,111385,2024-11-01,2572.62
Public Health HQ,34999128,Administrative / Office,111385,2024-12-01,6666.85
Rexdale Community Hub,34999129,Administrative / Office,96369,2024-01-01,17335.45
Rexdale Community Hub,34999129,Administrative / Office,96369,2024-02-01,17998.56
Rexdale Community Hub,34999129,Administrative / Office,96369,2024-03-01,14004.18
Rexdale Community Hub,34999129,Administrative / Office,96369,2024-04-01,5990.71
Rexdale Community Hub,34999129,Administrative / Office,96369,2024-05-01,1402.87
Rexdale Community Hub,34999129,Administrative / Office,96369,2024-06-01,456.15
Rexdale Community Hub,34999129,Administrative / Office,96369,2024-07-01,15.25
Rexdale Community Hub,34999129,Administrative / Office,96369,2024-08-01,422.26
Rexdale Community Hub,34999129,Administrative / Office,96369,2024-09-01,471.87
Rexdale Community Hub,34999129,Administrative / Office,96369,2024-10-01,6830.82
Rexdale Community Hub,34999129,Administrative / Office,96369,2024-11-01,7367.23
Rexdale Community Hub,34999129,Administrative / Office,96369,2024-12-01,19296.75
City Hall Ancillary Office Building,34999110,Administrative / Office,14768,2024-01-01,889.41
City Hall Ancillary Office Building,34999110,Administrative / Office,14768,2024-02-01,911.29
City Hall Ancillary Office Building,34999110,Administrative / Office,14768,2024-03-01,2163.97
City Hall Ancillary Office Building,34999110,Administrative / Office,14768,2024-04-01,1897.06
City Hall Ancillary Office Building,34999110,Administrative / Office,14768,2024-05-01,255.84000000000003
City Hall Ancillary Office Building,34999110,Administrative / Office,14768,2024-06-01,275.39
City Hall Ancillary Office Building,34999110,Administrative / Office,14768,2024-07-01,195.75
City Hall Ancillary Office Building,34999110,Administrative / Office,14768,2024-08-01,0.0
City Hall Ancillary Office Building,34999110,Administrative / Office,14768,2024-09-01,8.61
City Hall Ancillary Office Building,34999110,Administrative / Office,14768,2024-10-01,270.52
City Hall Ancillary Office Building,34999110,Administrative / Office,14768,2024-11-01,1489.79
City Hall Ancillary Office Building,34999110,Administrative / Office,14768,2024-12-01,3415.48
Dufferin Employment & Social Services,34999111,Administrative / Office,27894,2024-01-01,2958.14
Dufferin Employment & Social Services,34999111,Administrative / Office,27894,2024-02-01,2625.46
Dufferin Employment & Social Services,34999111,Administrative / Office,27894,2024-03-01,2549.09
Dufferin Employment & Social Services,34999111,Administrative / Office,27894,2024-04-01,1360.69
Dufferin Employment & Social Services,34999111,Administrative / Office,27894,2024-05-01,1372.74
Dufferin Employment & Social Services,34999111,Administrative / Office,27894,2024-06-01,1926.5
Dufferin Employment & Social Services,34999111,Administrative / Office,27894,2024-07-01,2210.22
Dufferin Employment & Social Services,34999111,Administrative / Office,27894,2024-08-01,2210.22
Dufferin Employment & Social Services,34999111,Administrative / Office,27894,2024-09-01,2138.92
Dufferin Employment & Social Services,34999111,Administrative / Office,27894,2024-10-01,1805.14
Dufferin Employment & Social Services,34999111,Administrative / Office,27894,2024-11-01,5995.42
Dufferin Employment & Social Services,34999111,Administrative / Office,27894,2024-12-01,6393.5
City Clerk's Office (2 Hobson Ave),34999108,Administrative / Office,34843,2024-01-01,7015.31
City Clerk's Office (2 Hobson Ave),34999108,Administrative / Office,34843,2024-02-01,5745.07
City Clerk's Office (2 Hobson Ave),34999108,Administrative / Office,34843,2024-03-01,5050.5
City Clerk's Office (2 Hobson Ave),34999108,Administrative / Office,34843,2024-04-01,4157.16
City Clerk's Office (2 Hobson Ave),34999108,Administrative / Office,34843,2024-05-01,1305.44
City Clerk's Office (2 Hobson Ave),34999108,Administrative / Office,34843,2024-06-01,65.81
City Clerk's Office (2 Hobson Ave),34999108,Administrative / Office,34843,2024-07-01,62.879999999999995
City Clerk's Office (2 Hobson Ave),34999108,Administrative / Office,34843,2024-08-01,57.43
City Clerk's Office (2 Hobson Ave),34999108,Administrative / Office,34843,2024-09-01,108.88
City Clerk's Office (2 Hobson Ave),34999108,Administrative / Office,34843,2024-10-01,1723.13
City Clerk's Office (2 Hobson Ave),34999108,Administrative / Office,34843,2024-11-01,4975.26
City Clerk's Office (2 Hobson Ave),34999108,Administrative / Office,34843,2024-12-01,5824.54
City Hall,34999109,Administrative / Office,780061,2024-01-01,397.28
City Hall,34999109,Administrative / Office,780061,2024-02-01,359.06
City Hall,34999109,Administrative / Office,780061,2024-03-01,1033.23
City Hall,34999109,Administrative / Office,780061,2024-04-01,564.11
City Hall,34999109,Administrative / Office,780061,2024-05-01,169.76
City Hall,34999109,Administrative / Office,780061,2024-06-01,179.57
City Hall,34999109,Administrative / Office,780061,2024-07-01,205.59
City Hall,34999109,Administrative / Office,780061,2024-08-01,194.42
City Hall,34999109,Administrative / Office,780061,2024-09-01,194.32
City Hall,34999109,Administrative / Office,780061,2024-10-01,177.09
City Hall,34999109,Administrative / Office,780061,2024-11-01,190.19
City Hall,34999109,Administrative / Office,780061,2024-12-01,133.71
Bridlewood Employment & Social Services,34999106,Administrative / Office,34399,2024-01-01,567.25
Bridlewood Employment & Social Services,34999106,Administrative / Office,34399,2024-02-01,530.66
Bridlewood Employment & Social Services,34999106,Administrative / Office,34399,2024-03-01,861.45
Bridlewood Employment & Social Services,34999106,Administrative / Office,34399,2024-04-01,720.7
Bridlewood Employment & Social Services,34999106,Administrative / Office,34399,2024-05-01,217.55
Bridlewood Employment & Social Services,34999106,Administrative / Office,34399,2024-06-01,27.1
Bridlewood Employment & Social Services,34999106,Administrative / Office,34399,2024-07-01,59.26
Bridlewood Employment & Social Services,34999106,Administrative / Office,34399,2024-08-01,76.49
Bridlewood Employment & Social Services,34999106,Administrative / Office,34399,2024-09-01,76.53
Bridlewood Employment & Social Services,34999106,Administrative / Office,34399,2024-10-01,269.49
Bridlewood Employment & Social Services,34999106,Administrative / Office,34399,2024-11-01,473.18
Bridlewood Employment & Social Services,34999106,Administrative / Office,34399,2024-12-01,535.91
Chaplin Crescent Storage,34999107,Administrative / Office,18299,2024-01-01,3982.38
Chaplin Crescent Storage,34999107,Administrative / Office,18299,2024-02-01,3049.07
Chaplin Crescent Storage,34999107,Administrative / Office,18299,2024-03-01,2469.45
Chaplin Crescent Storage,34999107,Administrative / Office,18299,2024-04-01,976.81
Chaplin Crescent Storage,34999107,Administrative / Office,18299,2024-05-01,74.0
Chaplin Crescent Storage,34999107,Administrative / Office,18299,2024-06-01,59.68
Chaplin Crescent Storage,34999107,Administrative / Office,18299,2024-07-01,0.0
Chaplin Crescent Storage,34999107,Administrative / Office,18299,2024-08-01,23.17
Chaplin Crescent Storage,34999107,Administrative / Office,18299,2024-09-01,158.49
Chaplin Crescent Storage,34999107,Administrative / Office,18299,2024-10-01,230.34
Chaplin Crescent Storage,34999107,Administrative / Office,18299,2024-11-01,369.28
Chaplin Crescent Storage,34999107,Administrative / Office,18299,2024-12-01,3853.39
Attwell Employment & Social Services,34999104,Administrative / Office,20279,2024-01-01,9237.09
Attwell Employment & Social Services,34999104,Administrative / Office,20279,2024-02-01,6250.25
Attwell Employment & Social Services,34999104,Administrative / Office,20279,2024-03-01,4642.52
Attwell Employment & Social Services,34999104,Administrative / Office,20279,2024-04-01,2245.81
Attwell Employment & Social Services,34999104,Administrative / Office,20279,2024-05-01,177.75
Attwell Employment & Social Services,34999104,Administrative / Office,20279,2024-06-01,58.07
Attwell Employment & Social Services,34999104,Administrative / Office,20279,2024-07-01,6.5
Attwell Employment & Social Services,34999104,Administrative / Office,20279,2024-08-01,85.63
Attwell Employment & Social Services,34999104,Administrative / Office,20279,2024-09-01,92.22
Attwell Employment & Social Services,34999104,Administrative / Office,20279,2024-10-01,1221.59
Attwell Employment & Social Services,34999104,Administrative / Office,20279,2024-11-01,2845.41
Attwell Employment & Social Services,34999104,Administrative / Office,20279,2024-12-01,7452.64
Beaches Employment & Social Services,34999105,Administrative / Office,25327,2024-01-01,7041.65
Beaches Employment & Social Services,34999105,Administrative / Office,25327,2024-02-01,5440.36
Beaches Employment & Social Services,34999105,Administrative / Office,25327,2024-03-01,4776.12
Beaches Employment & Social Services,34999105,Administrative / Office,25327,2024-04-01,2951.94
Beaches Employment & Social Services,34999105,Administrative / Office,25327,2024-05-01,743.6
Beaches Employment & Social Services,34999105,Administrative / Office,25327,2024-06-01,810.06
Beaches Employment & Social Services,34999105,Administrative / Office,25327,2024-07-01,623.01
Beaches Employment & Social Services,34999105,Administrative / Office,25327,2024-08-01,488.48
Beaches Employment & Social Services,34999105,Administrative / Office,25327,2024-09-01,523.56
Beaches Employment & Social Services,34999105,Administrative / Office,25327,2024-10-01,1127.21
Beaches Employment & Social Services,34999105,Administrative / Office,25327,2024-11-01,3284.56
Beaches Employment & Social Services,34999105,Administrative / Office,25327,2024-12-01,5921.91
Former Hydro Building,34999119,Administrative / Office,22497,2024-01-01,7737.0
Former Hydro Building,34999119,Administrative / Office,22497,2024-02-01,7927.810000000001
Former Hydro Building,34999119,Administrative / Office,22497,2024-03-01,4857.3
Former Hydro Building,34999119,Administrative / Office,22497,2024-04-01,5119.38
Former Hydro Building,34999119,Administrative / Office,22497,2024-05-01,1088.37
Former Hydro Building,34999119,Administrative / Office,22497,2024-06-01,312.24
Former Hydro Building,34999119,Administrative / Office,22497,2024-07-01,133.51
Former Hydro Building,34999119,Administrative / Office,22497,2024-08-01,10.15
Former Hydro Building,34999119,Administrative / Office,22497,2024-09-01,84.73
Former Hydro Building,34999119,Administrative / Office,22497,2024-10-01,2726.69
Former Hydro Building,34999119,Administrative / Office,22497,2024-11-01,4228.46
Former Hydro Building,34999119,Administrative / Office,22497,2024-12-01,9189.92
Election Services Building,34999116,Administrative / Office,55004,2024-01-01,12445.71
Election Services Building,34999116,Administrative / Office,55004,2024-02-01,9603.64
Election Services Building,34999116,Administrative / Office,55004,2024-03-01,8022.610000000001
Election Services Building,34999116,Administrative / Office,55004,2024-04-01,5191.32
Election Services Building,34999116,Administrative / Office,55004,2024-05-01,1376.89
Election Services Building,34999116,Administrative / Office,55004,2024-06-01,614.46
Election Services Building,34999116,Administrative / Office,55004,2024-07-01,585.07
Election Services Building,34999116,Administrative / Office,55004,2024-08-01,3.91
Election Services Building,34999116,Administrative / Office,55004,2024-09-01,77.19
Election Services Building,34999116,Administrative / Office,55004,2024-10-01,2401.8
Election Services Building,34999116,Administrative / Office,55004,2024-11-01,7190.97
Election Services Building,34999116,Administrative / Office,55004,2024-12-01,12373.59
Etobicoke Civic Centre,34999117,Administrative / Office,154925,2024-01-01,40580.36
Etobicoke Civic Centre,34999117,Administrative / Office,154925,2024-02-01,32331.95
Etobicoke Civic Centre,34999117,Administrative / Office,154925,2024-03-01,27895.69
Etobicoke Civic Centre,34999117,Administrative / Office,154925,2024-04-01,18666.31
Etobicoke Civic Centre,34999117,Administrative / Office,154925,2024-05-01,4947.7
Etobicoke Civic Centre,34999117,Administrative / Office,154925,2024-06-01,896.85
Etobicoke Civic Centre,34999117,Administrative / Office,154925,2024-07-01,1024.2
Etobicoke Civic Centre,34999117,Administrative / Office,154925,2024-08-01,894.62
Etobicoke Civic Centre,34999117,Administrative / Office,154925,2024-09-01,1859.74
Etobicoke Civic Centre,34999117,Administrative / Office,154925,2024-10-01,12104.82
Etobicoke Civic Centre,34999117,Administrative / Office,154925,2024-11-01,22905.81
Etobicoke Civic Centre,34999117,Administrative / Office,154925,2024-12-01,41224.79
East York Civic Centre,34999114,Administrative / Office,67544,2024-01-01,22144.27
East York Civic Centre,34999114,Administrative / Office,67544,2024-02-01,19804.96
East York Civic Centre,34999114,Administrative / Office,67544,2024-03-01,19402.87
East York Civic Centre,34999114,Administrative / Office,67544,2024-04-01,14708.69
East York Civic Centre,34999114,Administrative / Office,67544,2024-05-01,5783.49
East York Civic Centre,34999114,Administrative / Office,67544,2024-06-01,1339.85
East York Civic Centre,34999114,Administrative / Office,67544,2024-07-01,514.15
East York Civic Centre,34999114,Administrative / Office,67544,2024-08-01,342.28
East York Civic Centre,34999114,Administrative / Office,67544,2024-09-01,793.22
East York Civic Centre,34999114,Administrative / Office,67544,2024-10-01,5043.81
East York Civic Centre,34999114,Administrative / Office,67544,2024-11-01,12194.81
East York Civic Centre,34999114,Administrative / Office,67544,2024-12-01,18508.17
Eastville Training Centre,34999115,Administrative / Office,19849,2024-01-01,6613.92
Eastville Training Centre,34999115,Administrative / Office,19849,2024-02-01,4695.15
Eastville Training Centre,34999115,Administrative / Office,19849,2024-03-01,4427.06
Eastville Training Centre,34999115,Administrative / Office,19849,2024-04-01,2648.8
Eastville Training Centre,34999115,Administrative / Office,19849,2024-05-01,687.52
Eastville Training Centre,34999115,Administrative / Office,19849,2024-06-01,342.17
Eastville Training Centre,34999115,Administrative / Office,19849,2024-07-01,0.0
Eastville Training Centre,34999115,Administrative / Office,19849,2024-08-01,0.0
Eastville Training Centre,34999115,Administrative / Office,19849,2024-09-01,0.0
Eastville Training Centre,34999115,Administrative / Office,19849,2024-10-01,1430.38
Eastville Training Centre,34999115,Administrative / Office,19849,2024-11-01,3348.25
Eastville Training Centre,34999115,Administrative / Office,19849,2024-12-01,4181.88
Dyas Road Archive Bldg,34999112,Administrative / Office,28589,2024-01-01,9667.59
Dyas Road Archive Bldg,34999112,Administrative / Office,28589,2024-02-01,7640.06
Dyas Road Archive Bldg,34999112,Administrative / Office,28589,2024-03-01,6729.9
Dyas Road Archive Bldg,34999112,Administrative / Office,28589,2024-04-01,3599.26
Dyas Road Archive Bldg,34999112,Administrative / Office,28589,2024-05-01,1218.19
Dyas Road Archive Bldg,34999112,Administrative / Office,28589,2024-06-01,91.76
Dyas Road Archive Bldg,34999112,Administrative / Office,28589,2024-07-01,96.29
Dyas Road Archive Bldg,34999112,Administrative / Office,28589,2024-08-01,73.41
Dyas Road Archive Bldg,34999112,Administrative / Office,28589,2024-09-01,70.82
Dyas Road Archive Bldg,34999112,Administrative / Office,28589,2024-10-01,1830.31
Dyas Road Archive Bldg,34999112,Administrative / Office,28589,2024-11-01,6192.9
Dyas Road Archive Bldg,34999112,Administrative / Office,28589,2024-12-01,6141.0
East Court & Municipal Services,34999113,Administrative / Office,120104,2024-01-01,16824.61
East Court & Municipal Services,34999113,Administrative / Office,120104,2024-02-01,13629.57
East Court & Municipal Services,34999113,Administrative / Office,120104,2024-03-01,10922.86
East Court & Municipal Services,34999113,Administrative / Office,120104,2024-04-01,6626.23
East Court & Municipal Services,34999113,Administrative / Office,120104,2024-05-01,1800.09
East Court & Municipal Services,34999113,Administrative / Office,120104,2024-06-01,1073.91
East Court & Municipal Services,34999113,Administrative / Office,120104,2024-07-01,601.05
East Court & Municipal Services,34999113,Administrative / Office,120104,2024-08-01,448.62
East Court & Municipal Services,34999113,Administrative / Office,120104,2024-09-01,521.6
East Court & Municipal Services,34999113,Administrative / Office,120104,2024-10-01,3934.93
East Court & Municipal Services,34999113,Administrative / Office,120104,2024-11-01,8808.36
East Court & Municipal Services,34999113,Administrative / Office,120104,2024-12-01,17588.26
TPS Station #33,34999158,Other-Public Services,3132,2024-01-01,2055.37
TPS Station #33,34999158,Other-Public Services,3132,2024-02-01,911.57
TPS Station #33,34999158,Other-Public Services,3132,2024-03-01,1517.9976666666666
TPS Station #33,34999158,Other-Public Services,3132,2024-04-01,51.63
TPS Station #33,34999158,Other-Public Services,3132,2024-05-01,2.84
TPS Station #33,34999158,Other-Public Services,3132,2024-06-01,2.75
TPS Station #33,34999158,Other-Public Services,3132,2024-07-01,3.1
TPS Station #33,34999158,Other-Public Services,3132,2024-08-01,10.83
TPS Station #33,34999158,Other-Public Services,3132,2024-09-01,10.48
TPS Station #33,34999158,Other-Public Services,3132,2024-10-01,155.27
TPS Station #33,34999158,Other-Public Services,3132,2024-11-01,154.92
TPS Station #33,34999158,Other-Public Services,3132,2024-12-01,303.23
TPS Station #34,34999159,Other-Public Services,13939,2024-01-01,5618.03
TPS Station #34,34999159,Other-Public Services,13939,2024-02-01,4695.0
TPS Station #34,34999159,Other-Public Services,13939,2024-03-01,4094.91
TPS Station #34,34999159,Other-Public Services,13939,2024-04-01,2709.23
TPS Station #34,34999159,Other-Public Services,13939,2024-05-01,230.43
TPS Station #34,34999159,Other-Public Services,13939,2024-06-01,38.37
TPS Station #34,34999159,Other-Public Services,13939,2024-07-01,25.07
TPS Station #34,34999159,Other-Public Services,13939,2024-08-01,1.52
TPS Station #34,34999159,Other-Public Services,13939,2024-09-01,1.48
TPS Station #34,34999159,Other-Public Services,13939,2024-10-01,2009.0000000000002
TPS Station #34,34999159,Other-Public Services,13939,2024-11-01,3496.45
TPS Station #34,34999159,Other-Public Services,13939,2024-12-01,5057.3
TPS Station #31,34999156,Other-Public Services,2831,2024-01-01,1027.84
TPS Station #31,34999156,Other-Public Services,2831,2024-02-01,814.23
TPS Station #31,34999156,Other-Public Services,2831,2024-03-01,743.73
TPS Station #31,34999156,Other-Public Services,2831,2024-04-01,363.19
TPS Station #31,34999156,Other-Public Services,2831,2024-05-01,87.32
TPS Station #31,34999156,Other-Public Services,2831,2024-06-01,26.78
TPS Station #31,34999156,Other-Public Services,2831,2024-07-01,24.93
TPS Station #31,34999156,Other-Public Services,2831,2024-08-01,15.06
TPS Station #31,34999156,Other-Public Services,2831,2024-09-01,18.48
TPS Station #31,34999156,Other-Public Services,2831,2024-10-01,226.73
TPS Station #31,34999156,Other-Public Services,2831,2024-11-01,597.95
TPS Station #31,34999156,Other-Public Services,2831,2024-12-01,1175.05
TPS Station #32,34999157,Other-Public Services,3218,2024-01-01,919.75
TPS Station #32,34999157,Other-Public Services,3218,2024-02-01,830.81
TPS Station #32,34999157,Other-Public Services,3218,2024-03-01,608.32
TPS Station #32,34999157,Other-Public Services,3218,2024-04-01,50677.17
TPS Station #32,34999157,Other-Public Services,3218,2024-05-01,18369.74
TPS Station #32,34999157,Other-Public Services,3218,2024-06-01,30.009999999999998
TPS Station #32,34999157,Other-Public Services,3218,2024-07-01,37.6
TPS Station #32,34999157,Other-Public Services,3218,2024-08-01,25.21
TPS Station #32,34999157,Other-Public Services,3218,2024-09-01,32.89
TPS Station #32,34999157,Other-Public Services,3218,2024-10-01,41.88
TPS Station #32,34999157,Other-Public Services,3218,2024-11-01,364.03
TPS Station #32,34999157,Other-Public Services,3218,2024-12-01,895.13
TPS Station #28,34999154,Other-Public Services,1905,2024-01-01,1163.13
TPS Station #28,34999154,Other-Public Services,1905,2024-02-01,1225.87
TPS Station #28,34999154,Other-Public Services,1905,2024-03-01,1226.57
TPS Station #28,34999154,Other-Public Services,1905,2024-04-01,780.56
TPS Station #28,34999154,Other-Public Services,1905,2024-05-01,236.5
TPS Station #28,34999154,Other-Public Services,1905,2024-06-01,17.69
TPS Station #28,34999154,Other-Public Services,1905,2024-07-01,33.63
TPS Station #28,34999154,Other-Public Services,1905,2024-08-01,57.69
TPS Station #28,34999154,Other-Public Services,1905,2024-09-01,88.79
TPS Station #28,34999154,Other-Public Services,1905,2024-10-01,286.74
TPS Station #28,34999154,Other-Public Services,1905,2024-11-01,786.68
TPS Station #28,34999154,Other-Public Services,1905,2024-12-01,1026.28
TPS Station #30/District 3 Office,34999155,Other-Public Services,16380,2024-01-01,7516.62
TPS Station #30/District 3 Office,34999155,Other-Public Services,16380,2024-02-01,5097.38
TPS Station #30/District 3 Office,34999155,Other-Public Services,16380,2024-03-01,5136.0
TPS Station #30/District 3 Office,34999155,Other-Public Services,16380,2024-04-01,3763.52
TPS Station #30/District 3 Office,34999155,Other-Public Services,16380,2024-05-01,782.6
TPS Station #30/District 3 Office,34999155,Other-Public Services,16380,2024-06-01,421.68
TPS Station #30/District 3 Office,34999155,Other-Public Services,16380,2024-07-01,354.73
TPS Station #30/District 3 Office,34999155,Other-Public Services,16380,2024-08-01,375.3
TPS Station #30/District 3 Office,34999155,Other-Public Services,16380,2024-09-01,261.51
TPS Station #30/District 3 Office,34999155,Other-Public Services,16380,2024-10-01,984.96
TPS Station #30/District 3 Office,34999155,Other-Public Services,16380,2024-11-01,2883.55
TPS Station #30/District 3 Office,34999155,Other-Public Services,16380,2024-12-01,6310.61
TPS Station #22,34999152,Other-Public Services,2583,2024-01-01,808.41
TPS Station #22,34999152,Other-Public Services,2583,2024-02-01,753.8
TPS Station #22,34999152,Other-Public Services,2583,2024-03-01,644.29
TPS Station #22,34999152,Other-Public Services,2583,2024-04-01,410.52
TPS Station #22,34999152,Other-Public Services,2583,2024-05-01,146.37
TPS Station #22,34999152,Other-Public Services,2583,2024-06-01,21.08
TPS Station #22,34999152,Other-Public Services,2583,2024-07-01,21.16
TPS Station #22,34999152,Other-Public Services,2583,2024-08-01,14.71
TPS Station #22,34999152,Other-Public Services,2583,2024-09-01,14.71
TPS Station #22,34999152,Other-Public Services,2583,2024-10-01,250.77
TPS Station #22,34999152,Other-Public Services,2583,2024-11-01,580.27
TPS Station #22,34999152,Other-Public Services,2583,2024-12-01,800.53
TPS Station #24,34999153,Other-Public Services,2659,2024-01-01,1272.28
TPS Station #24,34999153,Other-Public Services,2659,2024-02-01,950.91
TPS Station #24,34999153,Other-Public Services,2659,2024-03-01,809.79
TPS Station #24,34999153,Other-Public Services,2659,2024-04-01,432.46
TPS Station #24,34999153,Other-Public Services,2659,2024-05-01,61.42
TPS Station #24,34999153,Other-Public Services,2659,2024-06-01,19.1
TPS Station #24,34999153,Other-Public Services,2659,2024-07-01,16.6
TPS Station #24,34999153,Other-Public Services,2659,2024-08-01,40.05
TPS Station #24,34999153,Other-Public Services,2659,2024-09-01,40.85
TPS Station #24,34999153,Other-Public Services,2659,2024-10-01,212.93
TPS Station #24,34999153,Other-Public Services,2659,2024-11-01,698.33
TPS Station #24,34999153,Other-Public Services,2659,2024-12-01,705.73
TPS Station #44,34999166,Other-Public Services,2799,2024-01-01,2350.13
TPS Station #44,34999166,Other-Public Services,2799,2024-02-01,1582.45
TPS Station #44,34999166,Other-Public Services,2799,2024-03-01,1293.83
TPS Station #44,34999166,Other-Public Services,2799,2024-04-01,935.53
TPS Station #44,34999166,Other-Public Services,2799,2024-05-01,398.47
TPS Station #44,34999166,Other-Public Services,2799,2024-06-01,34.19
TPS Station #44,34999166,Other-Public Services,2799,2024-07-01,39.45
TPS Station #44,34999166,Other-Public Services,2799,2024-08-01,15.75
TPS Station #44,34999166,Other-Public Services,2799,2024-09-01,0.0
TPS Station #44,34999166,Other-Public Services,2799,2024-10-01,443.85
TPS Station #44,34999166,Other-Public Services,2799,2024-11-01,1271.25
TPS Station #44,34999166,Other-Public Services,2799,2024-12-01,1838.43
TPS Station #45,34999167,Other-Public Services,11496,2024-01-01,2670.32
TPS Station #45,34999167,Other-Public Services,11496,2024-02-01,2223.34
TPS Station #45,34999167,Other-Public Services,11496,2024-03-01,2798.65
TPS Station #45,34999167,Other-Public Services,11496,2024-04-01,1481.43
TPS Station #45,34999167,Other-Public Services,11496,2024-05-01,167.75
TPS Station #45,34999167,Other-Public Services,11496,2024-06-01,479.78
TPS Station #45,34999167,Other-Public Services,11496,2024-07-01,72.33
TPS Station #45,34999167,Other-Public Services,11496,2024-08-01,96.93
TPS Station #45,34999167,Other-Public Services,11496,2024-09-01,195.73
TPS Station #45,34999167,Other-Public Services,11496,2024-10-01,35.0
TPS Station #45,34999167,Other-Public Services,11496,2024-11-01,205.03
TPS Station #45,34999167,Other-Public Services,11496,2024-12-01,2220.82
TPS Station #41,34999164,Other-Public Services,4970,2024-01-01,4018.68
TPS Station #41,34999164,Other-Public Services,4970,2024-02-01,2034.4899999999998
TPS Station #41,34999164,Other-Public Services,4970,2024-03-01,195.29
TPS Station #41,34999164,Other-Public Services,4970,2024-04-01,97.02
TPS Station #41,34999164,Other-Public Services,4970,2024-05-01,4.35
TPS Station #41,34999164,Other-Public Services,4970,2024-06-01,0.0
TPS Station #41,34999164,Other-Public Services,4970,2024-07-01,0.0
TPS Station #41,34999164,Other-Public Services,4970,2024-08-01,0.0
TPS Station #41,34999164,Other-Public Services,4970,2024-09-01,1.87
TPS Station #41,34999164,Other-Public Services,4970,2024-10-01,211.67
TPS Station #41,34999164,Other-Public Services,4970,2024-11-01,1481.55
TPS Station #41,34999164,Other-Public Services,4970,2024-12-01,4817.65
TPS Station #42/District 4 Office,34999165,Other-Public Services,6997,2024-01-01,1300.88
TPS Station #42/District 4 Office,34999165,Other-Public Services,6997,2024-02-01,1790.35
TPS Station #42/District 4 Office,34999165,Other-Public Services,6997,2024-03-01,1583.06
TPS Station #42/District 4 Office,34999165,Other-Public Services,6997,2024-04-01,818.0
TPS Station #42/District 4 Office,34999165,Other-Public Services,6997,2024-05-01,267.01
TPS Station #42/District 4 Office,34999165,Other-Public Services,6997,2024-06-01,114.51
TPS Station #42/District 4 Office,34999165,Other-Public Services,6997,2024-07-01,29.98
TPS Station #42/District 4 Office,34999165,Other-Public Services,6997,2024-08-01,107.34
TPS Station #42/District 4 Office,34999165,Other-Public Services,6997,2024-09-01,142.09
TPS Station #42/District 4 Office,34999165,Other-Public Services,6997,2024-10-01,302.15
TPS Station #42/District 4 Office,34999165,Other-Public Services,6997,2024-11-01,1262.58
TPS Station #42/District 4 Office,34999165,Other-Public Services,6997,2024-12-01,2508.82
TPS Station #40,34999163,Other-Public Services,12798,2024-01-01,1178.8
TPS Station #40,34999163,Other-Public Services,12798,2024-02-01,1102.75
TPS Station #40,34999163,Other-Public Services,12798,2024-03-01,1178.8
TPS Station #40,34999163,Other-Public Services,12798,2024-04-01,1140.77
TPS Station #40,34999163,Other-Public Services,12798,2024-05-01,916.11
TPS Station #40,34999163,Other-Public Services,12798,2024-06-01,155.69
TPS Station #40,34999163,Other-Public Services,12798,2024-07-01,160.88
TPS Station #40,34999163,Other-Public Services,12798,2024-08-01,160.88
TPS Station #40,34999163,Other-Public Services,12798,2024-09-01,155.69
TPS Station #40,34999163,Other-Public Services,12798,2024-10-01,536.86
TPS Station #40,34999163,Other-Public Services,12798,2024-11-01,1853.14
TPS Station #40,34999163,Other-Public Services,12798,2024-12-01,2275.772
TPS Station #37,34999160,Other-Public Services,4413,2024-01-01,1151.88
TPS Station #37,34999160,Other-Public Services,4413,2024-02-01,474.0199999999999
TPS Station #37,34999160,Other-Public Services,4413,2024-03-01,226.15
TPS Station #37,34999160,Other-Public Services,4413,2024-04-01,208.46
TPS Station #37,34999160,Other-Public Services,4413,2024-05-01,84.62
TPS Station #37,34999160,Other-Public Services,4413,2024-06-01,52.26
TPS Station #37,34999160,Other-Public Services,4413,2024-07-01,73.48
TPS Station #37,34999160,Other-Public Services,4413,2024-08-01,78.19
TPS Station #37,34999160,Other-Public Services,4413,2024-09-01,75.86
TPS Station #37,34999160,Other-Public Services,4413,2024-10-01,244.13
TPS Station #37,34999160,Other-Public Services,4413,2024-11-01,679.99
TPS Station #37,34999160,Other-Public Services,4413,2024-12-01,666.44
TPS Station #38,34999161,Other-Public Services,5102,2024-01-01,2676.2
TPS Station #38,34999161,Other-Public Services,5102,2024-02-01,3000.55
TPS Station #38,34999161,Other-Public Services,5102,2024-03-01,2558.52
TPS Station #38,34999161,Other-Public Services,5102,2024-04-01,1437.43
TPS Station #38,34999161,Other-Public Services,5102,2024-05-01,307.63
TPS Station #38,34999161,Other-Public Services,5102,2024-06-01,77.8
TPS Station #38,34999161,Other-Public Services,5102,2024-07-01,35.15
TPS Station #38,34999161,Other-Public Services,5102,2024-08-01,1.5
TPS Station #38,34999161,Other-Public Services,5102,2024-09-01,23.15
TPS Station #38,34999161,Other-Public Services,5102,2024-10-01,374.24
TPS Station #38,34999161,Other-Public Services,5102,2024-11-01,1797.89
TPS Station #38,34999161,Other-Public Services,5102,2024-12-01,2112.37
Ambulance Headquarters/TPS Station #53,34999142,Other-Public Services,143494,2024-01-01,7239.01
Ambulance Headquarters/TPS Station #53,34999142,Other-Public Services,143494,2024-02-01,10224.21
Ambulance Headquarters/TPS Station #53,34999142,Other-Public Services,143494,2024-03-01,9142.18
Ambulance Headquarters/TPS Station #53,34999142,Other-Public Services,143494,2024-04-01,6023.88
Ambulance Headquarters/TPS Station #53,34999142,Other-Public Services,143494,2024-05-01,2268.03
Ambulance Headquarters/TPS Station #53,34999142,Other-Public Services,143494,2024-06-01,920.07
Ambulance Headquarters/TPS Station #53,34999142,Other-Public Services,143494,2024-07-01,699.59
Ambulance Headquarters/TPS Station #53,34999142,Other-Public Services,143494,2024-08-01,740.13
Ambulance Headquarters/TPS Station #53,34999142,Other-Public Services,143494,2024-09-01,1550.29
Ambulance Headquarters/TPS Station #53,34999142,Other-Public Services,143494,2024-10-01,3439.86
Ambulance Headquarters/TPS Station #53,34999142,Other-Public Services,143494,2024-11-01,7761.530000000001
Ambulance Headquarters/TPS Station #53,34999142,Other-Public Services,143494,2024-12-01,10682.91
Community Paramedicine/Post 17,34999143,Other-Public Services,13153,2024-01-01,2661.6
Community Paramedicine/Post 17,34999143,Other-Public Services,13153,2024-02-01,1988.44
Community Paramedicine/Post 17,34999143,Other-Public Services,13153,2024-03-01,1596.22
Community Paramedicine/Post 17,34999143,Other-Public Services,13153,2024-04-01,1167.42
Community Paramedicine/Post 17,34999143,Other-Public Services,13153,2024-05-01,166.28
Community Paramedicine/Post 17,34999143,Other-Public Services,13153,2024-06-01,27.15
Community Paramedicine/Post 17,34999143,Other-Public Services,13153,2024-07-01,28.05
Community Paramedicine/Post 17,34999143,Other-Public Services,13153,2024-08-01,28.05
Community Paramedicine/Post 17,34999143,Other-Public Services,13153,2024-09-01,15.930000000000001
Community Paramedicine/Post 17,34999143,Other-Public Services,13153,2024-10-01,731.89
Community Paramedicine/Post 17,34999143,Other-Public Services,13153,2024-11-01,962.6
Community Paramedicine/Post 17,34999143,Other-Public Services,13153,2024-12-01,4499.85
York Civic Center,34999140,Administrative / Office,72915,2024-01-01,22225.23
York Civic Center,34999140,Administrative / Office,72915,2024-02-01,16437.42
York Civic Center,34999140,Administrative / Office,72915,2024-03-01,13395.5
York Civic Center,34999140,Administrative / Office,72915,2024-04-01,7860.88
York Civic Center,34999140,Administrative / Office,72915,2024-05-01,1923.8
York Civic Center,34999140,Administrative / Office,72915,2024-06-01,783.98
York Civic Center,34999140,Administrative / Office,72915,2024-07-01,209.77
York Civic Center,34999140,Administrative / Office,72915,2024-08-01,530.27
York Civic Center,34999140,Administrative / Office,72915,2024-09-01,1300.65
York Civic Center,34999140,Administrative / Office,72915,2024-10-01,5280.8
York Civic Center,34999140,Administrative / Office,72915,2024-11-01,10994.58
York Civic Center,34999140,Administrative / Office,72915,2024-12-01,19651.89
TPS Station #43/Amelie House,34999138,Administrative / Office,9365,2024-01-01,4314.39
TPS Station #43/Amelie House,34999138,Administrative / Office,9365,2024-02-01,3366.1
TPS Station #43/Amelie House,34999138,Administrative / Office,9365,2024-03-01,3036.71
TPS Station #43/Amelie House,34999138,Administrative / Office,9365,2024-04-01,1961.56
TPS Station #43/Amelie House,34999138,Administrative / Office,9365,2024-05-01,609.81
TPS Station #43/Amelie House,34999138,Administrative / Office,9365,2024-06-01,711.7
TPS Station #43/Amelie House,34999138,Administrative / Office,9365,2024-07-01,373.03
TPS Station #43/Amelie House,34999138,Administrative / Office,9365,2024-08-01,405.29
TPS Station #43/Amelie House,34999138,Administrative / Office,9365,2024-09-01,327.46
TPS Station #43/Amelie House,34999138,Administrative / Office,9365,2024-10-01,869.49
TPS Station #43/Amelie House,34999138,Administrative / Office,9365,2024-11-01,2590.25
TPS Station #43/Amelie House,34999138,Administrative / Office,9365,2024-12-01,4326.44
Toronto Water Centre,34999136,Administrative / Office,64831,2024-01-01,24458.06
Toronto Water Centre,34999136,Administrative / Office,64831,2024-02-01,17926.98
Toronto Water Centre,34999136,Administrative / Office,64831,2024-03-01,14605.76
Toronto Water Centre,34999136,Administrative / Office,64831,2024-04-01,8029.02
Toronto Water Centre,34999136,Administrative / Office,64831,2024-05-01,1929.73
Toronto Water Centre,34999136,Administrative / Office,64831,2024-06-01,1519.09
Toronto Water Centre,34999136,Administrative / Office,64831,2024-07-01,918.29
Toronto Water Centre,34999136,Administrative / Office,64831,2024-08-01,531.22
Toronto Water Centre,34999136,Administrative / Office,64831,2024-09-01,720.41
Toronto Water Centre,34999136,Administrative / Office,64831,2024-10-01,5295.88
Toronto Water Centre,34999136,Administrative / Office,64831,2024-11-01,11960.23
Toronto Water Centre,34999136,Administrative / Office,64831,2024-12-01,35960.81
Toronto Water Operations Building,34999137,Administrative / Office,16952,2024-01-01,117.39
Toronto Water Operations Building,34999137,Administrative / Office,16952,2024-02-01,109.81
Toronto Water Operations Building,34999137,Administrative / Office,16952,2024-03-01,117.39
Toronto Water Operations Building,34999137,Administrative / Office,16952,2024-04-01,294.58
Toronto Water Operations Building,34999137,Administrative / Office,16952,2024-05-01,509.5299999999999
Toronto Water Operations Building,34999137,Administrative / Office,16952,2024-06-01,233.02
Toronto Water Operations Building,34999137,Administrative / Office,16952,2024-07-01,123.38
Toronto Water Operations Building,34999137,Administrative / Office,16952,2024-08-01,152.29
Toronto Water Operations Building,34999137,Administrative / Office,16952,2024-09-01,275.93
Toronto Water Operations Building,34999137,Administrative / Office,16952,2024-10-01,579.3
Toronto Water Operations Building,34999137,Administrative / Office,16952,2024-11-01,2021.25
Toronto Water Operations Building,34999137,Administrative / Office,16952,2024-12-01,4732.24
TPS Station #18,34999150,Other-Public Services,4930,2024-01-01,3074.55
TPS Station #18,34999150,Other-Public Services,4930,2024-02-01,2885.01
TPS Station #18,34999150,Other-Public Services,4930,2024-03-01,2071.14
TPS Station #18,34999150,Other-Public Services,4930,2024-04-01,1380.15
TPS Station #18,34999150,Other-Public Services,4930,2024-05-01,60.26
TPS Station #18,34999150,Other-Public Services,4930,2024-06-01,218.58
TPS Station #18,34999150,Other-Public Services,4930,2024-07-01,12.5
TPS Station #18,34999150,Other-Public Services,4930,2024-08-01,36.86
TPS Station #18,34999150,Other-Public Services,4930,2024-09-01,181.03
TPS Station #18,34999150,Other-Public Services,4930,2024-10-01,311.06
TPS Station #18,34999150,Other-Public Services,4930,2024-11-01,1645.45
TPS Station #18,34999150,Other-Public Services,4930,2024-12-01,2878.18
TPS Station #20/District 2 Office,34999151,Other-Public Services,7782,2024-01-01,5277.8
TPS Station #20/District 2 Office,34999151,Other-Public Services,7782,2024-02-01,3984.39
TPS Station #20/District 2 Office,34999151,Other-Public Services,7782,2024-03-01,4127.66
TPS Station #20/District 2 Office,34999151,Other-Public Services,7782,2024-04-01,3038.98
TPS Station #20/District 2 Office,34999151,Other-Public Services,7782,2024-05-01,698.93
TPS Station #20/District 2 Office,34999151,Other-Public Services,7782,2024-06-01,171.14
TPS Station #20/District 2 Office,34999151,Other-Public Services,7782,2024-07-01,40.84
TPS Station #20/District 2 Office,34999151,Other-Public Services,7782,2024-08-01,266.16
TPS Station #20/District 2 Office,34999151,Other-Public Services,7782,2024-09-01,256.29
TPS Station #20/District 2 Office,34999151,Other-Public Services,7782,2024-10-01,882.81
TPS Station #20/District 2 Office,34999151,Other-Public Services,7782,2024-11-01,2747.8
TPS Station #20/District 2 Office,34999151,Other-Public Services,7782,2024-12-01,4106.39
TPS Station #13,34999148,Other-Public Services,2756,2024-01-01,1137.75
TPS Station #13,34999148,Other-Public Services,2756,2024-02-01,1353.93
TPS Station #13,34999148,Other-Public Services,2756,2024-03-01,1158.02
TPS Station #13,34999148,Other-Public Services,2756,2024-04-01,645.19
TPS Station #13,34999148,Other-Public Services,2756,2024-05-01,289.79
TPS Station #13,34999148,Other-Public Services,2756,2024-06-01,90.4
TPS Station #13,34999148,Other-Public Services,2756,2024-07-01,26.43
TPS Station #13,34999148,Other-Public Services,2756,2024-08-01,57.63
TPS Station #13,34999148,Other-Public Services,2756,2024-09-01,55.27
TPS Station #13,34999148,Other-Public Services,2756,2024-10-01,295.94
TPS Station #13,34999148,Other-Public Services,2756,2024-11-01,708.96
TPS Station #13,34999148,Other-Public Services,2756,2024-12-01,1111.64
TPS Station #14,34999149,Other-Public Services,4252,2024-01-01,1558.61
TPS Station #14,34999149,Other-Public Services,4252,2024-02-01,1192.99
TPS Station #14,34999149,Other-Public Services,4252,2024-03-01,596.12
TPS Station #14,34999149,Other-Public Services,4252,2024-04-01,181.21
TPS Station #14,34999149,Other-Public Services,4252,2024-05-01,128.55
TPS Station #14,34999149,Other-Public Services,4252,2024-06-01,80.52
TPS Station #14,34999149,Other-Public Services,4252,2024-07-01,0.0
TPS Station #14,34999149,Other-Public Services,4252,2024-08-01,0.0
TPS Station #14,34999149,Other-Public Services,4252,2024-09-01,0.0
TPS Station #14,34999149,Other-Public Services,4252,2024-10-01,214.77
TPS Station #14,34999149,Other-Public Services,4252,2024-11-01,351.09
TPS Station #14,34999149,Other-Public Services,4252,2024-12-01,776.56
TPS Station #11,34999146,Other-Public Services,3574,2024-01-01,1983.98
TPS Station #11,34999146,Other-Public Services,3574,2024-02-01,1556.63
TPS Station #11,34999146,Other-Public Services,3574,2024-03-01,1878.88
TPS Station #11,34999146,Other-Public Services,3574,2024-04-01,897.32
TPS Station #11,34999146,Other-Public Services,3574,2024-05-01,340.78
TPS Station #11,34999146,Other-Public Services,3574,2024-06-01,306.55
TPS Station #11,34999146,Other-Public Services,3574,2024-07-01,316.77
TPS Station #11,34999146,Other-Public Services,3574,2024-08-01,67.56
TPS Station #11,34999146,Other-Public Services,3574,2024-09-01,19.05
TPS Station #11,34999146,Other-Public Services,3574,2024-10-01,200.84
TPS Station #11,34999146,Other-Public Services,3574,2024-11-01,1326.07
TPS Station #11,34999146,Other-Public Services,3574,2024-12-01,1935.34
TPS Station #12,34999147,Other-Public Services,1938,2024-01-01,379.92
TPS Station #12,34999147,Other-Public Services,1938,2024-02-01,350.71
TPS Station #12,34999147,Other-Public Services,1938,2024-03-01,319.78
TPS Station #12,34999147,Other-Public Services,1938,2024-04-01,261.97
TPS Station #12,34999147,Other-Public Services,1938,2024-05-01,211.9
TPS Station #12,34999147,Other-Public Services,1938,2024-06-01,67.6
TPS Station #12,34999147,Other-Public Services,1938,2024-07-01,0.0
TPS Station #12,34999147,Other-Public Services,1938,2024-08-01,1.24
TPS Station #12,34999147,Other-Public Services,1938,2024-09-01,4.79
TPS Station #12,34999147,Other-Public Services,1938,2024-10-01,39.8
TPS Station #12,34999147,Other-Public Services,1938,2024-11-01,152.02
TPS Station #12,34999147,Other-Public Services,1938,2024-12-01,233.26
TPS Multi-Function Station #1,34999144,Other-Public Services,29503,2024-01-01,8140.420000000001
TPS Multi-Function Station #1,34999144,Other-Public Services,29503,2024-02-01,5905.05
TPS Multi-Function Station #1,34999144,Other-Public Services,29503,2024-03-01,4819.47
TPS Multi-Function Station #1,34999144,Other-Public Services,29503,2024-04-01,3306.16
TPS Multi-Function Station #1,34999144,Other-Public Services,29503,2024-05-01,1281.85
TPS Multi-Function Station #1,34999144,Other-Public Services,29503,2024-06-01,711.12
TPS Multi-Function Station #1,34999144,Other-Public Services,29503,2024-07-01,377.45
TPS Multi-Function Station #1,34999144,Other-Public Services,29503,2024-08-01,635.6
TPS Multi-Function Station #1,34999144,Other-Public Services,29503,2024-09-01,1361.36
TPS Multi-Function Station #1,34999144,Other-Public Services,29503,2024-10-01,3782.83
TPS Multi-Function Station #1,34999144,Other-Public Services,29503,2024-11-01,5596.31
TPS Multi-Function Station #1,34999144,Other-Public Services,29503,2024-12-01,7912.9
Ancaster Community Centre,34999190,Recreation & Community,7513,2024-01-01,2426.65
Ancaster Community Centre,34999190,Recreation & Community,7513,2024-02-01,1819.62
Ancaster Community Centre,34999190,Recreation & Community,7513,2024-03-01,1358.19
Ancaster Community Centre,34999190,Recreation & Community,7513,2024-04-01,1236.16
Ancaster Community Centre,34999190,Recreation & Community,7513,2024-05-01,101.49
Ancaster Community Centre,34999190,Recreation & Community,7513,2024-06-01,0.0
Ancaster Community Centre,34999190,Recreation & Community,7513,2024-07-01,4.32
Ancaster Community Centre,34999190,Recreation & Community,7513,2024-08-01,4.96
Ancaster Community Centre,34999190,Recreation & Community,7513,2024-09-01,23.25
Ancaster Community Centre,34999190,Recreation & Community,7513,2024-10-01,702.67
Ancaster Community Centre,34999190,Recreation & Community,7513,2024-11-01,1136.39
Ancaster Community Centre,34999190,Recreation & Community,7513,2024-12-01,2913.11
Armour Heights Community Centre,34999191,Recreation & Community,19773,2024-01-01,3613.96
Armour Heights Community Centre,34999191,Recreation & Community,19773,2024-02-01,3049.6
Armour Heights Community Centre,34999191,Recreation & Community,19773,2024-03-01,2617.9
Armour Heights Community Centre,34999191,Recreation & Community,19773,2024-04-01,1770.76
Armour Heights Community Centre,34999191,Recreation & Community,19773,2024-05-01,1341.1
Armour Heights Community Centre,34999191,Recreation & Community,19773,2024-06-01,3150.76
Armour Heights Community Centre,34999191,Recreation & Community,19773,2024-07-01,1140.06
Armour Heights Community Centre,34999191,Recreation & Community,19773,2024-08-01,1570.65
Armour Heights Community Centre,34999191,Recreation & Community,19773,2024-09-01,1361.47
Armour Heights Community Centre,34999191,Recreation & Community,19773,2024-10-01,2910.2
Armour Heights Community Centre,34999191,Recreation & Community,19773,2024-11-01,2785.69
Armour Heights Community Centre,34999191,Recreation & Community,19773,2024-12-01,5762.04
Amesbury Community Centre,34999189,Recreation & Community,37975,2024-01-01,7767.93
Amesbury Community Centre,34999189,Recreation & Community,37975,2024-02-01,6288.09
Amesbury Community Centre,34999189,Recreation & Community,37975,2024-03-01,3525.47
Amesbury Community Centre,34999189,Recreation & Community,37975,2024-04-01,1619.53
Amesbury Community Centre,34999189,Recreation & Community,37975,2024-05-01,20.76
Amesbury Community Centre,34999189,Recreation & Community,37975,2024-06-01,0.0
Amesbury Community Centre,34999189,Recreation & Community,37975,2024-07-01,0.0
Amesbury Community Centre,34999189,Recreation & Community,37975,2024-08-01,0.0
Amesbury Community Centre,34999189,Recreation & Community,37975,2024-09-01,203.17
Amesbury Community Centre,34999189,Recreation & Community,37975,2024-10-01,838.94
Amesbury Community Centre,34999189,Recreation & Community,37975,2024-11-01,4393.46
Amesbury Community Centre,34999189,Recreation & Community,37975,2024-12-01,6725.44
Thomas Berry Early Learning & Child Care Centre,34999184,Education & Social Services,9117,2024-01-01,4233.92
Thomas Berry Early Learning & Child Care Centre,34999184,Education & Social Services,9117,2024-02-01,3313.98
Thomas Berry Early Learning & Child Care Centre,34999184,Education & Social Services,9117,2024-03-01,2884.14
Thomas Berry Early Learning & Child Care Centre,34999184,Education & Social Services,9117,2024-04-01,10484.71
Thomas Berry Early Learning & Child Care Centre,34999184,Education & Social Services,9117,2024-05-01,5960.17
Thomas Berry Early Learning & Child Care Centre,34999184,Education & Social Services,9117,2024-06-01,1496.43
Thomas Berry Early Learning & Child Care Centre,34999184,Education & Social Services,9117,2024-07-01,455.54
Thomas Berry Early Learning & Child Care Centre,34999184,Education & Social Services,9117,2024-08-01,1266.04
Thomas Berry Early Learning & Child Care Centre,34999184,Education & Social Services,9117,2024-09-01,2688.17
Thomas Berry Early Learning & Child Care Centre,34999184,Education & Social Services,9117,2024-10-01,11243.93
Thomas Berry Early Learning & Child Care Centre,34999184,Education & Social Services,9117,2024-11-01,16249.44
Thomas Berry Early Learning & Child Care Centre,34999184,Education & Social Services,9117,2024-12-01,9326.9
Willowridge Early Learning & Child Care Centre,34999185,Education & Social Services,4844,2024-01-01,1460.48
Willowridge Early Learning & Child Care Centre,34999185,Education & Social Services,4844,2024-02-01,857.17
Willowridge Early Learning & Child Care Centre,34999185,Education & Social Services,4844,2024-03-01,1235.62
Willowridge Early Learning & Child Care Centre,34999185,Education & Social Services,4844,2024-04-01,444.11
Willowridge Early Learning & Child Care Centre,34999185,Education & Social Services,4844,2024-05-01,6.32
Willowridge Early Learning & Child Care Centre,34999185,Education & Social Services,4844,2024-06-01,44.42
Willowridge Early Learning & Child Care Centre,34999185,Education & Social Services,4844,2024-07-01,83.19
Willowridge Early Learning & Child Care Centre,34999185,Education & Social Services,4844,2024-08-01,75.45
Willowridge Early Learning & Child Care Centre,34999185,Education & Social Services,4844,2024-09-01,91.51
Willowridge Early Learning & Child Care Centre,34999185,Education & Social Services,4844,2024-10-01,430.06
Willowridge Early Learning & Child Care Centre,34999185,Education & Social Services,4844,2024-11-01,821.5
Willowridge Early Learning & Child Care Centre,34999185,Education & Social Services,4844,2024-12-01,1592.77
Cedarbrook Community Centre,34999198,Recreation & Community,14951,2024-01-01,1426.22
Cedarbrook Community Centre,34999198,Recreation & Community,14951,2024-02-01,1314.69
Cedarbrook Community Centre,34999198,Recreation & Community,14951,2024-03-01,1119.72
Cedarbrook Community Centre,34999198,Recreation & Community,14951,2024-04-01,8238.39
Cedarbrook Community Centre,34999198,Recreation & Community,14951,2024-05-01,6407.28
Cedarbrook Community Centre,34999198,Recreation & Community,14951,2024-06-01,89.05
Cedarbrook Community Centre,34999198,Recreation & Community,14951,2024-07-01,92.53
Cedarbrook Community Centre,34999198,Recreation & Community,14951,2024-08-01,107.57
Cedarbrook Community Centre,34999198,Recreation & Community,14951,2024-09-01,99.99
Cedarbrook Community Centre,34999198,Recreation & Community,14951,2024-10-01,279.76
Cedarbrook Community Centre,34999198,Recreation & Community,14951,2024-11-01,809.68
Cedarbrook Community Centre,34999198,Recreation & Community,14951,2024-12-01,1447.33
Burrows Hall Community Centre,34999196,Recreation & Community,43185,2024-01-01,17724.15
Burrows Hall Community Centre,34999196,Recreation & Community,43185,2024-02-01,10895.39
Burrows Hall Community Centre,34999196,Recreation & Community,43185,2024-03-01,18844.2
Burrows Hall Community Centre,34999196,Recreation & Community,43185,2024-04-01,6220.66
Burrows Hall Community Centre,34999196,Recreation & Community,43185,2024-05-01,1450.05
Burrows Hall Community Centre,34999196,Recreation & Community,43185,2024-06-01,407.35
Burrows Hall Community Centre,34999196,Recreation & Community,43185,2024-07-01,321.59
Burrows Hall Community Centre,34999196,Recreation & Community,43185,2024-08-01,430.95
Burrows Hall Community Centre,34999196,Recreation & Community,43185,2024-09-01,967.5099999999999
Burrows Hall Community Centre,34999196,Recreation & Community,43185,2024-10-01,5932.15
Burrows Hall Community Centre,34999196,Recreation & Community,43185,2024-11-01,7649.79
Burrows Hall Community Centre,34999196,Recreation & Community,43185,2024-12-01,13259.4
Carmine Stefano Community Centre,34999197,Recreation & Community,57867,2024-01-01,21178.87
Carmine Stefano Community Centre,34999197,Recreation & Community,57867,2024-02-01,15823.449999999999
Carmine Stefano Community Centre,34999197,Recreation & Community,57867,2024-03-01,14454.64
Carmine Stefano Community Centre,34999197,Recreation & Community,57867,2024-04-01,8661.48
Carmine Stefano Community Centre,34999197,Recreation & Community,57867,2024-05-01,3203.32
Carmine Stefano Community Centre,34999197,Recreation & Community,57867,2024-06-01,2855.98
Carmine Stefano Community Centre,34999197,Recreation & Community,57867,2024-07-01,2951.18
Carmine Stefano Community Centre,34999197,Recreation & Community,57867,2024-08-01,999.2
Carmine Stefano Community Centre,34999197,Recreation & Community,57867,2024-09-01,387.05
Carmine Stefano Community Centre,34999197,Recreation & Community,57867,2024-10-01,3814.73
Carmine Stefano Community Centre,34999197,Recreation & Community,57867,2024-11-01,11402.73
Carmine Stefano Community Centre,34999197,Recreation & Community,57867,2024-12-01,17755.94
Berner Trail Community Centre,34999194,Recreation & Community,10204,2024-01-01,2320.03
Berner Trail Community Centre,34999194,Recreation & Community,10204,2024-02-01,2830.96
Berner Trail Community Centre,34999194,Recreation & Community,10204,2024-03-01,2286.2
Berner Trail Community Centre,34999194,Recreation & Community,10204,2024-04-01,150.48
Berner Trail Community Centre,34999194,Recreation & Community,10204,2024-05-01,165.45
Berner Trail Community Centre,34999194,Recreation & Community,10204,2024-06-01,228.0
Berner Trail Community Centre,34999194,Recreation & Community,10204,2024-07-01,39.27
Berner Trail Community Centre,34999194,Recreation & Community,10204,2024-08-01,159.15
Berner Trail Community Centre,34999194,Recreation & Community,10204,2024-09-01,274.19
Berner Trail Community Centre,34999194,Recreation & Community,10204,2024-10-01,1142.99
Berner Trail Community Centre,34999194,Recreation & Community,10204,2024-11-01,1933.7100000000003
Berner Trail Community Centre,34999194,Recreation & Community,10204,2024-12-01,3049.69
Birkdale Community Centre,34999195,Recreation & Community,11733,2024-01-01,2564.24
Birkdale Community Centre,34999195,Recreation & Community,11733,2024-02-01,2298.9
Birkdale Community Centre,34999195,Recreation & Community,11733,2024-03-01,1784.74
Birkdale Community Centre,34999195,Recreation & Community,11733,2024-04-01,1159.4
Birkdale Community Centre,34999195,Recreation & Community,11733,2024-05-01,153.48
Birkdale Community Centre,34999195,Recreation & Community,11733,2024-06-01,91.72
Birkdale Community Centre,34999195,Recreation & Community,11733,2024-07-01,42.0
Birkdale Community Centre,34999195,Recreation & Community,11733,2024-08-01,83.42
Birkdale Community Centre,34999195,Recreation & Community,11733,2024-09-01,256.92
Birkdale Community Centre,34999195,Recreation & Community,11733,2024-10-01,591.16
Birkdale Community Centre,34999195,Recreation & Community,11733,2024-11-01,1925.4299999999998
Birkdale Community Centre,34999195,Recreation & Community,11733,2024-12-01,2387.8
Banbury Community Centre,34999192,Recreation & Community,9537,2024-01-01,3737.81
Banbury Community Centre,34999192,Recreation & Community,9537,2024-02-01,2784.42
Banbury Community Centre,34999192,Recreation & Community,9537,2024-03-01,2353.34
Banbury Community Centre,34999192,Recreation & Community,9537,2024-04-01,1052.71
Banbury Community Centre,34999192,Recreation & Community,9537,2024-05-01,104.76
Banbury Community Centre,34999192,Recreation & Community,9537,2024-06-01,43.81
Banbury Community Centre,34999192,Recreation & Community,9537,2024-07-01,0.5
Banbury Community Centre,34999192,Recreation & Community,9537,2024-08-01,57.36
Banbury Community Centre,34999192,Recreation & Community,9537,2024-09-01,239.04
Banbury Community Centre,34999192,Recreation & Community,9537,2024-10-01,677.05
Banbury Community Centre,34999192,Recreation & Community,9537,2024-11-01,1934.5699999999997
Banbury Community Centre,34999192,Recreation & Community,9537,2024-12-01,3556.65
Bennington Heights Park,34999193,Recreation & Community,1432,2024-01-01,632.48
Bennington Heights Park,34999193,Recreation & Community,1432,2024-02-01,410.38
Bennington Heights Park,34999193,Recreation & Community,1432,2024-03-01,419.98
Bennington Heights Park,34999193,Recreation & Community,1432,2024-04-01,278.13
Bennington Heights Park,34999193,Recreation & Community,1432,2024-05-01,225.27
Bennington Heights Park,34999193,Recreation & Community,1432,2024-06-01,5.13
Bennington Heights Park,34999193,Recreation & Community,1432,2024-07-01,8.87
Bennington Heights Park,34999193,Recreation & Community,1432,2024-08-01,0.0
Bennington Heights Park,34999193,Recreation & Community,1432,2024-09-01,0.36
Bennington Heights Park,34999193,Recreation & Community,1432,2024-10-01,29.6
Bennington Heights Park,34999193,Recreation & Community,1432,2024-11-01,55.03
Bennington Heights Park,34999193,Recreation & Community,1432,2024-12-01,0.0
West Animal Centre,34999174,Other-Public Services,6588,2024-01-01,5290.52
West Animal Centre,34999174,Other-Public Services,6588,2024-02-01,4846.41
West Animal Centre,34999174,Other-Public Services,6588,2024-03-01,9018.09
West Animal Centre,34999174,Other-Public Services,6588,2024-04-01,6367.58
West Animal Centre,34999174,Other-Public Services,6588,2024-05-01,3454.15
West Animal Centre,34999174,Other-Public Services,6588,2024-06-01,2838.0
West Animal Centre,34999174,Other-Public Services,6588,2024-07-01,2933.1
West Animal Centre,34999174,Other-Public Services,6588,2024-08-01,3648.74
West Animal Centre,34999174,Other-Public Services,6588,2024-09-01,4209.43
West Animal Centre,34999174,Other-Public Services,6588,2024-10-01,3233.84
West Animal Centre,34999174,Other-Public Services,6588,2024-11-01,2557.87
West Animal Centre,34999174,Other-Public Services,6588,2024-12-01,3207.17
Albion Road Early Learning & Child Care Centre,34999175,Education & Social Services,5543,2024-01-01,2268.23
Albion Road Early Learning & Child Care Centre,34999175,Education & Social Services,5543,2024-02-01,1853.26
Albion Road Early Learning & Child Care Centre,34999175,Education & Social Services,5543,2024-03-01,921.19
Albion Road Early Learning & Child Care Centre,34999175,Education & Social Services,5543,2024-04-01,584.55
Albion Road Early Learning & Child Care Centre,34999175,Education & Social Services,5543,2024-05-01,156.19
Albion Road Early Learning & Child Care Centre,34999175,Education & Social Services,5543,2024-06-01,97.15
Albion Road Early Learning & Child Care Centre,34999175,Education & Social Services,5543,2024-07-01,85.5
Albion Road Early Learning & Child Care Centre,34999175,Education & Social Services,5543,2024-08-01,116.33
Albion Road Early Learning & Child Care Centre,34999175,Education & Social Services,5543,2024-09-01,63.519999999999996
Albion Road Early Learning & Child Care Centre,34999175,Education & Social Services,5543,2024-10-01,475.92
Albion Road Early Learning & Child Care Centre,34999175,Education & Social Services,5543,2024-11-01,906.88
Albion Road Early Learning & Child Care Centre,34999175,Education & Social Services,5543,2024-12-01,1948.13
East Animal Centre,34999172,Other-Public Services,12831,2024-01-01,9190.19
East Animal Centre,34999172,Other-Public Services,12831,2024-02-01,8077.31
East Animal Centre,34999172,Other-Public Services,12831,2024-03-01,8074.510000000001
East Animal Centre,34999172,Other-Public Services,12831,2024-04-01,5639.31
East Animal Centre,34999172,Other-Public Services,12831,2024-05-01,2870.69
East Animal Centre,34999172,Other-Public Services,12831,2024-06-01,1486.88
East Animal Centre,34999172,Other-Public Services,12831,2024-07-01,2042.13
East Animal Centre,34999172,Other-Public Services,12831,2024-08-01,1870.33
East Animal Centre,34999172,Other-Public Services,12831,2024-09-01,1942.7899999999997
East Animal Centre,34999172,Other-Public Services,12831,2024-10-01,4372.66
East Animal Centre,34999172,Other-Public Services,12831,2024-11-01,5866.22
East Animal Centre,34999172,Other-Public Services,12831,2024-12-01,10654.94
North Animal Centre,34999173,Other-Public Services,13218,2024-01-01,1104.39
North Animal Centre,34999173,Other-Public Services,13218,2024-02-01,1702.35
North Animal Centre,34999173,Other-Public Services,13218,2024-03-01,960.31
North Animal Centre,34999173,Other-Public Services,13218,2024-04-01,1771.56
North Animal Centre,34999173,Other-Public Services,13218,2024-05-01,391.13
North Animal Centre,34999173,Other-Public Services,13218,2024-06-01,646.47
North Animal Centre,34999173,Other-Public Services,13218,2024-07-01,259.15
North Animal Centre,34999173,Other-Public Services,13218,2024-08-01,252.33000000000004
North Animal Centre,34999173,Other-Public Services,13218,2024-09-01,186.7
North Animal Centre,34999173,Other-Public Services,13218,2024-10-01,328.17
North Animal Centre,34999173,Other-Public Services,13218,2024-11-01,886.7
North Animal Centre,34999173,Other-Public Services,13218,2024-12-01,1599.26
TPS Station #54,34999170,Other-Public Services,5790,2024-01-01,3180.26
TPS Station #54,34999170,Other-Public Services,5790,2024-02-01,2825.93
TPS Station #54,34999170,Other-Public Services,5790,2024-03-01,2234.33
TPS Station #54,34999170,Other-Public Services,5790,2024-04-01,1159.35
TPS Station #54,34999170,Other-Public Services,5790,2024-05-01,157.88
TPS Station #54,34999170,Other-Public Services,5790,2024-06-01,308.74
TPS Station #54,34999170,Other-Public Services,5790,2024-07-01,239.41
TPS Station #54,34999170,Other-Public Services,5790,2024-08-01,192.19
TPS Station #54,34999170,Other-Public Services,5790,2024-09-01,0.57
TPS Station #54,34999170,Other-Public Services,5790,2024-10-01,17.25
TPS Station #54,34999170,Other-Public Services,5790,2024-11-01,44.54
TPS Station #54,34999170,Other-Public Services,5790,2024-12-01,1552.14
TPS Station #9,34999171,Other-Public Services,1658,2024-01-01,1125.39
TPS Station #9,34999171,Other-Public Services,1658,2024-02-01,998.17
TPS Station #9,34999171,Other-Public Services,1658,2024-03-01,697.0
TPS Station #9,34999171,Other-Public Services,1658,2024-04-01,561.93
TPS Station #9,34999171,Other-Public Services,1658,2024-05-01,92.07
TPS Station #9,34999171,Other-Public Services,1658,2024-06-01,25.31
TPS Station #9,34999171,Other-Public Services,1658,2024-07-01,30.61
TPS Station #9,34999171,Other-Public Services,1658,2024-08-01,30.92
TPS Station #9,34999171,Other-Public Services,1658,2024-09-01,36.16
TPS Station #9,34999171,Other-Public Services,1658,2024-10-01,393.0
TPS Station #9,34999171,Other-Public Services,1658,2024-11-01,515.6
TPS Station #9,34999171,Other-Public Services,1658,2024-12-01,1113.29
TPS Station #46,34999168,Other-Public Services,1572,2024-01-01,586.31
TPS Station #46,34999168,Other-Public Services,1572,2024-02-01,656.59
TPS Station #46,34999168,Other-Public Services,1572,2024-03-01,567.74
TPS Station #46,34999168,Other-Public Services,1572,2024-04-01,270.5
TPS Station #46,34999168,Other-Public Services,1572,2024-05-01,20.07
TPS Station #46,34999168,Other-Public Services,1572,2024-06-01,22.32
TPS Station #46,34999168,Other-Public Services,1572,2024-07-01,23.41
TPS Station #46,34999168,Other-Public Services,1572,2024-08-01,13.65
TPS Station #46,34999168,Other-Public Services,1572,2024-09-01,12.54
TPS Station #46,34999168,Other-Public Services,1572,2024-10-01,60.87
TPS Station #46,34999168,Other-Public Services,1572,2024-11-01,387.0
TPS Station #46,34999168,Other-Public Services,1572,2024-12-01,754.55
TPS Station #47,34999169,Other-Public Services,1787,2024-01-01,748.79
TPS Station #47,34999169,Other-Public Services,1787,2024-02-01,445.52
TPS Station #47,34999169,Other-Public Services,1787,2024-03-01,355.28
TPS Station #47,34999169,Other-Public Services,1787,2024-04-01,275.24
TPS Station #47,34999169,Other-Public Services,1787,2024-05-01,125.11000000000001
TPS Station #47,34999169,Other-Public Services,1787,2024-06-01,16.75
TPS Station #47,34999169,Other-Public Services,1787,2024-07-01,19.71
TPS Station #47,34999169,Other-Public Services,1787,2024-08-01,8.71
TPS Station #47,34999169,Other-Public Services,1787,2024-09-01,6.67
TPS Station #47,34999169,Other-Public Services,1787,2024-10-01,52.38
TPS Station #47,34999169,Other-Public Services,1787,2024-11-01,244.59999999999997
TPS Station #47,34999169,Other-Public Services,1787,2024-12-01,926.07
Kingston Rd Early Learning & Child Care Centre,34999180,Education & Social Services,5500,2024-01-01,895.66
Kingston Rd Early Learning & Child Care Centre,34999180,Education & Social Services,5500,2024-02-01,1198.84
Kingston Rd Early Learning & Child Care Centre,34999180,Education & Social Services,5500,2024-03-01,994.1999999999999
Kingston Rd Early Learning & Child Care Centre,34999180,Education & Social Services,5500,2024-04-01,581.61
Kingston Rd Early Learning & Child Care Centre,34999180,Education & Social Services,5500,2024-05-01,310.21
Kingston Rd Early Learning & Child Care Centre,34999180,Education & Social Services,5500,2024-06-01,47.22
Kingston Rd Early Learning & Child Care Centre,34999180,Education & Social Services,5500,2024-07-01,42.51
Kingston Rd Early Learning & Child Care Centre,34999180,Education & Social Services,5500,2024-08-01,49.4
Kingston Rd Early Learning & Child Care Centre,34999180,Education & Social Services,5500,2024-09-01,48.66
Kingston Rd Early Learning & Child Care Centre,34999180,Education & Social Services,5500,2024-10-01,159.75
Kingston Rd Early Learning & Child Care Centre,34999180,Education & Social Services,5500,2024-11-01,529.04
Kingston Rd Early Learning & Child Care Centre,34999180,Education & Social Services,5500,2024-12-01,706.39
Malvern Early Learning & Child Care Centre,34999181,Education & Social Services,6501,2024-01-01,1265.61
Malvern Early Learning & Child Care Centre,34999181,Education & Social Services,6501,2024-02-01,971.57
Malvern Early Learning & Child Care Centre,34999181,Education & Social Services,6501,2024-03-01,848.2
Malvern Early Learning & Child Care Centre,34999181,Education & Social Services,6501,2024-04-01,512.12
Malvern Early Learning & Child Care Centre,34999181,Education & Social Services,6501,2024-05-01,229.57
Malvern Early Learning & Child Care Centre,34999181,Education & Social Services,6501,2024-06-01,579.1
Malvern Early Learning & Child Care Centre,34999181,Education & Social Services,6501,2024-07-01,239.62
Malvern Early Learning & Child Care Centre,34999181,Education & Social Services,6501,2024-08-01,213.21
Malvern Early Learning & Child Care Centre,34999181,Education & Social Services,6501,2024-09-01,207.52
Malvern Early Learning & Child Care Centre,34999181,Education & Social Services,6501,2024-10-01,386.07
Malvern Early Learning & Child Care Centre,34999181,Education & Social Services,6501,2024-11-01,624.74
Malvern Early Learning & Child Care Centre,34999181,Education & Social Services,6501,2024-12-01,1021.6799999999998
Danforth Early Learning & Child Care Centre,34999178,Education & Social Services,6351,2024-01-01,2024.16
Danforth Early Learning & Child Care Centre,34999178,Education & Social Services,6351,2024-02-01,1394.34
Danforth Early Learning & Child Care Centre,34999178,Education & Social Services,6351,2024-03-01,1428.93
Danforth Early Learning & Child Care Centre,34999178,Education & Social Services,6351,2024-04-01,235.82
Danforth Early Learning & Child Care Centre,34999178,Education & Social Services,6351,2024-05-01,177.87
Danforth Early Learning & Child Care Centre,34999178,Education & Social Services,6351,2024-06-01,103.47
Danforth Early Learning & Child Care Centre,34999178,Education & Social Services,6351,2024-07-01,0.5
Danforth Early Learning & Child Care Centre,34999178,Education & Social Services,6351,2024-08-01,10.78
Danforth Early Learning & Child Care Centre,34999178,Education & Social Services,6351,2024-09-01,26.19
Danforth Early Learning & Child Care Centre,34999178,Education & Social Services,6351,2024-10-01,417.37
Danforth Early Learning & Child Care Centre,34999178,Education & Social Services,6351,2024-11-01,844.74
Danforth Early Learning & Child Care Centre,34999178,Education & Social Services,6351,2024-12-01,1283.11
Jesse Ketchum Early Learning & Child Care Centre,34999179,Education & Social Services,11550,2024-01-01,3338.65
Jesse Ketchum Early Learning & Child Care Centre,34999179,Education & Social Services,11550,2024-02-01,931.99
Jesse Ketchum Early Learning & Child Care Centre,34999179,Education & Social Services,11550,2024-03-01,1049.2
Jesse Ketchum Early Learning & Child Care Centre,34999179,Education & Social Services,11550,2024-04-01,1801.81
Jesse Ketchum Early Learning & Child Care Centre,34999179,Education & Social Services,11550,2024-05-01,516.38
Jesse Ketchum Early Learning & Child Care Centre,34999179,Education & Social Services,11550,2024-06-01,825.88
Jesse Ketchum Early Learning & Child Care Centre,34999179,Education & Social Services,11550,2024-07-01,2446.94
Jesse Ketchum Early Learning & Child Care Centre,34999179,Education & Social Services,11550,2024-08-01,237.23
Jesse Ketchum Early Learning & Child Care Centre,34999179,Education & Social Services,11550,2024-09-01,461.7
Jesse Ketchum Early Learning & Child Care Centre,34999179,Education & Social Services,11550,2024-10-01,695.55
Jesse Ketchum Early Learning & Child Care Centre,34999179,Education & Social Services,11550,2024-11-01,2095.45
Jesse Ketchum Early Learning & Child Care Centre,34999179,Education & Social Services,11550,2024-12-01,2311.56
Ancaster Early Learning & Child Care Centre,34999176,Education & Social Services,7018,2024-01-01,2524.53
Ancaster Early Learning & Child Care Centre,34999176,Education & Social Services,7018,2024-02-01,2056.52
Ancaster Early Learning & Child Care Centre,34999176,Education & Social Services,7018,2024-03-01,2137.55
Ancaster Early Learning & Child Care Centre,34999176,Education & Social Services,7018,2024-04-01,1059.93
Ancaster Early Learning & Child Care Centre,34999176,Education & Social Services,7018,2024-05-01,235.54
Ancaster Early Learning & Child Care Centre,34999176,Education & Social Services,7018,2024-06-01,89.5
Ancaster Early Learning & Child Care Centre,34999176,Education & Social Services,7018,2024-07-01,200.09
Ancaster Early Learning & Child Care Centre,34999176,Education & Social Services,7018,2024-08-01,48.95
Ancaster Early Learning & Child Care Centre,34999176,Education & Social Services,7018,2024-09-01,16.27
Ancaster Early Learning & Child Care Centre,34999176,Education & Social Services,7018,2024-10-01,733.13
Ancaster Early Learning & Child Care Centre,34999176,Education & Social Services,7018,2024-11-01,104.5
Ancaster Early Learning & Child Care Centre,34999176,Education & Social Services,7018,2024-12-01,1890.32
City Kids Early Learning & Child Care Centre,34999177,Education & Social Services,8460,2024-01-01,1858.1
City Kids Early Learning & Child Care Centre,34999177,Education & Social Services,8460,2024-02-01,1587.26
City Kids Early Learning & Child Care Centre,34999177,Education & Social Services,8460,2024-03-01,1292.44
City Kids Early Learning & Child Care Centre,34999177,Education & Social Services,8460,2024-04-01,911.77
City Kids Early Learning & Child Care Centre,34999177,Education & Social Services,8460,2024-05-01,326.11
City Kids Early Learning & Child Care Centre,34999177,Education & Social Services,8460,2024-06-01,938.72
City Kids Early Learning & Child Care Centre,34999177,Education & Social Services,8460,2024-07-01,312.83
City Kids Early Learning & Child Care Centre,34999177,Education & Social Services,8460,2024-08-01,310.72
City Kids Early Learning & Child Care Centre,34999177,Education & Social Services,8460,2024-09-01,257.61
City Kids Early Learning & Child Care Centre,34999177,Education & Social Services,8460,2024-10-01,348.02
City Kids Early Learning & Child Care Centre,34999177,Education & Social Services,8460,2024-11-01,958.04
City Kids Early Learning & Child Care Centre,34999177,Education & Social Services,8460,2024-12-01,1187.31
Harwood Hall,34999220,Recreation & Community,4306,2024-01-01,2071.55
Harwood Hall,34999220,Recreation & Community,4306,2024-02-01,1861.9299999999998
Harwood Hall,34999220,Recreation & Community,4306,2024-03-01,1339.02
Harwood Hall,34999220,Recreation & Community,4306,2024-04-01,1398.16
Harwood Hall,34999220,Recreation & Community,4306,2024-05-01,343.78
Harwood Hall,34999220,Recreation & Community,4306,2024-06-01,39.04
Harwood Hall,34999220,Recreation & Community,4306,2024-07-01,42.66
Harwood Hall,34999220,Recreation & Community,4306,2024-08-01,85.65
Harwood Hall,34999220,Recreation & Community,4306,2024-09-01,42.04
Harwood Hall,34999220,Recreation & Community,4306,2024-10-01,1326.35
Harwood Hall,34999220,Recreation & Community,4306,2024-11-01,1366.01
Harwood Hall,34999220,Recreation & Community,4306,2024-12-01,1634.68
High Park Forest School,34999221,Recreation & Community,9181,2024-01-01,2361.25
High Park Forest School,34999221,Recreation & Community,9181,2024-02-01,2021.0799999999997
High Park Forest School,34999221,Recreation & Community,9181,2024-03-01,2590.61
High Park Forest School,34999221,Recreation & Community,9181,2024-04-01,1343.4
High Park Forest School,34999221,Recreation & Community,9181,2024-05-01,299.35
High Park Forest School,34999221,Recreation & Community,9181,2024-06-01,108.25
High Park Forest School,34999221,Recreation & Community,9181,2024-07-01,112.13
High Park Forest School,34999221,Recreation & Community,9181,2024-08-01,112.29
High Park Forest School,34999221,Recreation & Community,9181,2024-09-01,108.19
High Park Forest School,34999221,Recreation & Community,9181,2024-10-01,578.4
High Park Forest School,34999221,Recreation & Community,9181,2024-11-01,1419.79
High Park Forest School,34999221,Recreation & Community,9181,2024-12-01,1749.67
Forest Hill Community Centre,34999218,Recreation & Community,32841,2024-01-01,11774.4
Forest Hill Community Centre,34999218,Recreation & Community,32841,2024-02-01,9028.92
Forest Hill Community Centre,34999218,Recreation & Community,32841,2024-03-01,8205.03
Forest Hill Community Centre,34999218,Recreation & Community,32841,2024-04-01,5396.78
Forest Hill Community Centre,34999218,Recreation & Community,32841,2024-05-01,1007.25
Forest Hill Community Centre,34999218,Recreation & Community,32841,2024-06-01,830.74
Forest Hill Community Centre,34999218,Recreation & Community,32841,2024-07-01,858.43
Forest Hill Community Centre,34999218,Recreation & Community,32841,2024-08-01,858.43
Forest Hill Community Centre,34999218,Recreation & Community,32841,2024-09-01,897.88
Forest Hill Community Centre,34999218,Recreation & Community,32841,2024-10-01,2913.52
Forest Hill Community Centre,34999218,Recreation & Community,32841,2024-11-01,6846.43
Forest Hill Community Centre,34999218,Recreation & Community,32841,2024-12-01,7012.12
Franklin Horner Community Centre,34999219,Recreation & Community,39500,2024-01-01,10906.58
Franklin Horner Community Centre,34999219,Recreation & Community,39500,2024-02-01,8298.65
Franklin Horner Community Centre,34999219,Recreation & Community,39500,2024-03-01,6980.32
Franklin Horner Community Centre,34999219,Recreation & Community,39500,2024-04-01,4035.5099999999998
Franklin Horner Community Centre,34999219,Recreation & Community,39500,2024-05-01,1023.06
Franklin Horner Community Centre,34999219,Recreation & Community,39500,2024-06-01,1235.52
Franklin Horner Community Centre,34999219,Recreation & Community,39500,2024-07-01,1075.97
Franklin Horner Community Centre,34999219,Recreation & Community,39500,2024-08-01,540.95
Franklin Horner Community Centre,34999219,Recreation & Community,39500,2024-09-01,544.94
Franklin Horner Community Centre,34999219,Recreation & Community,39500,2024-10-01,3993.12
Franklin Horner Community Centre,34999219,Recreation & Community,39500,2024-11-01,6093.94
Franklin Horner Community Centre,34999219,Recreation & Community,39500,2024-12-01,9106.55
Falstaff Community Centre,34999216,Recreation & Community,13853,2024-01-01,4615.96
Falstaff Community Centre,34999216,Recreation & Community,13853,2024-02-01,6487.25
Falstaff Community Centre,34999216,Recreation & Community,13853,2024-03-01,3537.38
Falstaff Community Centre,34999216,Recreation & Community,13853,2024-04-01,2911.81
Falstaff Community Centre,34999216,Recreation & Community,13853,2024-05-01,504.6700000000001
Falstaff Community Centre,34999216,Recreation & Community,13853,2024-06-01,476.2
Falstaff Community Centre,34999216,Recreation & Community,13853,2024-07-01,338.15
Falstaff Community Centre,34999216,Recreation & Community,13853,2024-08-01,360.36
Falstaff Community Centre,34999216,Recreation & Community,13853,2024-09-01,274.53
Falstaff Community Centre,34999216,Recreation & Community,13853,2024-10-01,931.13
Falstaff Community Centre,34999216,Recreation & Community,13853,2024-11-01,2386.95
Falstaff Community Centre,34999216,Recreation & Community,13853,2024-12-01,3904.33
Flemingdon Community Centre,34999217,Recreation & Community,10000,2024-01-01,3699.03
Flemingdon Community Centre,34999217,Recreation & Community,10000,2024-02-01,2920.17
Flemingdon Community Centre,34999217,Recreation & Community,10000,2024-03-01,2401.74
Flemingdon Community Centre,34999217,Recreation & Community,10000,2024-04-01,1248.67
Flemingdon Community Centre,34999217,Recreation & Community,10000,2024-05-01,64.49
Flemingdon Community Centre,34999217,Recreation & Community,10000,2024-06-01,72.05
Flemingdon Community Centre,34999217,Recreation & Community,10000,2024-07-01,72.63
Flemingdon Community Centre,34999217,Recreation & Community,10000,2024-08-01,41.88
Flemingdon Community Centre,34999217,Recreation & Community,10000,2024-09-01,12.0
Flemingdon Community Centre,34999217,Recreation & Community,10000,2024-10-01,484.61
Flemingdon Community Centre,34999217,Recreation & Community,10000,2024-11-01,2019.98
Flemingdon Community Centre,34999217,Recreation & Community,10000,2024-12-01,3298.28
Lawrence Heights Community Centre,34999230,Recreation & Community,22152,2024-01-01,6555.26
Lawrence Heights Community Centre,34999230,Recreation & Community,22152,2024-02-01,4388.83
Lawrence Heights Community Centre,34999230,Recreation & Community,22152,2024-03-01,4367.31
Lawrence Heights Community Centre,34999230,Recreation & Community,22152,2024-04-01,2347.99
Lawrence Heights Community Centre,34999230,Recreation & Community,22152,2024-05-01,992.69
Lawrence Heights Community Centre,34999230,Recreation & Community,22152,2024-06-01,1262.65
Lawrence Heights Community Centre,34999230,Recreation & Community,22152,2024-07-01,4077.47
Lawrence Heights Community Centre,34999230,Recreation & Community,22152,2024-08-01,2046.6800000000003
Lawrence Heights Community Centre,34999230,Recreation & Community,22152,2024-09-01,1763.85
Lawrence Heights Community Centre,34999230,Recreation & Community,22152,2024-10-01,1756.96
Lawrence Heights Community Centre,34999230,Recreation & Community,22152,2024-11-01,4060.4
Lawrence Heights Community Centre,34999230,Recreation & Community,22152,2024-12-01,5216.13
Malvern Recreation Centre,34999231,Recreation & Community,106466,2024-01-01,25811.19
Malvern Recreation Centre,34999231,Recreation & Community,106466,2024-02-01,21473.59
Malvern Recreation Centre,34999231,Recreation & Community,106466,2024-03-01,18622.14
Malvern Recreation Centre,34999231,Recreation & Community,106466,2024-04-01,12217.49
Malvern Recreation Centre,34999231,Recreation & Community,106466,2024-05-01,6386.64
Malvern Recreation Centre,34999231,Recreation & Community,106466,2024-06-01,2983.45
Malvern Recreation Centre,34999231,Recreation & Community,106466,2024-07-01,281.1
Malvern Recreation Centre,34999231,Recreation & Community,106466,2024-08-01,2679.18
Malvern Recreation Centre,34999231,Recreation & Community,106466,2024-09-01,6045.29
Malvern Recreation Centre,34999231,Recreation & Community,106466,2024-10-01,10159.83
Malvern Recreation Centre,34999231,Recreation & Community,106466,2024-11-01,11650.79
Malvern Recreation Centre,34999231,Recreation & Community,106466,2024-12-01,20958.63
Lamp Community Health Centre,34999229,Recreation & Community,26318,2024-01-01,7080.06
Lamp Community Health Centre,34999229,Recreation & Community,26318,2024-02-01,5669.72
Lamp Community Health Centre,34999229,Recreation & Community,26318,2024-03-01,4841.99
Lamp Community Health Centre,34999229,Recreation & Community,26318,2024-04-01,2603.88
Lamp Community Health Centre,34999229,Recreation & Community,26318,2024-05-01,300.81
Lamp Community Health Centre,34999229,Recreation & Community,26318,2024-06-01,125.92000000000002
Lamp Community Health Centre,34999229,Recreation & Community,26318,2024-07-01,306.73
Lamp Community Health Centre,34999229,Recreation & Community,26318,2024-08-01,190.25
Lamp Community Health Centre,34999229,Recreation & Community,26318,2024-09-01,192.68
Lamp Community Health Centre,34999229,Recreation & Community,26318,2024-10-01,1519.62
Lamp Community Health Centre,34999229,Recreation & Community,26318,2024-11-01,3706.87
Lamp Community Health Centre,34999229,Recreation & Community,26318,2024-12-01,5903.37
Jenner Jean-Marie Community Centre,34999226,Recreation & Community,13207,2024-01-01,5585.51
Jenner Jean-Marie Community Centre,34999226,Recreation & Community,13207,2024-02-01,4491.38
Jenner Jean-Marie Community Centre,34999226,Recreation & Community,13207,2024-03-01,4261.1
Jenner Jean-Marie Community Centre,34999226,Recreation & Community,13207,2024-04-01,2226.37
Jenner Jean-Marie Community Centre,34999226,Recreation & Community,13207,2024-05-01,725.75
Jenner Jean-Marie Community Centre,34999226,Recreation & Community,13207,2024-06-01,213.92
Jenner Jean-Marie Community Centre,34999226,Recreation & Community,13207,2024-07-01,251.68
Jenner Jean-Marie Community Centre,34999226,Recreation & Community,13207,2024-08-01,211.78
Jenner Jean-Marie Community Centre,34999226,Recreation & Community,13207,2024-09-01,161.89
Jenner Jean-Marie Community Centre,34999226,Recreation & Community,13207,2024-10-01,1066.8
Jenner Jean-Marie Community Centre,34999226,Recreation & Community,13207,2024-11-01,3320.7
Jenner Jean-Marie Community Centre,34999226,Recreation & Community,13207,2024-12-01,5062.82
June Rowlands Park,34999227,Recreation & Community,2777,2024-01-01,957.99
June Rowlands Park,34999227,Recreation & Community,2777,2024-02-01,828.68
June Rowlands Park,34999227,Recreation & Community,2777,2024-03-01,659.1
June Rowlands Park,34999227,Recreation & Community,2777,2024-04-01,521.93
June Rowlands Park,34999227,Recreation & Community,2777,2024-05-01,211.2
June Rowlands Park,34999227,Recreation & Community,2777,2024-06-01,86.01
June Rowlands Park,34999227,Recreation & Community,2777,2024-07-01,111.54
June Rowlands Park,34999227,Recreation & Community,2777,2024-08-01,56.14
June Rowlands Park,34999227,Recreation & Community,2777,2024-09-01,6.0
June Rowlands Park,34999227,Recreation & Community,2777,2024-10-01,232.8
June Rowlands Park,34999227,Recreation & Community,2777,2024-11-01,713.02
June Rowlands Park,34999227,Recreation & Community,2777,2024-12-01,949.04
Horner Avenue Seniors Centre,34999224,Recreation & Community,4252,2024-01-01,916.03
Horner Avenue Seniors Centre,34999224,Recreation & Community,4252,2024-02-01,668.81
Horner Avenue Seniors Centre,34999224,Recreation & Community,4252,2024-03-01,611.11
Horner Avenue Seniors Centre,34999224,Recreation & Community,4252,2024-04-01,382.9
Horner Avenue Seniors Centre,34999224,Recreation & Community,4252,2024-05-01,30.37
Horner Avenue Seniors Centre,34999224,Recreation & Community,4252,2024-06-01,0.0
Horner Avenue Seniors Centre,34999224,Recreation & Community,4252,2024-07-01,5.73
Horner Avenue Seniors Centre,34999224,Recreation & Community,4252,2024-08-01,3.27
Horner Avenue Seniors Centre,34999224,Recreation & Community,4252,2024-09-01,0.0
Horner Avenue Seniors Centre,34999224,Recreation & Community,4252,2024-10-01,154.8
Horner Avenue Seniors Centre,34999224,Recreation & Community,4252,2024-11-01,461.77
Horner Avenue Seniors Centre,34999224,Recreation & Community,4252,2024-12-01,731.19
Islington Seniors Centre,34999225,Recreation & Community,9967,2024-01-01,1980.79
Islington Seniors Centre,34999225,Recreation & Community,9967,2024-02-01,1519.43
Islington Seniors Centre,34999225,Recreation & Community,9967,2024-03-01,1217.19
Islington Seniors Centre,34999225,Recreation & Community,9967,2024-04-01,672.36
Islington Seniors Centre,34999225,Recreation & Community,9967,2024-05-01,87.26
Islington Seniors Centre,34999225,Recreation & Community,9967,2024-06-01,17.34
Islington Seniors Centre,34999225,Recreation & Community,9967,2024-07-01,6.4
Islington Seniors Centre,34999225,Recreation & Community,9967,2024-08-01,2.48
Islington Seniors Centre,34999225,Recreation & Community,9967,2024-09-01,2.21
Islington Seniors Centre,34999225,Recreation & Community,9967,2024-10-01,309.08
Islington Seniors Centre,34999225,Recreation & Community,9967,2024-11-01,939.32
Islington Seniors Centre,34999225,Recreation & Community,9967,2024-12-01,1784.85
Earl Bales Community Centre,34999206,Recreation & Community,21657,2024-01-01,6530.6
Earl Bales Community Centre,34999206,Recreation & Community,21657,2024-02-01,4242.1
Earl Bales Community Centre,34999206,Recreation & Community,21657,2024-03-01,4263.33
Earl Bales Community Centre,34999206,Recreation & Community,21657,2024-04-01,2256.1
Earl Bales Community Centre,34999206,Recreation & Community,21657,2024-05-01,586.74
Earl Bales Community Centre,34999206,Recreation & Community,21657,2024-06-01,473.23
Earl Bales Community Centre,34999206,Recreation & Community,21657,2024-07-01,141.73
Earl Bales Community Centre,34999206,Recreation & Community,21657,2024-08-01,327.54
Earl Bales Community Centre,34999206,Recreation & Community,21657,2024-09-01,280.79
Earl Bales Community Centre,34999206,Recreation & Community,21657,2024-10-01,1297.61
Earl Bales Community Centre,34999206,Recreation & Community,21657,2024-11-01,2968.05
Earl Bales Community Centre,34999206,Recreation & Community,21657,2024-12-01,4167.62
East Scarborough Boys/Girls Club,34999207,Recreation & Community,13972,2024-01-01,7776.96
East Scarborough Boys/Girls Club,34999207,Recreation & Community,13972,2024-02-01,5105.48
East Scarborough Boys/Girls Club,34999207,Recreation & Community,13972,2024-03-01,4364.74
East Scarborough Boys/Girls Club,34999207,Recreation & Community,13972,2024-04-01,2394.64
East Scarborough Boys/Girls Club,34999207,Recreation & Community,13972,2024-05-01,455.73
East Scarborough Boys/Girls Club,34999207,Recreation & Community,13972,2024-06-01,559.79
East Scarborough Boys/Girls Club,34999207,Recreation & Community,13972,2024-07-01,571.35
East Scarborough Boys/Girls Club,34999207,Recreation & Community,13972,2024-08-01,553.54
East Scarborough Boys/Girls Club,34999207,Recreation & Community,13972,2024-09-01,331.48
East Scarborough Boys/Girls Club,34999207,Recreation & Community,13972,2024-10-01,1656.23
East Scarborough Boys/Girls Club,34999207,Recreation & Community,13972,2024-11-01,3700.02
East Scarborough Boys/Girls Club,34999207,Recreation & Community,13972,2024-12-01,6800.81
Driftwood Community Recreation Centre,34999205,Recreation & Community,25015,2024-01-01,8761.33
Driftwood Community Recreation Centre,34999205,Recreation & Community,25015,2024-02-01,8647.27
Driftwood Community Recreation Centre,34999205,Recreation & Community,25015,2024-03-01,6350.35
Driftwood Community Recreation Centre,34999205,Recreation & Community,25015,2024-04-01,4029.92
Driftwood Community Recreation Centre,34999205,Recreation & Community,25015,2024-05-01,1124.2
Driftwood Community Recreation Centre,34999205,Recreation & Community,25015,2024-06-01,396.14
Driftwood Community Recreation Centre,34999205,Recreation & Community,25015,2024-07-01,862.59
Driftwood Community Recreation Centre,34999205,Recreation & Community,25015,2024-08-01,478.41
Driftwood Community Recreation Centre,34999205,Recreation & Community,25015,2024-09-01,817.25
Driftwood Community Recreation Centre,34999205,Recreation & Community,25015,2024-10-01,1475.4
Driftwood Community Recreation Centre,34999205,Recreation & Community,25015,2024-11-01,4851.52
Driftwood Community Recreation Centre,34999205,Recreation & Community,25015,2024-12-01,1177.82
David Appleton Community Centre,34999202,Recreation & Community,2906,2024-01-01,994.4399999999999
David Appleton Community Centre,34999202,Recreation & Community,2906,2024-02-01,1024.1
David Appleton Community Centre,34999202,Recreation & Community,2906,2024-03-01,1245.45
David Appleton Community Centre,34999202,Recreation & Community,2906,2024-04-01,646.74
David Appleton Community Centre,34999202,Recreation & Community,2906,2024-05-01,98.67
David Appleton Community Centre,34999202,Recreation & Community,2906,2024-06-01,2.95
David Appleton Community Centre,34999202,Recreation & Community,2906,2024-07-01,1.89
David Appleton Community Centre,34999202,Recreation & Community,2906,2024-08-01,1.55
David Appleton Community Centre,34999202,Recreation & Community,2906,2024-09-01,19.19
David Appleton Community Centre,34999202,Recreation & Community,2906,2024-10-01,243.2
David Appleton Community Centre,34999202,Recreation & Community,2906,2024-11-01,755.61
David Appleton Community Centre,34999202,Recreation & Community,2906,2024-12-01,1336.56
Domenico Di Luca Community Recreation Centre,34999203,Recreation & Community,12895,2024-01-01,3082.27
Domenico Di Luca Community Recreation Centre,34999203,Recreation & Community,12895,2024-02-01,2399.31
Domenico Di Luca Community Recreation Centre,34999203,Recreation & Community,12895,2024-03-01,2151.48
Domenico Di Luca Community Recreation Centre,34999203,Recreation & Community,12895,2024-04-01,1282.1
Domenico Di Luca Community Recreation Centre,34999203,Recreation & Community,12895,2024-05-01,489.52
Domenico Di Luca Community Recreation Centre,34999203,Recreation & Community,12895,2024-06-01,550.18
Domenico Di Luca Community Recreation Centre,34999203,Recreation & Community,12895,2024-07-01,498.02000000000004
Domenico Di Luca Community Recreation Centre,34999203,Recreation & Community,12895,2024-08-01,629.53
Domenico Di Luca Community Recreation Centre,34999203,Recreation & Community,12895,2024-09-01,487.81999999999994
Domenico Di Luca Community Recreation Centre,34999203,Recreation & Community,12895,2024-10-01,607.36
Domenico Di Luca Community Recreation Centre,34999203,Recreation & Community,12895,2024-11-01,1782.6
Domenico Di Luca Community Recreation Centre,34999203,Recreation & Community,12895,2024-12-01,3620.4
Curran Hall Community Centre,34999200,Recreation & Community,2508,2024-01-01,1035.16
Curran Hall Community Centre,34999200,Recreation & Community,2508,2024-02-01,948.4100000000001
Curran Hall Community Centre,34999200,Recreation & Community,2508,2024-03-01,815.0
Curran Hall Community Centre,34999200,Recreation & Community,2508,2024-04-01,704.72
Curran Hall Community Centre,34999200,Recreation & Community,2508,2024-05-01,339.63
Curran Hall Community Centre,34999200,Recreation & Community,2508,2024-06-01,13.42
Curran Hall Community Centre,34999200,Recreation & Community,2508,2024-07-01,13.8
Curran Hall Community Centre,34999200,Recreation & Community,2508,2024-08-01,21.26
Curran Hall Community Centre,34999200,Recreation & Community,2508,2024-09-01,17.12
Curran Hall Community Centre,34999200,Recreation & Community,2508,2024-10-01,360.42
Curran Hall Community Centre,34999200,Recreation & Community,2508,2024-11-01,703.14
Curran Hall Community Centre,34999200,Recreation & Community,2508,2024-12-01,877.14
Davenport 1347,34999201,Recreation & Community,2282,2024-01-01,0.0
Davenport 1347,34999201,Recreation & Community,2282,2024-02-01,742.51
Davenport 1347,34999201,Recreation & Community,2282,2024-03-01,619.74
Davenport 1347,34999201,Recreation & Community,2282,2024-04-01,379.4
Davenport 1347,34999201,Recreation & Community,2282,2024-05-01,25.88
Davenport 1347,34999201,Recreation & Community,2282,2024-06-01,18.33
Davenport 1347,34999201,Recreation & Community,2282,2024-07-01,19.03
Davenport 1347,34999201,Recreation & Community,2282,2024-08-01,19.36
Davenport 1347,34999201,Recreation & Community,2282,2024-09-01,18.42
Davenport 1347,34999201,Recreation & Community,2282,2024-10-01,239.83
Davenport 1347,34999201,Recreation & Community,2282,2024-11-01,494.66
Davenport 1347,34999201,Recreation & Community,2282,2024-12-01,875.31
Fairbank Memorial Community Centre,34999214,Recreation & Community,19364,2024-01-01,5721.25
Fairbank Memorial Community Centre,34999214,Recreation & Community,19364,2024-02-01,4666.86
Fairbank Memorial Community Centre,34999214,Recreation & Community,19364,2024-03-01,3077.18
Fairbank Memorial Community Centre,34999214,Recreation & Community,19364,2024-04-01,1290.53
Fairbank Memorial Community Centre,34999214,Recreation & Community,19364,2024-05-01,44.78
Fairbank Memorial Community Centre,34999214,Recreation & Community,19364,2024-06-01,43.33
Fairbank Memorial Community Centre,34999214,Recreation & Community,19364,2024-07-01,10.71
Fairbank Memorial Community Centre,34999214,Recreation & Community,19364,2024-08-01,8.37
Fairbank Memorial Community Centre,34999214,Recreation & Community,19364,2024-09-01,88.33
Fairbank Memorial Community Centre,34999214,Recreation & Community,19364,2024-10-01,455.48
Fairbank Memorial Community Centre,34999214,Recreation & Community,19364,2024-11-01,3796.88
Fairbank Memorial Community Centre,34999214,Recreation & Community,19364,2024-12-01,3675.66
Fairfield Senior Centre,34999215,Recreation & Community,14316,2024-01-01,6499.47
Fairfield Senior Centre,34999215,Recreation & Community,14316,2024-02-01,4027.6599999999994
Fairfield Senior Centre,34999215,Recreation & Community,14316,2024-03-01,6521.58
Fairfield Senior Centre,34999215,Recreation & Community,14316,2024-04-01,2849.09
Fairfield Senior Centre,34999215,Recreation & Community,14316,2024-05-01,165.31
Fairfield Senior Centre,34999215,Recreation & Community,14316,2024-06-01,79.47
Fairfield Senior Centre,34999215,Recreation & Community,14316,2024-07-01,96.3
Fairfield Senior Centre,34999215,Recreation & Community,14316,2024-08-01,51.2
Fairfield Senior Centre,34999215,Recreation & Community,14316,2024-09-01,34.0
Fairfield Senior Centre,34999215,Recreation & Community,14316,2024-10-01,1126.65
Fairfield Senior Centre,34999215,Recreation & Community,14316,2024-11-01,3194.47
Fairfield Senior Centre,34999215,Recreation & Community,14316,2024-12-01,7520.56
Ellesmere Community Centre,34999212,Recreation & Community,24402,2024-01-01,5591.73
Ellesmere Community Centre,34999212,Recreation & Community,24402,2024-02-01,4461.8
Ellesmere Community Centre,34999212,Recreation & Community,24402,2024-03-01,3027.89
Ellesmere Community Centre,34999212,Recreation & Community,24402,2024-04-01,1866.79
Ellesmere Community Centre,34999212,Recreation & Community,24402,2024-05-01,788.68
Ellesmere Community Centre,34999212,Recreation & Community,24402,2024-06-01,456.91
Ellesmere Community Centre,34999212,Recreation & Community,24402,2024-07-01,171.29
Ellesmere Community Centre,34999212,Recreation & Community,24402,2024-08-01,363.34
Ellesmere Community Centre,34999212,Recreation & Community,24402,2024-09-01,277.49
Ellesmere Community Centre,34999212,Recreation & Community,24402,2024-10-01,1038.6
Ellesmere Community Centre,34999212,Recreation & Community,24402,2024-11-01,2825.93
Ellesmere Community Centre,34999212,Recreation & Community,24402,2024-12-01,5455.58
Elmbank Community Centre,34999213,Recreation & Community,14725,2024-01-01,3830.16
Elmbank Community Centre,34999213,Recreation & Community,14725,2024-02-01,3019.36
Elmbank Community Centre,34999213,Recreation & Community,14725,2024-03-01,4262.86
Elmbank Community Centre,34999213,Recreation & Community,14725,2024-04-01,1995.7000000000003
Elmbank Community Centre,34999213,Recreation & Community,14725,2024-05-01,507.93000000000006
Elmbank Community Centre,34999213,Recreation & Community,14725,2024-06-01,553.08
Elmbank Community Centre,34999213,Recreation & Community,14725,2024-07-01,577.16
Elmbank Community Centre,34999213,Recreation & Community,14725,2024-08-01,565.41
Elmbank Community Centre,34999213,Recreation & Community,14725,2024-09-01,468.4
Elmbank Community Centre,34999213,Recreation & Community,14725,2024-10-01,1243.57
Elmbank Community Centre,34999213,Recreation & Community,14725,2024-11-01,2274.77
Elmbank Community Centre,34999213,Recreation & Community,14725,2024-12-01,3396.73
Edgehill House,34999210,Recreation & Community,4844,2024-01-01,1931.4
Edgehill House,34999210,Recreation & Community,4844,2024-02-01,1832.09
Edgehill House,34999210,Recreation & Community,4844,2024-03-01,1294.61
Edgehill House,34999210,Recreation & Community,4844,2024-04-01,700.44
Edgehill House,34999210,Recreation & Community,4844,2024-05-01,117.36
Edgehill House,34999210,Recreation & Community,4844,2024-06-01,85.19
Edgehill House,34999210,Recreation & Community,4844,2024-07-01,88.03
Edgehill House,34999210,Recreation & Community,4844,2024-08-01,36.03
Edgehill House,34999210,Recreation & Community,4844,2024-09-01,32.76
Edgehill House,34999210,Recreation & Community,4844,2024-10-01,696.98
Edgehill House,34999210,Recreation & Community,4844,2024-11-01,987.1200000000001
Edgehill House,34999210,Recreation & Community,4844,2024-12-01,2154.79
Edithvale Community Centre,34999211,Recreation & Community,24725,2024-01-01,8800.75
Edithvale Community Centre,34999211,Recreation & Community,24725,2024-02-01,7289.32
Edithvale Community Centre,34999211,Recreation & Community,24725,2024-03-01,6453.52
Edithvale Community Centre,34999211,Recreation & Community,24725,2024-04-01,3945.88
Edithvale Community Centre,34999211,Recreation & Community,24725,2024-05-01,1055.97
Edithvale Community Centre,34999211,Recreation & Community,24725,2024-06-01,426.89
Edithvale Community Centre,34999211,Recreation & Community,24725,2024-07-01,290.75
Edithvale Community Centre,34999211,Recreation & Community,24725,2024-08-01,277.25
Edithvale Community Centre,34999211,Recreation & Community,24725,2024-09-01,137.97
Edithvale Community Centre,34999211,Recreation & Community,24725,2024-10-01,1269.15
Edithvale Community Centre,34999211,Recreation & Community,24725,2024-11-01,3414.96
Edithvale Community Centre,34999211,Recreation & Community,24725,2024-12-01,7105.67
Eastview Neighbourhood C.C.,34999208,Recreation & Community,25510,2024-01-01,8386.24
Eastview Neighbourhood C.C.,34999208,Recreation & Community,25510,2024-02-01,9873.13
Eastview Neighbourhood C.C.,34999208,Recreation & Community,25510,2024-03-01,7451.82
Eastview Neighbourhood C.C.,34999208,Recreation & Community,25510,2024-04-01,8349.63
Eastview Neighbourhood C.C.,34999208,Recreation & Community,25510,2024-05-01,1116.22
Eastview Neighbourhood C.C.,34999208,Recreation & Community,25510,2024-06-01,1298.04
Eastview Neighbourhood C.C.,34999208,Recreation & Community,25510,2024-07-01,359.5
Eastview Neighbourhood C.C.,34999208,Recreation & Community,25510,2024-08-01,673.51
Eastview Neighbourhood C.C.,34999208,Recreation & Community,25510,2024-09-01,849.02
Eastview Neighbourhood C.C.,34999208,Recreation & Community,25510,2024-10-01,1309.82
Eastview Neighbourhood C.C.,34999208,Recreation & Community,25510,2024-11-01,4885.24
Eastview Neighbourhood C.C.,34999208,Recreation & Community,25510,2024-12-01,8185.120000000001
Edgehill Centre,34999209,Recreation & Community,4133,2024-01-01,1465.31
Edgehill Centre,34999209,Recreation & Community,4133,2024-02-01,1181.05
Edgehill Centre,34999209,Recreation & Community,4133,2024-03-01,1083.2
Edgehill Centre,34999209,Recreation & Community,4133,2024-04-01,780.14
Edgehill Centre,34999209,Recreation & Community,4133,2024-05-01,331.87
Edgehill Centre,34999209,Recreation & Community,4133,2024-06-01,57.62
Edgehill Centre,34999209,Recreation & Community,4133,2024-07-01,18.5
Edgehill Centre,34999209,Recreation & Community,4133,2024-08-01,11.58
Edgehill Centre,34999209,Recreation & Community,4133,2024-09-01,15.21
Edgehill Centre,34999209,Recreation & Community,4133,2024-10-01,571.03
Edgehill Centre,34999209,Recreation & Community,4133,2024-11-01,443.17
Edgehill Centre,34999209,Recreation & Community,4133,2024-12-01,1192.92
Sir Adam Beck C.C.,34999254,Recreation & Community,7341,2024-01-01,316.33
Sir Adam Beck C.C.,34999254,Recreation & Community,7341,2024-02-01,458.68
Sir Adam Beck C.C.,34999254,Recreation & Community,7341,2024-03-01,324.32
Sir Adam Beck C.C.,34999254,Recreation & Community,7341,2024-04-01,225.5
Sir Adam Beck C.C.,34999254,Recreation & Community,7341,2024-05-01,81.73
Sir Adam Beck C.C.,34999254,Recreation & Community,7341,2024-06-01,3.44
Sir Adam Beck C.C.,34999254,Recreation & Community,7341,2024-07-01,0.33
Sir Adam Beck C.C.,34999254,Recreation & Community,7341,2024-08-01,0.51
Sir Adam Beck C.C.,34999254,Recreation & Community,7341,2024-09-01,6.16
Sir Adam Beck C.C.,34999254,Recreation & Community,7341,2024-10-01,63.45
Sir Adam Beck C.C.,34999254,Recreation & Community,7341,2024-11-01,646.55
Sir Adam Beck C.C.,34999254,Recreation & Community,7341,2024-12-01,530.08
Stan Wadlow Clubhouse,34999255,Recreation & Community,10323,2024-01-01,2435.57
Stan Wadlow Clubhouse,34999255,Recreation & Community,10323,2024-02-01,2439.25
Stan Wadlow Clubhouse,34999255,Recreation & Community,10323,2024-03-01,2266.74
Stan Wadlow Clubhouse,34999255,Recreation & Community,10323,2024-04-01,1532.41
Stan Wadlow Clubhouse,34999255,Recreation & Community,10323,2024-05-01,584.7
Stan Wadlow Clubhouse,34999255,Recreation & Community,10323,2024-06-01,381.44
Stan Wadlow Clubhouse,34999255,Recreation & Community,10323,2024-07-01,1451.89
Stan Wadlow Clubhouse,34999255,Recreation & Community,10323,2024-08-01,2443.13
Stan Wadlow Clubhouse,34999255,Recreation & Community,10323,2024-09-01,1436.05
Stan Wadlow Clubhouse,34999255,Recreation & Community,10323,2024-10-01,889.18
Stan Wadlow Clubhouse,34999255,Recreation & Community,10323,2024-11-01,2002.1999999999998
Stan Wadlow Clubhouse,34999255,Recreation & Community,10323,2024-12-01,2046.2400000000002
Regent Park Community Centre,34999250,Recreation & Community,55004,2024-01-01,5.52
Regent Park Community Centre,34999250,Recreation & Community,55004,2024-02-01,18.48
Regent Park Community Centre,34999250,Recreation & Community,55004,2024-03-01,18.67
Regent Park Community Centre,34999250,Recreation & Community,55004,2024-04-01,18.88
Regent Park Community Centre,34999250,Recreation & Community,55004,2024-05-01,8.06
Regent Park Community Centre,34999250,Recreation & Community,55004,2024-06-01,10.39
Regent Park Community Centre,34999250,Recreation & Community,55004,2024-07-01,1.18
Regent Park Community Centre,34999250,Recreation & Community,55004,2024-08-01,4.57
Regent Park Community Centre,34999250,Recreation & Community,55004,2024-09-01,6.08
Regent Park Community Centre,34999250,Recreation & Community,55004,2024-10-01,15.41
Regent Park Community Centre,34999250,Recreation & Community,55004,2024-11-01,23.04
Regent Park Community Centre,34999250,Recreation & Community,55004,2024-12-01,93.69
S.H. Armstrong Community Centre,34999251,Recreation & Community,18277,2024-01-01,3909.91
S.H. Armstrong Community Centre,34999251,Recreation & Community,18277,2024-02-01,777.43
S.H. Armstrong Community Centre,34999251,Recreation & Community,18277,2024-03-01,1468.69
S.H. Armstrong Community Centre,34999251,Recreation & Community,18277,2024-04-01,1068.95
S.H. Armstrong Community Centre,34999251,Recreation & Community,18277,2024-05-01,289.81
S.H. Armstrong Community Centre,34999251,Recreation & Community,18277,2024-06-01,286.58
S.H. Armstrong Community Centre,34999251,Recreation & Community,18277,2024-07-01,37.31
S.H. Armstrong Community Centre,34999251,Recreation & Community,18277,2024-08-01,78.34
S.H. Armstrong Community Centre,34999251,Recreation & Community,18277,2024-09-01,159.19
S.H. Armstrong Community Centre,34999251,Recreation & Community,18277,2024-10-01,597.64
S.H. Armstrong Community Centre,34999251,Recreation & Community,18277,2024-11-01,1122.1
S.H. Armstrong Community Centre,34999251,Recreation & Community,18277,2024-12-01,2111.31
Power House Recreation Centre,34999248,Recreation & Community,5737,2024-01-01,4881.84
Power House Recreation Centre,34999248,Recreation & Community,5737,2024-02-01,5335.89
Power House Recreation Centre,34999248,Recreation & Community,5737,2024-03-01,4413.06
Power House Recreation Centre,34999248,Recreation & Community,5737,2024-04-01,3141.23
Power House Recreation Centre,34999248,Recreation & Community,5737,2024-05-01,1303.06
Power House Recreation Centre,34999248,Recreation & Community,5737,2024-06-01,799.62
Power House Recreation Centre,34999248,Recreation & Community,5737,2024-07-01,579.27
Power House Recreation Centre,34999248,Recreation & Community,5737,2024-08-01,1037.86
Power House Recreation Centre,34999248,Recreation & Community,5737,2024-09-01,627.61
Power House Recreation Centre,34999248,Recreation & Community,5737,2024-10-01,1208.07
Power House Recreation Centre,34999248,Recreation & Community,5737,2024-11-01,3135.21
Power House Recreation Centre,34999248,Recreation & Community,5737,2024-12-01,4028.2999999999997
Waterfront Neighbourhood Centre,34999262,Recreation & Community,123214,2024-01-01,1602.19
Waterfront Neighbourhood Centre,34999262,Recreation & Community,123214,2024-02-01,415.71
Waterfront Neighbourhood Centre,34999262,Recreation & Community,123214,2024-03-01,39.71
Waterfront Neighbourhood Centre,34999262,Recreation & Community,123214,2024-04-01,19.11
Waterfront Neighbourhood Centre,34999262,Recreation & Community,123214,2024-05-01,23.35
Waterfront Neighbourhood Centre,34999262,Recreation & Community,123214,2024-06-01,25.05
Waterfront Neighbourhood Centre,34999262,Recreation & Community,123214,2024-07-01,23.35
Waterfront Neighbourhood Centre,34999262,Recreation & Community,123214,2024-08-01,45.95
Waterfront Neighbourhood Centre,34999262,Recreation & Community,123214,2024-09-01,75.45
Waterfront Neighbourhood Centre,34999262,Recreation & Community,123214,2024-10-01,52.75
Waterfront Neighbourhood Centre,34999262,Recreation & Community,123214,2024-11-01,34.92
Waterfront Neighbourhood Centre,34999262,Recreation & Community,123214,2024-12-01,24.45
Wellesley Community Centre,34999263,Recreation & Community,41904,2024-01-01,34463.23
Wellesley Community Centre,34999263,Recreation & Community,41904,2024-02-01,28554.54
Wellesley Community Centre,34999263,Recreation & Community,41904,2024-03-01,25692.93
Wellesley Community Centre,34999263,Recreation & Community,41904,2024-04-01,19225.27
Wellesley Community Centre,34999263,Recreation & Community,41904,2024-05-01,9475.61
Wellesley Community Centre,34999263,Recreation & Community,41904,2024-06-01,3143.07
Wellesley Community Centre,34999263,Recreation & Community,41904,2024-07-01,3205.17
Wellesley Community Centre,34999263,Recreation & Community,41904,2024-08-01,3075.14
Wellesley Community Centre,34999263,Recreation & Community,41904,2024-09-01,4397.82
Wellesley Community Centre,34999263,Recreation & Community,41904,2024-10-01,12131.38
Wellesley Community Centre,34999263,Recreation & Community,41904,2024-11-01,23472.75
Wellesley Community Centre,34999263,Recreation & Community,41904,2024-12-01,34140.93
Warden Hilltop Community Centre,34999260,Recreation & Community,25995,2024-01-01,2259.84
Warden Hilltop Community Centre,34999260,Recreation & Community,25995,2024-02-01,1681.02
Warden Hilltop Community Centre,34999260,Recreation & Community,25995,2024-03-01,1781.96
Warden Hilltop Community Centre,34999260,Recreation & Community,25995,2024-04-01,1343.98
Warden Hilltop Community Centre,34999260,Recreation & Community,25995,2024-05-01,478.51
Warden Hilltop Community Centre,34999260,Recreation & Community,25995,2024-06-01,148.64
Warden Hilltop Community Centre,34999260,Recreation & Community,25995,2024-07-01,143.65
Warden Hilltop Community Centre,34999260,Recreation & Community,25995,2024-08-01,132.14
Warden Hilltop Community Centre,34999260,Recreation & Community,25995,2024-09-01,105.95
Warden Hilltop Community Centre,34999260,Recreation & Community,25995,2024-10-01,269.48
Warden Hilltop Community Centre,34999260,Recreation & Community,25995,2024-11-01,832.84
Warden Hilltop Community Centre,34999260,Recreation & Community,25995,2024-12-01,2246.46
Wards Island Buildings,34999261,Recreation & Community,2,2024-01-01,1054.83
Wards Island Buildings,34999261,Recreation & Community,2,2024-02-01,946.64
Wards Island Buildings,34999261,Recreation & Community,2,2024-03-01,256.62
Wards Island Buildings,34999261,Recreation & Community,2,2024-04-01,657.03
Wards Island Buildings,34999261,Recreation & Community,2,2024-05-01,37.22
Wards Island Buildings,34999261,Recreation & Community,2,2024-06-01,107.79
Wards Island Buildings,34999261,Recreation & Community,2,2024-07-01,54.93
Wards Island Buildings,34999261,Recreation & Community,2,2024-08-01,1.05
Wards Island Buildings,34999261,Recreation & Community,2,2024-09-01,37.85
Wards Island Buildings,34999261,Recreation & Community,2,2024-10-01,255.53999999999996
Wards Island Buildings,34999261,Recreation & Community,2,2024-11-01,773.68
Wards Island Buildings,34999261,Recreation & Community,2,2024-12-01,1017.1200000000001
Thistletown Community Centre,34999258,Recreation & Community,44810,2024-01-01,20595.15
Thistletown Community Centre,34999258,Recreation & Community,44810,2024-02-01,15470.850000000002
Thistletown Community Centre,34999258,Recreation & Community,44810,2024-03-01,14561.55
Thistletown Community Centre,34999258,Recreation & Community,44810,2024-04-01,9722.8
Thistletown Community Centre,34999258,Recreation & Community,44810,2024-05-01,2557.78
Thistletown Community Centre,34999258,Recreation & Community,44810,2024-06-01,433.71
Thistletown Community Centre,34999258,Recreation & Community,44810,2024-07-01,123.5
Thistletown Community Centre,34999258,Recreation & Community,44810,2024-08-01,51.79
Thistletown Community Centre,34999258,Recreation & Community,44810,2024-09-01,37.35
Thistletown Community Centre,34999258,Recreation & Community,44810,2024-10-01,4606.77
Thistletown Community Centre,34999258,Recreation & Community,44810,2024-11-01,14353.59
Thistletown Community Centre,34999258,Recreation & Community,44810,2024-12-01,18516.71
Trace Manes Park Clubhouse,34999259,Recreation & Community,6329,2024-01-01,4007.59
Trace Manes Park Clubhouse,34999259,Recreation & Community,6329,2024-02-01,3648.83
Trace Manes Park Clubhouse,34999259,Recreation & Community,6329,2024-03-01,3976.9399999999996
Trace Manes Park Clubhouse,34999259,Recreation & Community,6329,2024-04-01,1644.16
Trace Manes Park Clubhouse,34999259,Recreation & Community,6329,2024-05-01,817.23
Trace Manes Park Clubhouse,34999259,Recreation & Community,6329,2024-06-01,77.8
Trace Manes Park Clubhouse,34999259,Recreation & Community,6329,2024-07-01,85.05
Trace Manes Park Clubhouse,34999259,Recreation & Community,6329,2024-08-01,60.66
Trace Manes Park Clubhouse,34999259,Recreation & Community,6329,2024-09-01,39.01
Trace Manes Park Clubhouse,34999259,Recreation & Community,6329,2024-10-01,625.05
Trace Manes Park Clubhouse,34999259,Recreation & Community,6329,2024-11-01,2213.9
Trace Manes Park Clubhouse,34999259,Recreation & Community,6329,2024-12-01,3251.07
Tall Pines Community Centre,34999257,Recreation & Community,5188,2024-01-01,883.68
Tall Pines Community Centre,34999257,Recreation & Community,5188,2024-02-01,695.17
Tall Pines Community Centre,34999257,Recreation & Community,5188,2024-03-01,358.41
Tall Pines Community Centre,34999257,Recreation & Community,5188,2024-04-01,368.05
Tall Pines Community Centre,34999257,Recreation & Community,5188,2024-05-01,11.04
Tall Pines Community Centre,34999257,Recreation & Community,5188,2024-06-01,0.0
Tall Pines Community Centre,34999257,Recreation & Community,5188,2024-07-01,0.02
Tall Pines Community Centre,34999257,Recreation & Community,5188,2024-08-01,0.3
Tall Pines Community Centre,34999257,Recreation & Community,5188,2024-09-01,19.58
Tall Pines Community Centre,34999257,Recreation & Community,5188,2024-10-01,226.3
Tall Pines Community Centre,34999257,Recreation & Community,5188,2024-11-01,469.94
Tall Pines Community Centre,34999257,Recreation & Community,5188,2024-12-01,26.57
North York Memorial Hall,34999239,Recreation & Community,10473,2024-01-01,2596.67
North York Memorial Hall,34999239,Recreation & Community,10473,2024-02-01,1958.6099999999997
North York Memorial Hall,34999239,Recreation & Community,10473,2024-03-01,1834.15
North York Memorial Hall,34999239,Recreation & Community,10473,2024-04-01,1054.82
North York Memorial Hall,34999239,Recreation & Community,10473,2024-05-01,321.67
North York Memorial Hall,34999239,Recreation & Community,10473,2024-06-01,135.24
North York Memorial Hall,34999239,Recreation & Community,10473,2024-07-01,139.79
North York Memorial Hall,34999239,Recreation & Community,10473,2024-08-01,134.0
North York Memorial Hall,34999239,Recreation & Community,10473,2024-09-01,158.21
North York Memorial Hall,34999239,Recreation & Community,10473,2024-10-01,696.54
North York Memorial Hall,34999239,Recreation & Community,10473,2024-11-01,810.66
North York Memorial Hall,34999239,Recreation & Community,10473,2024-12-01,2241.59
Mount Dennis Community Centre,34999236,Recreation & Community,3003,2024-01-01,925.92
Mount Dennis Community Centre,34999236,Recreation & Community,3003,2024-02-01,1115.52
Mount Dennis Community Centre,34999236,Recreation & Community,3003,2024-03-01,641.62
Mount Dennis Community Centre,34999236,Recreation & Community,3003,2024-04-01,112.79
Mount Dennis Community Centre,34999236,Recreation & Community,3003,2024-05-01,15.12
Mount Dennis Community Centre,34999236,Recreation & Community,3003,2024-06-01,3.73
Mount Dennis Community Centre,34999236,Recreation & Community,3003,2024-07-01,0.87
Mount Dennis Community Centre,34999236,Recreation & Community,3003,2024-08-01,0.0
Mount Dennis Community Centre,34999236,Recreation & Community,3003,2024-09-01,45.77
Mount Dennis Community Centre,34999236,Recreation & Community,3003,2024-10-01,116.36
Mount Dennis Community Centre,34999236,Recreation & Community,3003,2024-11-01,438.44
Mount Dennis Community Centre,34999236,Recreation & Community,3003,2024-12-01,996.7700000000001
Masaryk-Cowan Community Recreation Centre,34999234,Recreation & Community,32270,2024-01-01,6273.84
Masaryk-Cowan Community Recreation Centre,34999234,Recreation & Community,32270,2024-02-01,5029.25
Masaryk-Cowan Community Recreation Centre,34999234,Recreation & Community,32270,2024-03-01,3449.64
Masaryk-Cowan Community Recreation Centre,34999234,Recreation & Community,32270,2024-04-01,2198.41
Masaryk-Cowan Community Recreation Centre,34999234,Recreation & Community,32270,2024-05-01,1100.71
Masaryk-Cowan Community Recreation Centre,34999234,Recreation & Community,32270,2024-06-01,381.68
Masaryk-Cowan Community Recreation Centre,34999234,Recreation & Community,32270,2024-07-01,533.5
Masaryk-Cowan Community Recreation Centre,34999234,Recreation & Community,32270,2024-08-01,485.46
Masaryk-Cowan Community Recreation Centre,34999234,Recreation & Community,32270,2024-09-01,508.6600000000001
Masaryk-Cowan Community Recreation Centre,34999234,Recreation & Community,32270,2024-10-01,1587.6
Masaryk-Cowan Community Recreation Centre,34999234,Recreation & Community,32270,2024-11-01,3313.6
Masaryk-Cowan Community Recreation Centre,34999234,Recreation & Community,32270,2024-12-01,4016.31
Milliken Park Recreation Centre,34999235,Recreation & Community,17631,2024-01-01,9053.95
Milliken Park Recreation Centre,34999235,Recreation & Community,17631,2024-02-01,5575.34
Milliken Park Recreation Centre,34999235,Recreation & Community,17631,2024-03-01,5291.65
Milliken Park Recreation Centre,34999235,Recreation & Community,17631,2024-04-01,2666.93
Milliken Park Recreation Centre,34999235,Recreation & Community,17631,2024-05-01,704.87
Milliken Park Recreation Centre,34999235,Recreation & Community,17631,2024-06-01,267.1
Milliken Park Recreation Centre,34999235,Recreation & Community,17631,2024-07-01,274.99
Milliken Park Recreation Centre,34999235,Recreation & Community,17631,2024-08-01,236.25
Milliken Park Recreation Centre,34999235,Recreation & Community,17631,2024-09-01,217.37
Milliken Park Recreation Centre,34999235,Recreation & Community,17631,2024-10-01,2170.38
Milliken Park Recreation Centre,34999235,Recreation & Community,17631,2024-11-01,3937.8000000000006
Milliken Park Recreation Centre,34999235,Recreation & Community,17631,2024-12-01,6170.03
Maple Leaf Cottage,34999232,Recreation & Community,2842,2024-01-01,504.07000000000005
Maple Leaf Cottage,34999232,Recreation & Community,2842,2024-02-01,432.24
Maple Leaf Cottage,34999232,Recreation & Community,2842,2024-03-01,339.35
Maple Leaf Cottage,34999232,Recreation & Community,2842,2024-04-01,179.54
Maple Leaf Cottage,34999232,Recreation & Community,2842,2024-05-01,24.14
Maple Leaf Cottage,34999232,Recreation & Community,2842,2024-06-01,16.29
Maple Leaf Cottage,34999232,Recreation & Community,2842,2024-07-01,0.0
Maple Leaf Cottage,34999232,Recreation & Community,2842,2024-08-01,15.23
Maple Leaf Cottage,34999232,Recreation & Community,2842,2024-09-01,31.77
Maple Leaf Cottage,34999232,Recreation & Community,2842,2024-10-01,80.46
Maple Leaf Cottage,34999232,Recreation & Community,2842,2024-11-01,309.27
Maple Leaf Cottage,34999232,Recreation & Community,2842,2024-12-01,517.54
Markdale Preschool,34999233,Recreation & Community,1829,2024-01-01,753.31
Markdale Preschool,34999233,Recreation & Community,1829,2024-02-01,339.76
Markdale Preschool,34999233,Recreation & Community,1829,2024-03-01,514.69
Markdale Preschool,34999233,Recreation & Community,1829,2024-04-01,34.31
Markdale Preschool,34999233,Recreation & Community,1829,2024-05-01,0.0
Markdale Preschool,34999233,Recreation & Community,1829,2024-06-01,0.0
Markdale Preschool,34999233,Recreation & Community,1829,2024-07-01,0.0
Markdale Preschool,34999233,Recreation & Community,1829,2024-08-01,0.0
Markdale Preschool,34999233,Recreation & Community,1829,2024-09-01,0.93
Markdale Preschool,34999233,Recreation & Community,1829,2024-10-01,87.07
Markdale Preschool,34999233,Recreation & Community,1829,2024-11-01,405.62
Markdale Preschool,34999233,Recreation & Community,1829,2024-12-01,1045.23
Pelmo Park,34999246,Recreation & Community,2573,2024-01-01,1822.45
Pelmo Park,34999246,Recreation & Community,2573,2024-02-01,2391.87
Pelmo Park,34999246,Recreation & Community,2573,2024-03-01,1236.82
Pelmo Park,34999246,Recreation & Community,2573,2024-04-01,1250.9
Pelmo Park,34999246,Recreation & Community,2573,2024-05-01,241.97
Pelmo Park,34999246,Recreation & Community,2573,2024-06-01,17.53
Pelmo Park,34999246,Recreation & Community,2573,2024-07-01,43.11
Pelmo Park,34999246,Recreation & Community,2573,2024-08-01,49.5
Pelmo Park,34999246,Recreation & Community,2573,2024-09-01,93.93
Pelmo Park,34999246,Recreation & Community,2573,2024-10-01,441.2
Pelmo Park,34999246,Recreation & Community,2573,2024-11-01,897.11
Pelmo Park,34999246,Recreation & Community,2573,2024-12-01,2438.03
Port Union Community Recreation Centre,34999247,Recreation & Community,19978,2024-01-01,4371.33
Port Union Community Recreation Centre,34999247,Recreation & Community,19978,2024-02-01,3470.41
Port Union Community Recreation Centre,34999247,Recreation & Community,19978,2024-03-01,2848.32
Port Union Community Recreation Centre,34999247,Recreation & Community,19978,2024-04-01,2036.3
Port Union Community Recreation Centre,34999247,Recreation & Community,19978,2024-05-01,437.17
Port Union Community Recreation Centre,34999247,Recreation & Community,19978,2024-06-01,342.43
Port Union Community Recreation Centre,34999247,Recreation & Community,19978,2024-07-01,320.17
Port Union Community Recreation Centre,34999247,Recreation & Community,19978,2024-08-01,304.92
Port Union Community Recreation Centre,34999247,Recreation & Community,19978,2024-09-01,290.99
Port Union Community Recreation Centre,34999247,Recreation & Community,19978,2024-10-01,1207.88
Port Union Community Recreation Centre,34999247,Recreation & Community,19978,2024-11-01,1493.69
Port Union Community Recreation Centre,34999247,Recreation & Community,19978,2024-12-01,3786.3
Ourland Community Centre,34999245,Recreation & Community,9451,2024-01-01,5703.76
Ourland Community Centre,34999245,Recreation & Community,9451,2024-02-01,5161.68
Ourland Community Centre,34999245,Recreation & Community,9451,2024-03-01,3760.61
Ourland Community Centre,34999245,Recreation & Community,9451,2024-04-01,2587.44
Ourland Community Centre,34999245,Recreation & Community,9451,2024-05-01,663.95
Ourland Community Centre,34999245,Recreation & Community,9451,2024-06-01,288.32
Ourland Community Centre,34999245,Recreation & Community,9451,2024-07-01,230.26
Ourland Community Centre,34999245,Recreation & Community,9451,2024-08-01,443.46
Ourland Community Centre,34999245,Recreation & Community,9451,2024-09-01,236.42
Ourland Community Centre,34999245,Recreation & Community,9451,2024-10-01,1373.55
Ourland Community Centre,34999245,Recreation & Community,9451,2024-11-01,2541.14
Ourland Community Centre,34999245,Recreation & Community,9451,2024-12-01,5821.87
Oakdale Community Centre,34999242,Recreation & Community,10000,2024-01-01,3607.99
Oakdale Community Centre,34999242,Recreation & Community,10000,2024-02-01,3704.07
Oakdale Community Centre,34999242,Recreation & Community,10000,2024-03-01,2437.23
Oakdale Community Centre,34999242,Recreation & Community,10000,2024-04-01,1704.86
Oakdale Community Centre,34999242,Recreation & Community,10000,2024-05-01,436.69
Oakdale Community Centre,34999242,Recreation & Community,10000,2024-06-01,583.15
Oakdale Community Centre,34999242,Recreation & Community,10000,2024-07-01,453.92
Oakdale Community Centre,34999242,Recreation & Community,10000,2024-08-01,1716.86
Oakdale Community Centre,34999242,Recreation & Community,10000,2024-09-01,556.08
Oakdale Community Centre,34999242,Recreation & Community,10000,2024-10-01,89.48
Oakdale Community Centre,34999242,Recreation & Community,10000,2024-11-01,1579.7
Oakdale Community Centre,34999242,Recreation & Community,10000,2024-12-01,2820.65
Oakridge Community Centre,34999243,Recreation & Community,18600,2024-01-01,4842.02
Oakridge Community Centre,34999243,Recreation & Community,18600,2024-02-01,4073.08
Oakridge Community Centre,34999243,Recreation & Community,18600,2024-03-01,3434.44
Oakridge Community Centre,34999243,Recreation & Community,18600,2024-04-01,2348.82
Oakridge Community Centre,34999243,Recreation & Community,18600,2024-05-01,1348.99
Oakridge Community Centre,34999243,Recreation & Community,18600,2024-06-01,623.03
Oakridge Community Centre,34999243,Recreation & Community,18600,2024-07-01,680.29
Oakridge Community Centre,34999243,Recreation & Community,18600,2024-08-01,441.16
Oakridge Community Centre,34999243,Recreation & Community,18600,2024-09-01,443.82
Oakridge Community Centre,34999243,Recreation & Community,18600,2024-10-01,1435.68
Oakridge Community Centre,34999243,Recreation & Community,18600,2024-11-01,2668.28
Oakridge Community Centre,34999243,Recreation & Community,18600,2024-12-01,3649.85
Northwood Community Centre,34999240,Recreation & Community,36167,2024-01-01,7869.83
Northwood Community Centre,34999240,Recreation & Community,36167,2024-02-01,7120.62
Northwood Community Centre,34999240,Recreation & Community,36167,2024-03-01,5754.89
Northwood Community Centre,34999240,Recreation & Community,36167,2024-04-01,3070.12
Northwood Community Centre,34999240,Recreation & Community,36167,2024-05-01,1496.31
Northwood Community Centre,34999240,Recreation & Community,36167,2024-06-01,1025.04
Northwood Community Centre,34999240,Recreation & Community,36167,2024-07-01,686.96
Northwood Community Centre,34999240,Recreation & Community,36167,2024-08-01,592.62
Northwood Community Centre,34999240,Recreation & Community,36167,2024-09-01,1112.83
Northwood Community Centre,34999240,Recreation & Community,36167,2024-10-01,1696.3
Northwood Community Centre,34999240,Recreation & Community,36167,2024-11-01,4412.08
Northwood Community Centre,34999240,Recreation & Community,36167,2024-12-01,13229.1
O'Connor Community Centre,34999241,Recreation & Community,16254,2024-01-01,5139.34
O'Connor Community Centre,34999241,Recreation & Community,16254,2024-02-01,4418.79
O'Connor Community Centre,34999241,Recreation & Community,16254,2024-03-01,3680.99
O'Connor Community Centre,34999241,Recreation & Community,16254,2024-04-01,1700.61
O'Connor Community Centre,34999241,Recreation & Community,16254,2024-05-01,340.84
O'Connor Community Centre,34999241,Recreation & Community,16254,2024-06-01,1146.32
O'Connor Community Centre,34999241,Recreation & Community,16254,2024-07-01,1829.42
O'Connor Community Centre,34999241,Recreation & Community,16254,2024-08-01,2108.55
O'Connor Community Centre,34999241,Recreation & Community,16254,2024-09-01,2054.64
O'Connor Community Centre,34999241,Recreation & Community,16254,2024-10-01,1292.07
O'Connor Community Centre,34999241,Recreation & Community,16254,2024-11-01,1820.79
O'Connor Community Centre,34999241,Recreation & Community,16254,2024-12-01,4762.55
St Lawrence Market South,34999286,Recreation & Community,99114,2024-01-01,32497.18
St Lawrence Market South,34999286,Recreation & Community,99114,2024-02-01,31585.54
St Lawrence Market South,34999286,Recreation & Community,99114,2024-03-01,27689.68
St Lawrence Market South,34999286,Recreation & Community,99114,2024-04-01,18659.13
St Lawrence Market South,34999286,Recreation & Community,99114,2024-05-01,10795.47
St Lawrence Market South,34999286,Recreation & Community,99114,2024-06-01,2163.93
St Lawrence Market South,34999286,Recreation & Community,99114,2024-07-01,8631.93
St Lawrence Market South,34999286,Recreation & Community,99114,2024-08-01,7126.07
St Lawrence Market South,34999286,Recreation & Community,99114,2024-09-01,8123.449999999999
St Lawrence Market South,34999286,Recreation & Community,99114,2024-10-01,10277.85
St Lawrence Market South,34999286,Recreation & Community,99114,2024-11-01,22981.4
St Lawrence Market South,34999286,Recreation & Community,99114,2024-12-01,49768.369999999995
Temp - St Lawrence Market North,34999287,Recreation & Community,11711,2024-01-01,4931.88
Temp - St Lawrence Market North,34999287,Recreation & Community,11711,2024-02-01,3807.83
Temp - St Lawrence Market North,34999287,Recreation & Community,11711,2024-03-01,3567.38
Temp - St Lawrence Market North,34999287,Recreation & Community,11711,2024-04-01,1973.5599999999997
Temp - St Lawrence Market North,34999287,Recreation & Community,11711,2024-05-01,23.0
Temp - St Lawrence Market North,34999287,Recreation & Community,11711,2024-06-01,22.43
Temp - St Lawrence Market North,34999287,Recreation & Community,11711,2024-07-01,23.77
Temp - St Lawrence Market North,34999287,Recreation & Community,11711,2024-08-01,23.54
Temp - St Lawrence Market North,34999287,Recreation & Community,11711,2024-09-01,22.26
Temp - St Lawrence Market North,34999287,Recreation & Community,11711,2024-10-01,619.06
Temp - St Lawrence Market North,34999287,Recreation & Community,11711,2024-11-01,6543.36
Temp - St Lawrence Market North,34999287,Recreation & Community,11711,2024-12-01,20880.89
Spadina House Museum,34999284,Recreation & Community,27588,2024-01-01,9753.65
Spadina House Museum,34999284,Recreation & Community,27588,2024-02-01,8085.669999999999
Spadina House Museum,34999284,Recreation & Community,27588,2024-03-01,3207.8
Spadina House Museum,34999284,Recreation & Community,27588,2024-04-01,4338.16
Spadina House Museum,34999284,Recreation & Community,27588,2024-05-01,1146.43
Spadina House Museum,34999284,Recreation & Community,27588,2024-06-01,761.34
Spadina House Museum,34999284,Recreation & Community,27588,2024-07-01,112.5
Spadina House Museum,34999284,Recreation & Community,27588,2024-08-01,112.03
Spadina House Museum,34999284,Recreation & Community,27588,2024-09-01,159.76
Spadina House Museum,34999284,Recreation & Community,27588,2024-10-01,1885.37
Spadina House Museum,34999284,Recreation & Community,27588,2024-11-01,5239.53
Spadina House Museum,34999284,Recreation & Community,27588,2024-12-01,5840.87
Riverdale Farm,34999282,Recreation & Community,23713,2024-01-01,1700.41
Riverdale Farm,34999282,Recreation & Community,23713,2024-02-01,1478.84
Riverdale Farm,34999282,Recreation & Community,23713,2024-03-01,1490.6
Riverdale Farm,34999282,Recreation & Community,23713,2024-04-01,914.81
Riverdale Farm,34999282,Recreation & Community,23713,2024-05-01,625.62
Riverdale Farm,34999282,Recreation & Community,23713,2024-06-01,220.98
Riverdale Farm,34999282,Recreation & Community,23713,2024-07-01,212.15
Riverdale Farm,34999282,Recreation & Community,23713,2024-08-01,216.52
Riverdale Farm,34999282,Recreation & Community,23713,2024-09-01,180.88
Riverdale Farm,34999282,Recreation & Community,23713,2024-10-01,390.11
Riverdale Farm,34999282,Recreation & Community,23713,2024-11-01,588.47
Riverdale Farm,34999282,Recreation & Community,23713,2024-12-01,1683.43
Montgomery's Inn,34999280,Recreation & Community,7642,2024-01-01,664.67
Montgomery's Inn,34999280,Recreation & Community,7642,2024-02-01,373.83
Montgomery's Inn,34999280,Recreation & Community,7642,2024-03-01,1009.3800000000001
Montgomery's Inn,34999280,Recreation & Community,7642,2024-04-01,442.94
Montgomery's Inn,34999280,Recreation & Community,7642,2024-05-01,197.04
Montgomery's Inn,34999280,Recreation & Community,7642,2024-06-01,184.39
Montgomery's Inn,34999280,Recreation & Community,7642,2024-07-01,190.53
Montgomery's Inn,34999280,Recreation & Community,7642,2024-08-01,46.55
Montgomery's Inn,34999280,Recreation & Community,7642,2024-09-01,181.9
Montgomery's Inn,34999280,Recreation & Community,7642,2024-10-01,184.86
Montgomery's Inn,34999280,Recreation & Community,7642,2024-11-01,347.38
Montgomery's Inn,34999280,Recreation & Community,7642,2024-12-01,570.31
Neilson Park Creative Centre,34999281,Recreation & Community,12346,2024-01-01,3758.64
Neilson Park Creative Centre,34999281,Recreation & Community,12346,2024-02-01,3093.8
Neilson Park Creative Centre,34999281,Recreation & Community,12346,2024-03-01,2669.77
Neilson Park Creative Centre,34999281,Recreation & Community,12346,2024-04-01,1364.48
Neilson Park Creative Centre,34999281,Recreation & Community,12346,2024-05-01,429.11
Neilson Park Creative Centre,34999281,Recreation & Community,12346,2024-06-01,122.85
Neilson Park Creative Centre,34999281,Recreation & Community,12346,2024-07-01,45.7
Neilson Park Creative Centre,34999281,Recreation & Community,12346,2024-08-01,23.77
Neilson Park Creative Centre,34999281,Recreation & Community,12346,2024-09-01,23.0
Neilson Park Creative Centre,34999281,Recreation & Community,12346,2024-10-01,594.04
Neilson Park Creative Centre,34999281,Recreation & Community,12346,2024-11-01,1900.41
Neilson Park Creative Centre,34999281,Recreation & Community,12346,2024-12-01,3450.75
City Hall Eternal Flame,34999295,Other-Public Services,1,2024-01-01,1057.97
City Hall Eternal Flame,34999295,Other-Public Services,1,2024-02-01,900.69
City Hall Eternal Flame,34999295,Other-Public Services,1,2024-03-01,1081.68
City Hall Eternal Flame,34999295,Other-Public Services,1,2024-04-01,1016.52
City Hall Eternal Flame,34999295,Other-Public Services,1,2024-05-01,710.01
City Hall Eternal Flame,34999295,Other-Public Services,1,2024-06-01,1408.96
City Hall Eternal Flame,34999295,Other-Public Services,1,2024-07-01,969.87
City Hall Eternal Flame,34999295,Other-Public Services,1,2024-08-01,1212.31
City Hall Eternal Flame,34999295,Other-Public Services,1,2024-09-01,1035.0
City Hall Eternal Flame,34999295,Other-Public Services,1,2024-10-01,953.61
City Hall Eternal Flame,34999295,Other-Public Services,1,2024-11-01,1025.93
City Hall Eternal Flame,34999295,Other-Public Services,1,2024-12-01,1215.4
Zion School House,34999293,Recreation & Community,1582,2024-01-01,763.45
Zion School House,34999293,Recreation & Community,1582,2024-02-01,588.2
Zion School House,34999293,Recreation & Community,1582,2024-03-01,446.43
Zion School House,34999293,Recreation & Community,1582,2024-04-01,281.26
Zion School House,34999293,Recreation & Community,1582,2024-05-01,12.28
Zion School House,34999293,Recreation & Community,1582,2024-06-01,5.17
Zion School House,34999293,Recreation & Community,1582,2024-07-01,0.0
Zion School House,34999293,Recreation & Community,1582,2024-08-01,0.0
Zion School House,34999293,Recreation & Community,1582,2024-09-01,22.0
Zion School House,34999293,Recreation & Community,1582,2024-10-01,133.34
Zion School House,34999293,Recreation & Community,1582,2024-11-01,330.46
Zion School House,34999293,Recreation & Community,1582,2024-12-01,737.35
Toronto Botanical Gardens,34999290,Recreation & Community,36953,2024-01-01,11885.87
Toronto Botanical Gardens,34999290,Recreation & Community,36953,2024-02-01,7308.38
Toronto Botanical Gardens,34999290,Recreation & Community,36953,2024-03-01,7668.93
Toronto Botanical Gardens,34999290,Recreation & Community,36953,2024-04-01,3031.82
Toronto Botanical Gardens,34999290,Recreation & Community,36953,2024-05-01,438.91
Toronto Botanical Gardens,34999290,Recreation & Community,36953,2024-06-01,2452.28
Toronto Botanical Gardens,34999290,Recreation & Community,36953,2024-07-01,6532.85
Toronto Botanical Gardens,34999290,Recreation & Community,36953,2024-08-01,7463.61
Toronto Botanical Gardens,34999290,Recreation & Community,36953,2024-09-01,7222.85
Toronto Botanical Gardens,34999290,Recreation & Community,36953,2024-10-01,7463.61
Toronto Botanical Gardens,34999290,Recreation & Community,36953,2024-11-01,7222.85
Toronto Botanical Gardens,34999290,Recreation & Community,36953,2024-12-01,7463.61
William Goodwin House,34999291,Recreation & Community,1744,2024-01-01,1427.82
William Goodwin House,34999291,Recreation & Community,1744,2024-02-01,1338.57
William Goodwin House,34999291,Recreation & Community,1744,2024-03-01,931.26
William Goodwin House,34999291,Recreation & Community,1744,2024-04-01,626.13
William Goodwin House,34999291,Recreation & Community,1744,2024-05-01,41.08
William Goodwin House,34999291,Recreation & Community,1744,2024-06-01,72.83
William Goodwin House,34999291,Recreation & Community,1744,2024-07-01,0.0
William Goodwin House,34999291,Recreation & Community,1744,2024-08-01,27.4
William Goodwin House,34999291,Recreation & Community,1744,2024-09-01,86.6
William Goodwin House,34999291,Recreation & Community,1744,2024-10-01,229.43
William Goodwin House,34999291,Recreation & Community,1744,2024-11-01,646.85
William Goodwin House,34999291,Recreation & Community,1744,2024-12-01,1237.61
Todmorden Mills,34999289,Recreation & Community,17707,2024-01-01,4852.4
Todmorden Mills,34999289,Recreation & Community,17707,2024-02-01,3838.5900000000006
Todmorden Mills,34999289,Recreation & Community,17707,2024-03-01,3823.2
Todmorden Mills,34999289,Recreation & Community,17707,2024-04-01,1122.0
Todmorden Mills,34999289,Recreation & Community,17707,2024-05-01,60.87
Todmorden Mills,34999289,Recreation & Community,17707,2024-06-01,435.77
Todmorden Mills,34999289,Recreation & Community,17707,2024-07-01,713.4
Todmorden Mills,34999289,Recreation & Community,17707,2024-08-01,132.88
Todmorden Mills,34999289,Recreation & Community,17707,2024-09-01,88.79
Todmorden Mills,34999289,Recreation & Community,17707,2024-10-01,534.74
Todmorden Mills,34999289,Recreation & Community,17707,2024-11-01,2118.19
Todmorden Mills,34999289,Recreation & Community,17707,2024-12-01,4877.0
Colborne Lodge,34999270,Recreation & Community,7050,2024-01-01,2230.76
Colborne Lodge,34999270,Recreation & Community,7050,2024-02-01,1767.34
Colborne Lodge,34999270,Recreation & Community,7050,2024-03-01,1881.98
Colborne Lodge,34999270,Recreation & Community,7050,2024-04-01,1239.88
Colborne Lodge,34999270,Recreation & Community,7050,2024-05-01,190.73
Colborne Lodge,34999270,Recreation & Community,7050,2024-06-01,93.37
Colborne Lodge,34999270,Recreation & Community,7050,2024-07-01,32.67
Colborne Lodge,34999270,Recreation & Community,7050,2024-08-01,54.98
Colborne Lodge,34999270,Recreation & Community,7050,2024-09-01,73.6
Colborne Lodge,34999270,Recreation & Community,7050,2024-10-01,558.59
Colborne Lodge,34999270,Recreation & Community,7050,2024-11-01,1127.77
Colborne Lodge,34999270,Recreation & Community,7050,2024-12-01,2065.35
Cedar Ridge Creative Centre,34999269,Recreation & Community,13110,2024-01-01,2376.78
Cedar Ridge Creative Centre,34999269,Recreation & Community,13110,2024-02-01,2258.58
Cedar Ridge Creative Centre,34999269,Recreation & Community,13110,2024-03-01,2046.99
Cedar Ridge Creative Centre,34999269,Recreation & Community,13110,2024-04-01,1237.37
Cedar Ridge Creative Centre,34999269,Recreation & Community,13110,2024-05-01,300.78
Cedar Ridge Creative Centre,34999269,Recreation & Community,13110,2024-06-01,156.08
Cedar Ridge Creative Centre,34999269,Recreation & Community,13110,2024-07-01,134.81
Cedar Ridge Creative Centre,34999269,Recreation & Community,13110,2024-08-01,100.64
Cedar Ridge Creative Centre,34999269,Recreation & Community,13110,2024-09-01,77.91
Cedar Ridge Creative Centre,34999269,Recreation & Community,13110,2024-10-01,750.67
Cedar Ridge Creative Centre,34999269,Recreation & Community,13110,2024-11-01,1811.84
Cedar Ridge Creative Centre,34999269,Recreation & Community,13110,2024-12-01,2076.26
West Scarborough N.C,34999266,Recreation & Community,25198,2024-01-01,7151.34
West Scarborough N.C,34999266,Recreation & Community,25198,2024-02-01,5488.64
West Scarborough N.C,34999266,Recreation & Community,25198,2024-03-01,4951.87
West Scarborough N.C,34999266,Recreation & Community,25198,2024-04-01,2617.01
West Scarborough N.C,34999266,Recreation & Community,25198,2024-05-01,1849.37
West Scarborough N.C,34999266,Recreation & Community,25198,2024-06-01,2418.53
West Scarborough N.C,34999266,Recreation & Community,25198,2024-07-01,2076.78
West Scarborough N.C,34999266,Recreation & Community,25198,2024-08-01,4279.3
West Scarborough N.C,34999266,Recreation & Community,25198,2024-09-01,3923.0099999999998
West Scarborough N.C,34999266,Recreation & Community,25198,2024-10-01,6953.84
West Scarborough N.C,34999266,Recreation & Community,25198,2024-11-01,11423.56
West Scarborough N.C,34999266,Recreation & Community,25198,2024-12-01,17887.03
Willowdale Lawn Bowling Club,34999267,Recreation & Community,2293,2024-01-01,1709.83
Willowdale Lawn Bowling Club,34999267,Recreation & Community,2293,2024-02-01,2222.87
Willowdale Lawn Bowling Club,34999267,Recreation & Community,2293,2024-03-01,1332.34
Willowdale Lawn Bowling Club,34999267,Recreation & Community,2293,2024-04-01,1020.39
Willowdale Lawn Bowling Club,34999267,Recreation & Community,2293,2024-05-01,217.58
Willowdale Lawn Bowling Club,34999267,Recreation & Community,2293,2024-06-01,60.480000000000004
Willowdale Lawn Bowling Club,34999267,Recreation & Community,2293,2024-07-01,62.10000000000001
Willowdale Lawn Bowling Club,34999267,Recreation & Community,2293,2024-08-01,62.0
Willowdale Lawn Bowling Club,34999267,Recreation & Community,2293,2024-09-01,60.0
Willowdale Lawn Bowling Club,34999267,Recreation & Community,2293,2024-10-01,590.33
Willowdale Lawn Bowling Club,34999267,Recreation & Community,2293,2024-11-01,1141.53
Willowdale Lawn Bowling Club,34999267,Recreation & Community,2293,2024-12-01,1329.83
West Rouge Community Centre,34999265,Recreation & Community,24402,2024-01-01,6250.25
West Rouge Community Centre,34999265,Recreation & Community,24402,2024-02-01,5205.85
West Rouge Community Centre,34999265,Recreation & Community,24402,2024-03-01,3190.94
West Rouge Community Centre,34999265,Recreation & Community,24402,2024-04-01,2249.78
West Rouge Community Centre,34999265,Recreation & Community,24402,2024-05-01,702.59
West Rouge Community Centre,34999265,Recreation & Community,24402,2024-06-01,608.66
West Rouge Community Centre,34999265,Recreation & Community,24402,2024-07-01,628.95
West Rouge Community Centre,34999265,Recreation & Community,24402,2024-08-01,628.95
West Rouge Community Centre,34999265,Recreation & Community,24402,2024-09-01,731.23
West Rouge Community Centre,34999265,Recreation & Community,24402,2024-10-01,2983.87
West Rouge Community Centre,34999265,Recreation & Community,24402,2024-11-01,4009.5599999999995
West Rouge Community Centre,34999265,Recreation & Community,24402,2024-12-01,5922.22
Lakeshore Assembly Hall,34999278,Recreation & Community,14596,2024-01-01,6823.35
Lakeshore Assembly Hall,34999278,Recreation & Community,14596,2024-02-01,4899.12
Lakeshore Assembly Hall,34999278,Recreation & Community,14596,2024-03-01,4402.27
Lakeshore Assembly Hall,34999278,Recreation & Community,14596,2024-04-01,2073.08
Lakeshore Assembly Hall,34999278,Recreation & Community,14596,2024-05-01,200.55
Lakeshore Assembly Hall,34999278,Recreation & Community,14596,2024-06-01,286.97
Lakeshore Assembly Hall,34999278,Recreation & Community,14596,2024-07-01,251.88
Lakeshore Assembly Hall,34999278,Recreation & Community,14596,2024-08-01,101.59
Lakeshore Assembly Hall,34999278,Recreation & Community,14596,2024-09-01,55.32
Lakeshore Assembly Hall,34999278,Recreation & Community,14596,2024-10-01,1376.62
Lakeshore Assembly Hall,34999278,Recreation & Community,14596,2024-11-01,3424.56
Lakeshore Assembly Hall,34999278,Recreation & Community,14596,2024-12-01,5822.29
Mackenzie House Museum,34999279,Recreation & Community,2573,2024-01-01,1686.85
Mackenzie House Museum,34999279,Recreation & Community,2573,2024-02-01,1496.13
Mackenzie House Museum,34999279,Recreation & Community,2573,2024-03-01,1721.26
Mackenzie House Museum,34999279,Recreation & Community,2573,2024-04-01,633.53
Mackenzie House Museum,34999279,Recreation & Community,2573,2024-05-01,297.27
Mackenzie House Museum,34999279,Recreation & Community,2573,2024-06-01,38.83
Mackenzie House Museum,34999279,Recreation & Community,2573,2024-07-01,64.47
Mackenzie House Museum,34999279,Recreation & Community,2573,2024-08-01,33.8
Mackenzie House Museum,34999279,Recreation & Community,2573,2024-09-01,31.46
Mackenzie House Museum,34999279,Recreation & Community,2573,2024-10-01,285.0
Mackenzie House Museum,34999279,Recreation & Community,2573,2024-11-01,981.5399999999998
Mackenzie House Museum,34999279,Recreation & Community,2573,2024-12-01,1608.94
Historic Fort York,34999277,Recreation & Community,22819,2024-01-01,5758.54
Historic Fort York,34999277,Recreation & Community,22819,2024-02-01,4591.85
Historic Fort York,34999277,Recreation & Community,22819,2024-03-01,4093.63
Historic Fort York,34999277,Recreation & Community,22819,2024-04-01,2324.07
Historic Fort York,34999277,Recreation & Community,22819,2024-05-01,634.49
Historic Fort York,34999277,Recreation & Community,22819,2024-06-01,217.26
Historic Fort York,34999277,Recreation & Community,22819,2024-07-01,22.9
Historic Fort York,34999277,Recreation & Community,22819,2024-08-01,73.81
Historic Fort York,34999277,Recreation & Community,22819,2024-09-01,268.82
Historic Fort York,34999277,Recreation & Community,22819,2024-10-01,1632.83
Historic Fort York,34999277,Recreation & Community,22819,2024-11-01,3122.83
Historic Fort York,34999277,Recreation & Community,22819,2024-12-01,5359.2
Fort York Visitor Centre,34999274,Recreation & Community,123946,2024-01-01,2497.62
Fort York Visitor Centre,34999274,Recreation & Community,123946,2024-02-01,2429.23
Fort York Visitor Centre,34999274,Recreation & Community,123946,2024-03-01,1934.48
Fort York Visitor Centre,34999274,Recreation & Community,123946,2024-04-01,457.67
Fort York Visitor Centre,34999274,Recreation & Community,123946,2024-05-01,1994.3900000000003
Fort York Visitor Centre,34999274,Recreation & Community,123946,2024-06-01,1930.3400000000001
Fort York Visitor Centre,34999274,Recreation & Community,123946,2024-07-01,1995.6599999999999
Fort York Visitor Centre,34999274,Recreation & Community,123946,2024-08-01,1995.29
Fort York Visitor Centre,34999274,Recreation & Community,123946,2024-09-01,1930.0600000000002
Fort York Visitor Centre,34999274,Recreation & Community,123946,2024-10-01,1969.09
Fort York Visitor Centre,34999274,Recreation & Community,123946,2024-11-01,2771.43
Fort York Visitor Centre,34999274,Recreation & Community,123946,2024-12-01,6733.33
Edwards Gardens,34999273,Recreation & Community,10021,2024-01-01,7670.14
Edwards Gardens,34999273,Recreation & Community,10021,2024-02-01,6189.18
Edwards Gardens,34999273,Recreation & Community,10021,2024-03-01,6056.94
Edwards Gardens,34999273,Recreation & Community,10021,2024-04-01,2515.06
Edwards Gardens,34999273,Recreation & Community,10021,2024-05-01,579.97
Edwards Gardens,34999273,Recreation & Community,10021,2024-06-01,1470.06
Edwards Gardens,34999273,Recreation & Community,10021,2024-07-01,2283.46
Edwards Gardens,34999273,Recreation & Community,10021,2024-08-01,1211.22
Edwards Gardens,34999273,Recreation & Community,10021,2024-09-01,1086.02
Edwards Gardens,34999273,Recreation & Community,10021,2024-10-01,2102.3
Edwards Gardens,34999273,Recreation & Community,10021,2024-11-01,4897.67
Edwards Gardens,34999273,Recreation & Community,10021,2024-12-01,7291.32
Ethennonnhawahstihnen’ CRC & Library,37103960,Recreation & Community,218400,2024-01-01,19827.37037037037
Ethennonnhawahstihnen’ CRC & Library,37103960,Recreation & Community,218400,2024-02-01,15068.362962962965
Ethennonnhawahstihnen’ CRC & Library,37103960,Recreation & Community,218400,2024-03-01,13805.53103448276
Ethennonnhawahstihnen’ CRC & Library,37103960,Recreation & Community,218400,2024-04-01,9762.291187739464
Ethennonnhawahstihnen’ CRC & Library,37103960,Recreation & Community,218400,2024-05-01,13801.777777777777
Ethennonnhawahstihnen’ CRC & Library,37103960,Recreation & Community,218400,2024-06-01,12892.0
Ethennonnhawahstihnen’ CRC & Library,37103960,Recreation & Community,218400,2024-07-01,16728.0
Ethennonnhawahstihnen’ CRC & Library,37103960,Recreation & Community,218400,2024-08-01,14807.0
Ethennonnhawahstihnen’ CRC & Library,37103960,Recreation & Community,218400,2024-09-01,17254.285714285714
Ethennonnhawahstihnen’ CRC & Library,37103960,Recreation & Community,218400,2024-10-01,12587.526785714286
Ethennonnhawahstihnen’ CRC & Library,37103960,Recreation & Community,218400,2024-11-01,13730.7875
Ethennonnhawahstihnen’ CRC & Library,37103960,Recreation & Community,218400,2024-12-01,14840.733333333335
Kew Gardens Park,34999831,Other-Public Services,197,2024-01-01,3715.2
Kew Gardens Park,34999831,Other-Public Services,197,2024-02-01,3923.4700000000003
Kew Gardens Park,34999831,Other-Public Services,197,2024-03-01,2155.31
Kew Gardens Park,34999831,Other-Public Services,197,2024-04-01,1781.59
Kew Gardens Park,34999831,Other-Public Services,197,2024-05-01,950.71
Kew Gardens Park,34999831,Other-Public Services,197,2024-06-01,1434.96
Kew Gardens Park,34999831,Other-Public Services,197,2024-07-01,956.27
Kew Gardens Park,34999831,Other-Public Services,197,2024-08-01,969.62
Kew Gardens Park,34999831,Other-Public Services,197,2024-09-01,918.58
Kew Gardens Park,34999831,Other-Public Services,197,2024-10-01,1058.1
Kew Gardens Park,34999831,Other-Public Services,197,2024-11-01,2214.78
Kew Gardens Park,34999831,Other-Public Services,197,2024-12-01,3006.55
Keelesdale Park,34999826,Other-Public Services,198,2024-01-01,0.0
Keelesdale Park,34999826,Other-Public Services,198,2024-02-01,0.0
Keelesdale Park,34999826,Other-Public Services,198,2024-03-01,0.0
Keelesdale Park,34999826,Other-Public Services,198,2024-04-01,0.0
Keelesdale Park,34999826,Other-Public Services,198,2024-05-01,0.0
Keelesdale Park,34999826,Other-Public Services,198,2024-06-01,0.0
Keelesdale Park,34999826,Other-Public Services,198,2024-07-01,0.0
Keelesdale Park,34999826,Other-Public Services,198,2024-08-01,0.0
Keelesdale Park,34999826,Other-Public Services,198,2024-09-01,0.0
Keelesdale Park,34999826,Other-Public Services,198,2024-10-01,0.0
Keelesdale Park,34999826,Other-Public Services,198,2024-11-01,0.0
Keelesdale Park,34999826,Other-Public Services,198,2024-12-01,0.0
L'Amoreaux Sports Centre,34999839,Other-Public Services,205,2024-01-01,174.25
L'Amoreaux Sports Centre,34999839,Other-Public Services,205,2024-02-01,163.0
L'Amoreaux Sports Centre,34999839,Other-Public Services,205,2024-03-01,174.25
L'Amoreaux Sports Centre,34999839,Other-Public Services,205,2024-04-01,373.31
L'Amoreaux Sports Centre,34999839,Other-Public Services,205,2024-05-01,624.5
L'Amoreaux Sports Centre,34999839,Other-Public Services,205,2024-06-01,533.83
L'Amoreaux Sports Centre,34999839,Other-Public Services,205,2024-07-01,500.76
L'Amoreaux Sports Centre,34999839,Other-Public Services,205,2024-08-01,521.12
L'Amoreaux Sports Centre,34999839,Other-Public Services,205,2024-09-01,529.75
L'Amoreaux Sports Centre,34999839,Other-Public Services,205,2024-10-01,387.42
L'Amoreaux Sports Centre,34999839,Other-Public Services,205,2024-11-01,81.9
L'Amoreaux Sports Centre,34999839,Other-Public Services,205,2024-12-01,84.59
James Gardens,34999814,Other-Public Services,189,2024-01-01,1812.58
James Gardens,34999814,Other-Public Services,189,2024-02-01,1048.62
James Gardens,34999814,Other-Public Services,189,2024-03-01,1980.55
James Gardens,34999814,Other-Public Services,189,2024-04-01,1110.67
James Gardens,34999814,Other-Public Services,189,2024-05-01,277.72
James Gardens,34999814,Other-Public Services,189,2024-06-01,227.8
James Gardens,34999814,Other-Public Services,189,2024-07-01,229.62
James Gardens,34999814,Other-Public Services,189,2024-08-01,58.43
James Gardens,34999814,Other-Public Services,189,2024-09-01,7.2
James Gardens,34999814,Other-Public Services,189,2024-10-01,247.98
James Gardens,34999814,Other-Public Services,189,2024-11-01,475.64
James Gardens,34999814,Other-Public Services,189,2024-12-01,188.98
Jack Layton Ferry Terminal,34999812,Other-Public Services,231,2024-01-01,1470.99
Jack Layton Ferry Terminal,34999812,Other-Public Services,231,2024-02-01,950.3799999999999
Jack Layton Ferry Terminal,34999812,Other-Public Services,231,2024-03-01,910.46
Jack Layton Ferry Terminal,34999812,Other-Public Services,231,2024-04-01,545.77
Jack Layton Ferry Terminal,34999812,Other-Public Services,231,2024-05-01,290.27
Jack Layton Ferry Terminal,34999812,Other-Public Services,231,2024-06-01,108.28
Jack Layton Ferry Terminal,34999812,Other-Public Services,231,2024-07-01,153.27
Jack Layton Ferry Terminal,34999812,Other-Public Services,231,2024-08-01,129.26
Jack Layton Ferry Terminal,34999812,Other-Public Services,231,2024-09-01,127.68
Jack Layton Ferry Terminal,34999812,Other-Public Services,231,2024-10-01,182.65
Jack Layton Ferry Terminal,34999812,Other-Public Services,231,2024-11-01,469.1
Jack Layton Ferry Terminal,34999812,Other-Public Services,231,2024-12-01,1145.39
Jack Goodlad Park,34999811,Other-Public Services,190,2024-01-01,0.0
Jack Goodlad Park,34999811,Other-Public Services,190,2024-02-01,8.5
Jack Goodlad Park,34999811,Other-Public Services,190,2024-03-01,15.5
Jack Goodlad Park,34999811,Other-Public Services,190,2024-04-01,7.25
Jack Goodlad Park,34999811,Other-Public Services,190,2024-05-01,0.48999999999999994
Jack Goodlad Park,34999811,Other-Public Services,190,2024-06-01,0.25
Jack Goodlad Park,34999811,Other-Public Services,190,2024-07-01,0.0
Jack Goodlad Park,34999811,Other-Public Services,190,2024-08-01,17.18
Jack Goodlad Park,34999811,Other-Public Services,190,2024-09-01,39.66
Jack Goodlad Park,34999811,Other-Public Services,190,2024-10-01,138.35
Jack Goodlad Park,34999811,Other-Public Services,190,2024-11-01,336.65
Jack Goodlad Park,34999811,Other-Public Services,190,2024-12-01,471.14
Lithuania Park,34999858,Other-Public Services,212,2024-01-01,4.26
Lithuania Park,34999858,Other-Public Services,212,2024-02-01,3.65
Lithuania Park,34999858,Other-Public Services,212,2024-03-01,3.41
Lithuania Park,34999858,Other-Public Services,212,2024-04-01,1.8999999999999997
Lithuania Park,34999858,Other-Public Services,212,2024-05-01,0.7
Lithuania Park,34999858,Other-Public Services,212,2024-06-01,0.13
Lithuania Park,34999858,Other-Public Services,212,2024-07-01,0.0
Lithuania Park,34999858,Other-Public Services,212,2024-08-01,0.0
Lithuania Park,34999858,Other-Public Services,212,2024-09-01,0.0
Lithuania Park,34999858,Other-Public Services,212,2024-10-01,0.77
Lithuania Park,34999858,Other-Public Services,212,2024-11-01,0.23
Lithuania Park,34999858,Other-Public Services,212,2024-12-01,0.0
MacGregor Playground,34999867,Other-Public Services,233,2024-01-01,1238.56
MacGregor Playground,34999867,Other-Public Services,233,2024-02-01,866.16
MacGregor Playground,34999867,Other-Public Services,233,2024-03-01,862.63
MacGregor Playground,34999867,Other-Public Services,233,2024-04-01,650.7
MacGregor Playground,34999867,Other-Public Services,233,2024-05-01,139.86
MacGregor Playground,34999867,Other-Public Services,233,2024-06-01,13.94
MacGregor Playground,34999867,Other-Public Services,233,2024-07-01,5.68
MacGregor Playground,34999867,Other-Public Services,233,2024-08-01,42.01
MacGregor Playground,34999867,Other-Public Services,233,2024-09-01,67.07
MacGregor Playground,34999867,Other-Public Services,233,2024-10-01,342.13
MacGregor Playground,34999867,Other-Public Services,233,2024-11-01,547.06
MacGregor Playground,34999867,Other-Public Services,233,2024-12-01,1363.87
Lambton Kingsway Pool/Rink,34999844,Other-Public Services,207,2024-01-01,0.0
Lambton Kingsway Pool/Rink,34999844,Other-Public Services,207,2024-02-01,0.0
Lambton Kingsway Pool/Rink,34999844,Other-Public Services,207,2024-03-01,1.9700000000000002
Lambton Kingsway Pool/Rink,34999844,Other-Public Services,207,2024-04-01,17.28
Lambton Kingsway Pool/Rink,34999844,Other-Public Services,207,2024-05-01,479.68
Lambton Kingsway Pool/Rink,34999844,Other-Public Services,207,2024-06-01,994.7
Lambton Kingsway Pool/Rink,34999844,Other-Public Services,207,2024-07-01,652.74
Lambton Kingsway Pool/Rink,34999844,Other-Public Services,207,2024-08-01,1097.52
Lambton Kingsway Pool/Rink,34999844,Other-Public Services,207,2024-09-01,1510.88
Lambton Kingsway Pool/Rink,34999844,Other-Public Services,207,2024-10-01,1561.24
Lambton Kingsway Pool/Rink,34999844,Other-Public Services,207,2024-11-01,553.99
Lambton Kingsway Pool/Rink,34999844,Other-Public Services,207,2024-12-01,0.0
Leslie Grove Park,34999854,Other-Public Services,210,2024-01-01,534.99
Leslie Grove Park,34999854,Other-Public Services,210,2024-02-01,546.77
Leslie Grove Park,34999854,Other-Public Services,210,2024-03-01,374.92
Leslie Grove Park,34999854,Other-Public Services,210,2024-04-01,158.62
Leslie Grove Park,34999854,Other-Public Services,210,2024-05-01,43.98
Leslie Grove Park,34999854,Other-Public Services,210,2024-06-01,94.97
Leslie Grove Park,34999854,Other-Public Services,210,2024-07-01,1.5
Leslie Grove Park,34999854,Other-Public Services,210,2024-08-01,7.41
Leslie Grove Park,34999854,Other-Public Services,210,2024-09-01,18.92
Leslie Grove Park,34999854,Other-Public Services,210,2024-10-01,123.8
Leslie Grove Park,34999854,Other-Public Services,210,2024-11-01,257.96
Leslie Grove Park,34999854,Other-Public Services,210,2024-12-01,501.13999999999993
Leaside Park Pool,34999851,Other-Public Services,219,2024-01-01,1718.89
Leaside Park Pool,34999851,Other-Public Services,219,2024-02-01,1036.41
Leaside Park Pool,34999851,Other-Public Services,219,2024-03-01,1490.94
Leaside Park Pool,34999851,Other-Public Services,219,2024-04-01,765.9
Leaside Park Pool,34999851,Other-Public Services,219,2024-05-01,928.92
Leaside Park Pool,34999851,Other-Public Services,219,2024-06-01,153.87
Leaside Park Pool,34999851,Other-Public Services,219,2024-07-01,360.55
Leaside Park Pool,34999851,Other-Public Services,219,2024-08-01,202.03
Leaside Park Pool,34999851,Other-Public Services,219,2024-09-01,433.08
Leaside Park Pool,34999851,Other-Public Services,219,2024-10-01,580.29
Leaside Park Pool,34999851,Other-Public Services,219,2024-11-01,285.32
Leaside Park Pool,34999851,Other-Public Services,219,2024-12-01,716.35
Monarch Park Pool,34999895,Other-Public Services,242,2024-01-01,3304.97
Monarch Park Pool,34999895,Other-Public Services,242,2024-02-01,2520.18
Monarch Park Pool,34999895,Other-Public Services,242,2024-03-01,2296.62
Monarch Park Pool,34999895,Other-Public Services,242,2024-04-01,1781.65
Monarch Park Pool,34999895,Other-Public Services,242,2024-05-01,1522.47
Monarch Park Pool,34999895,Other-Public Services,242,2024-06-01,2727.95
Monarch Park Pool,34999895,Other-Public Services,242,2024-07-01,5810.96
Monarch Park Pool,34999895,Other-Public Services,242,2024-08-01,5810.96
Monarch Park Pool,34999895,Other-Public Services,242,2024-09-01,5634.31
Monarch Park Pool,34999895,Other-Public Services,242,2024-10-01,4823.18
Monarch Park Pool,34999895,Other-Public Services,242,2024-11-01,1244.38
Monarch Park Pool,34999895,Other-Public Services,242,2024-12-01,1791.1
Metro Square Eternal Flame,34999888,Other-Public Services,243,2024-01-01,903.89
Metro Square Eternal Flame,34999888,Other-Public Services,243,2024-02-01,846.0
Metro Square Eternal Flame,34999888,Other-Public Services,243,2024-03-01,904.32
Metro Square Eternal Flame,34999888,Other-Public Services,243,2024-04-01,875.08
Metro Square Eternal Flame,34999888,Other-Public Services,243,2024-05-01,1105.2
Metro Square Eternal Flame,34999888,Other-Public Services,243,2024-06-01,2545.44
Metro Square Eternal Flame,34999888,Other-Public Services,243,2024-07-01,896.15
Metro Square Eternal Flame,34999888,Other-Public Services,243,2024-08-01,896.02
Metro Square Eternal Flame,34999888,Other-Public Services,243,2024-09-01,867.82
Metro Square Eternal Flame,34999888,Other-Public Services,243,2024-10-01,896.15
Metro Square Eternal Flame,34999888,Other-Public Services,243,2024-11-01,867.02
Metro Square Eternal Flame,34999888,Other-Public Services,243,2024-12-01,896.08
Moorevale Park,34999898,Other-Public Services,240,2024-01-01,531.07
Moorevale Park,34999898,Other-Public Services,240,2024-02-01,652.87
Moorevale Park,34999898,Other-Public Services,240,2024-03-01,477.88
Moorevale Park,34999898,Other-Public Services,240,2024-04-01,379.38
Moorevale Park,34999898,Other-Public Services,240,2024-05-01,28.5
Moorevale Park,34999898,Other-Public Services,240,2024-06-01,0.0
Moorevale Park,34999898,Other-Public Services,240,2024-07-01,0.0
Moorevale Park,34999898,Other-Public Services,240,2024-08-01,0.0
Moorevale Park,34999898,Other-Public Services,240,2024-09-01,2.59
Moorevale Park,34999898,Other-Public Services,240,2024-10-01,46.41
Moorevale Park,34999898,Other-Public Services,240,2024-11-01,299.36
Moorevale Park,34999898,Other-Public Services,240,2024-12-01,670.59
Maryvale Park,34999879,Other-Public Services,226,2024-01-01,254.74999999999997
Maryvale Park,34999879,Other-Public Services,226,2024-02-01,408.28
Maryvale Park,34999879,Other-Public Services,226,2024-03-01,199.03
Maryvale Park,34999879,Other-Public Services,226,2024-04-01,3.19
Maryvale Park,34999879,Other-Public Services,226,2024-05-01,42.33
Maryvale Park,34999879,Other-Public Services,226,2024-06-01,721.67
Maryvale Park,34999879,Other-Public Services,226,2024-07-01,1255.5
Maryvale Park,34999879,Other-Public Services,226,2024-08-01,1255.5
Maryvale Park,34999879,Other-Public Services,226,2024-09-01,1215.0
Maryvale Park,34999879,Other-Public Services,226,2024-10-01,607.5
Maryvale Park,34999879,Other-Public Services,226,2024-11-01,0.0
Maryvale Park,34999879,Other-Public Services,226,2024-12-01,3.1
Martin Grove House / Bungalow,34999876,Other-Public Services,232,2024-01-01,298.93
Martin Grove House / Bungalow,34999876,Other-Public Services,232,2024-02-01,210.83
Martin Grove House / Bungalow,34999876,Other-Public Services,232,2024-03-01,161.94
Martin Grove House / Bungalow,34999876,Other-Public Services,232,2024-04-01,99.62
Martin Grove House / Bungalow,34999876,Other-Public Services,232,2024-05-01,23.44
Martin Grove House / Bungalow,34999876,Other-Public Services,232,2024-06-01,12.25
Martin Grove House / Bungalow,34999876,Other-Public Services,232,2024-07-01,3.7
Martin Grove House / Bungalow,34999876,Other-Public Services,232,2024-08-01,6.66
Martin Grove House / Bungalow,34999876,Other-Public Services,232,2024-09-01,3.84
Martin Grove House / Bungalow,34999876,Other-Public Services,232,2024-10-01,58.98
Martin Grove House / Bungalow,34999876,Other-Public Services,232,2024-11-01,14.73
Martin Grove House / Bungalow,34999876,Other-Public Services,232,2024-12-01,192.56
McCowan District Park,34999883,Other-Public Services,1,2024-01-01,1086.45
McCowan District Park,34999883,Other-Public Services,1,2024-02-01,1365.59
McCowan District Park,34999883,Other-Public Services,1,2024-03-01,912.21
McCowan District Park,34999883,Other-Public Services,1,2024-04-01,320.48
McCowan District Park,34999883,Other-Public Services,1,2024-05-01,195.89
McCowan District Park,34999883,Other-Public Services,1,2024-06-01,81.77
McCowan District Park,34999883,Other-Public Services,1,2024-07-01,75.06
McCowan District Park,34999883,Other-Public Services,1,2024-08-01,66.2
McCowan District Park,34999883,Other-Public Services,1,2024-09-01,59.45
McCowan District Park,34999883,Other-Public Services,1,2024-10-01,138.58
McCowan District Park,34999883,Other-Public Services,1,2024-11-01,766.31
McCowan District Park,34999883,Other-Public Services,1,2024-12-01,886.2
Parkway Forest Park,34999933,Other-Public Services,132,2024-01-01,9268.19
Parkway Forest Park,34999933,Other-Public Services,132,2024-02-01,6901.4
Parkway Forest Park,34999933,Other-Public Services,132,2024-03-01,6604.33
Parkway Forest Park,34999933,Other-Public Services,132,2024-04-01,4613.11
Parkway Forest Park,34999933,Other-Public Services,132,2024-05-01,2042.8099999999997
Parkway Forest Park,34999933,Other-Public Services,132,2024-06-01,4645.75
Parkway Forest Park,34999933,Other-Public Services,132,2024-07-01,5598.91
Parkway Forest Park,34999933,Other-Public Services,132,2024-08-01,5910.64
Parkway Forest Park,34999933,Other-Public Services,132,2024-09-01,2502.76
Parkway Forest Park,34999933,Other-Public Services,132,2024-10-01,2722.13
Parkway Forest Park,34999933,Other-Public Services,132,2024-11-01,6420.48
Parkway Forest Park,34999933,Other-Public Services,132,2024-12-01,10191.22
Parklawn Pool/Rink,34999931,Other-Public Services,263,2024-01-01,4738.42
Parklawn Pool/Rink,34999931,Other-Public Services,263,2024-02-01,6960.83
Parklawn Pool/Rink,34999931,Other-Public Services,263,2024-03-01,5849.09
Parklawn Pool/Rink,34999931,Other-Public Services,263,2024-04-01,4157.53
Parklawn Pool/Rink,34999931,Other-Public Services,263,2024-05-01,2830.16
Parklawn Pool/Rink,34999931,Other-Public Services,263,2024-06-01,1992.8700000000001
Parklawn Pool/Rink,34999931,Other-Public Services,263,2024-07-01,2106.4
Parklawn Pool/Rink,34999931,Other-Public Services,263,2024-08-01,3105.22
Parklawn Pool/Rink,34999931,Other-Public Services,263,2024-09-01,2662.23
Parklawn Pool/Rink,34999931,Other-Public Services,263,2024-10-01,920.02
Parklawn Pool/Rink,34999931,Other-Public Services,263,2024-11-01,3930.46
Parklawn Pool/Rink,34999931,Other-Public Services,263,2024-12-01,8423.38
Ourland Pool (outdoor),34999928,Other-Public Services,257,2024-01-01,0.0
Ourland Pool (outdoor),34999928,Other-Public Services,257,2024-02-01,0.0
Ourland Pool (outdoor),34999928,Other-Public Services,257,2024-03-01,1.35
Ourland Pool (outdoor),34999928,Other-Public Services,257,2024-04-01,8.39
Ourland Pool (outdoor),34999928,Other-Public Services,257,2024-05-01,217.81
Ourland Pool (outdoor),34999928,Other-Public Services,257,2024-06-01,1315.08
Ourland Pool (outdoor),34999928,Other-Public Services,257,2024-07-01,2533.99
Ourland Pool (outdoor),34999928,Other-Public Services,257,2024-08-01,2597.51
Ourland Pool (outdoor),34999928,Other-Public Services,257,2024-09-01,791.58
Ourland Pool (outdoor),34999928,Other-Public Services,257,2024-10-01,8.86
Ourland Pool (outdoor),34999928,Other-Public Services,257,2024-11-01,3.43
Ourland Pool (outdoor),34999928,Other-Public Services,257,2024-12-01,0.0
Neilson House,34999905,Other-Public Services,249,2024-01-01,1280.04
Neilson House,34999905,Other-Public Services,249,2024-02-01,801.58
Neilson House,34999905,Other-Public Services,249,2024-03-01,943.85
Neilson House,34999905,Other-Public Services,249,2024-04-01,400.71
Neilson House,34999905,Other-Public Services,249,2024-05-01,125.72
Neilson House,34999905,Other-Public Services,249,2024-06-01,17.46
Neilson House,34999905,Other-Public Services,249,2024-07-01,21.78
Neilson House,34999905,Other-Public Services,249,2024-08-01,14.14
Neilson House,34999905,Other-Public Services,249,2024-09-01,23.55
Neilson House,34999905,Other-Public Services,249,2024-10-01,258.75
Neilson House,34999905,Other-Public Services,249,2024-11-01,580.14
Neilson House,34999905,Other-Public Services,249,2024-12-01,947.46
Norwood Park,34999915,Other-Public Services,248,2024-01-01,415.2
Norwood Park,34999915,Other-Public Services,248,2024-02-01,389.78
Norwood Park,34999915,Other-Public Services,248,2024-03-01,359.99
Norwood Park,34999915,Other-Public Services,248,2024-04-01,248.74999999999997
Norwood Park,34999915,Other-Public Services,248,2024-05-01,130.87
Norwood Park,34999915,Other-Public Services,248,2024-06-01,46.35
Norwood Park,34999915,Other-Public Services,248,2024-07-01,12.3
Norwood Park,34999915,Other-Public Services,248,2024-08-01,29.15
Norwood Park,34999915,Other-Public Services,248,2024-09-01,87.54
Norwood Park,34999915,Other-Public Services,248,2024-10-01,166.01
Norwood Park,34999915,Other-Public Services,248,2024-11-01,288.95
Norwood Park,34999915,Other-Public Services,248,2024-12-01,334.41
Riverdale Park West,34999966,Other-Public Services,303,2024-01-01,385.74
Riverdale Park West,34999966,Other-Public Services,303,2024-02-01,360.85
Riverdale Park West,34999966,Other-Public Services,303,2024-03-01,385.74
Riverdale Park West,34999966,Other-Public Services,303,2024-04-01,373.29
Riverdale Park West,34999966,Other-Public Services,303,2024-05-01,385.74
Riverdale Park West,34999966,Other-Public Services,303,2024-06-01,286.43
Riverdale Park West,34999966,Other-Public Services,303,2024-07-01,1970.3
Riverdale Park West,34999966,Other-Public Services,303,2024-08-01,2611.31
Riverdale Park West,34999966,Other-Public Services,303,2024-09-01,2527.07
Riverdale Park West,34999966,Other-Public Services,303,2024-10-01,2611.31
Riverdale Park West,34999966,Other-Public Services,303,2024-11-01,2527.07
Riverdale Park West,34999966,Other-Public Services,303,2024-12-01,2611.31
Riverdale Park East,34999965,Other-Public Services,302,2024-01-01,2282.96
Riverdale Park East,34999965,Other-Public Services,302,2024-02-01,2038.43
Riverdale Park East,34999965,Other-Public Services,302,2024-03-01,3469.75
Riverdale Park East,34999965,Other-Public Services,302,2024-04-01,4628.71
Riverdale Park East,34999965,Other-Public Services,302,2024-05-01,2883.46
Riverdale Park East,34999965,Other-Public Services,302,2024-06-01,3438.22
Riverdale Park East,34999965,Other-Public Services,302,2024-07-01,3602.49
Riverdale Park East,34999965,Other-Public Services,302,2024-08-01,3516.02
Riverdale Park East,34999965,Other-Public Services,302,2024-09-01,3022.37
Riverdale Park East,34999965,Other-Public Services,302,2024-10-01,2553.22
Riverdale Park East,34999965,Other-Public Services,302,2024-11-01,2787.12
Riverdale Park East,34999965,Other-Public Services,302,2024-12-01,2974.52
Richmond Gardens Pool (outdoor),34999961,Other-Public Services,284,2024-01-01,304.62
Richmond Gardens Pool (outdoor),34999961,Other-Public Services,284,2024-02-01,285.0
Richmond Gardens Pool (outdoor),34999961,Other-Public Services,284,2024-03-01,283.97
Richmond Gardens Pool (outdoor),34999961,Other-Public Services,284,2024-04-01,63.0
Richmond Gardens Pool (outdoor),34999961,Other-Public Services,284,2024-05-01,175.87
Richmond Gardens Pool (outdoor),34999961,Other-Public Services,284,2024-06-01,688.2
Richmond Gardens Pool (outdoor),34999961,Other-Public Services,284,2024-07-01,1768.56
Richmond Gardens Pool (outdoor),34999961,Other-Public Services,284,2024-08-01,2109.93
Richmond Gardens Pool (outdoor),34999961,Other-Public Services,284,2024-09-01,1514.59
Richmond Gardens Pool (outdoor),34999961,Other-Public Services,284,2024-10-01,418.79
Richmond Gardens Pool (outdoor),34999961,Other-Public Services,284,2024-11-01,343.02
Richmond Gardens Pool (outdoor),34999961,Other-Public Services,284,2024-12-01,349.55
Pine Point Pool,34999938,Other-Public Services,268,2024-01-01,0.0
Pine Point Pool,34999938,Other-Public Services,268,2024-02-01,0.0
Pine Point Pool,34999938,Other-Public Services,268,2024-03-01,0.0
Pine Point Pool,34999938,Other-Public Services,268,2024-04-01,31.250000000000004
Pine Point Pool,34999938,Other-Public Services,268,2024-05-01,206.75
Pine Point Pool,34999938,Other-Public Services,268,2024-06-01,1793.0
Pine Point Pool,34999938,Other-Public Services,268,2024-07-01,7511.13
Pine Point Pool,34999938,Other-Public Services,268,2024-08-01,3978.87
Pine Point Pool,34999938,Other-Public Services,268,2024-09-01,6096.43
Pine Point Pool,34999938,Other-Public Services,268,2024-10-01,937.57
Pine Point Pool,34999938,Other-Public Services,268,2024-11-01,0.0
Pine Point Pool,34999938,Other-Public Services,268,2024-12-01,52.65
Ramsden Park,34999951,Other-Public Services,287,2024-01-01,1810.86
Ramsden Park,34999951,Other-Public Services,287,2024-02-01,1161.69
Ramsden Park,34999951,Other-Public Services,287,2024-03-01,864.42
Ramsden Park,34999951,Other-Public Services,287,2024-04-01,181.34
Ramsden Park,34999951,Other-Public Services,287,2024-05-01,28.95
Ramsden Park,34999951,Other-Public Services,287,2024-06-01,72.26
Ramsden Park,34999951,Other-Public Services,287,2024-07-01,82.87
Ramsden Park,34999951,Other-Public Services,287,2024-08-01,74.43
Ramsden Park,34999951,Other-Public Services,287,2024-09-01,45.64
Ramsden Park,34999951,Other-Public Services,287,2024-10-01,208.15
Ramsden Park,34999951,Other-Public Services,287,2024-11-01,720.9
Ramsden Park,34999951,Other-Public Services,287,2024-12-01,1846.96
Queensway Park,34999949,Other-Public Services,280,2024-01-01,1332.87
Queensway Park,34999949,Other-Public Services,280,2024-02-01,1171.27
Queensway Park,34999949,Other-Public Services,280,2024-03-01,585.79
Queensway Park,34999949,Other-Public Services,280,2024-04-01,297.46
Queensway Park,34999949,Other-Public Services,280,2024-05-01,92.38
Queensway Park,34999949,Other-Public Services,280,2024-06-01,4.29
Queensway Park,34999949,Other-Public Services,280,2024-07-01,7.2
Queensway Park,34999949,Other-Public Services,280,2024-08-01,7.31
Queensway Park,34999949,Other-Public Services,280,2024-09-01,6.07
Queensway Park,34999949,Other-Public Services,280,2024-10-01,64.58
Queensway Park,34999949,Other-Public Services,280,2024-11-01,769.85
Queensway Park,34999949,Other-Public Services,280,2024-12-01,1384.2
Prince Of Wales Park,34999946,Other-Public Services,277,2024-01-01,1910.72
Prince Of Wales Park,34999946,Other-Public Services,277,2024-02-01,1652.78
Prince Of Wales Park,34999946,Other-Public Services,277,2024-03-01,1740.97
Prince Of Wales Park,34999946,Other-Public Services,277,2024-04-01,978.12
Prince Of Wales Park,34999946,Other-Public Services,277,2024-05-01,239.75
Prince Of Wales Park,34999946,Other-Public Services,277,2024-06-01,64.67
Prince Of Wales Park,34999946,Other-Public Services,277,2024-07-01,82.71
Prince Of Wales Park,34999946,Other-Public Services,277,2024-08-01,55.66
Prince Of Wales Park,34999946,Other-Public Services,277,2024-09-01,72.97
Prince Of Wales Park,34999946,Other-Public Services,277,2024-10-01,296.73
Prince Of Wales Park,34999946,Other-Public Services,277,2024-11-01,941.99
Prince Of Wales Park,34999946,Other-Public Services,277,2024-12-01,1846.92
Scarlett Woods Golf Course,34999987,Other-Public Services,333,2024-01-01,480.34
Scarlett Woods Golf Course,34999987,Other-Public Services,333,2024-02-01,1063.5
Scarlett Woods Golf Course,34999987,Other-Public Services,333,2024-03-01,440.97
Scarlett Woods Golf Course,34999987,Other-Public Services,333,2024-04-01,149.86
Scarlett Woods Golf Course,34999987,Other-Public Services,333,2024-05-01,6.72
Scarlett Woods Golf Course,34999987,Other-Public Services,333,2024-06-01,100.6
Scarlett Woods Golf Course,34999987,Other-Public Services,333,2024-07-01,128.77
Scarlett Woods Golf Course,34999987,Other-Public Services,333,2024-08-01,126.39999999999999
Scarlett Woods Golf Course,34999987,Other-Public Services,333,2024-09-01,15.399999999999999
Scarlett Woods Golf Course,34999987,Other-Public Services,333,2024-10-01,452.17
Scarlett Woods Golf Course,34999987,Other-Public Services,333,2024-11-01,901.33
Scarlett Woods Golf Course,34999987,Other-Public Services,333,2024-12-01,1657.33
Sir Adam Beck Rink,34999999,Other-Public Services,317,2024-01-01,1374.56
Sir Adam Beck Rink,34999999,Other-Public Services,317,2024-02-01,1205.28
Sir Adam Beck Rink,34999999,Other-Public Services,317,2024-03-01,1317.21
Sir Adam Beck Rink,34999999,Other-Public Services,317,2024-04-01,749.88
Sir Adam Beck Rink,34999999,Other-Public Services,317,2024-05-01,238.04
Sir Adam Beck Rink,34999999,Other-Public Services,317,2024-06-01,109.56
Sir Adam Beck Rink,34999999,Other-Public Services,317,2024-07-01,36.21
Sir Adam Beck Rink,34999999,Other-Public Services,317,2024-08-01,1.0
Sir Adam Beck Rink,34999999,Other-Public Services,317,2024-09-01,86.18
Sir Adam Beck Rink,34999999,Other-Public Services,317,2024-10-01,55.99
Sir Adam Beck Rink,34999999,Other-Public Services,317,2024-11-01,614.97
Sir Adam Beck Rink,34999999,Other-Public Services,317,2024-12-01,1404.76
Rotary Peace Park Pool (outdoor),34999974,Other-Public Services,299,2024-01-01,0.0
Rotary Peace Park Pool (outdoor),34999974,Other-Public Services,299,2024-02-01,0.0
Rotary Peace Park Pool (outdoor),34999974,Other-Public Services,299,2024-03-01,2.0
Rotary Peace Park Pool (outdoor),34999974,Other-Public Services,299,2024-04-01,1449.45
Rotary Peace Park Pool (outdoor),34999974,Other-Public Services,299,2024-05-01,2245.09
Rotary Peace Park Pool (outdoor),34999974,Other-Public Services,299,2024-06-01,2172.67
Rotary Peace Park Pool (outdoor),34999974,Other-Public Services,299,2024-07-01,2245.09
Rotary Peace Park Pool (outdoor),34999974,Other-Public Services,299,2024-08-01,2245.09
Rotary Peace Park Pool (outdoor),34999974,Other-Public Services,299,2024-09-01,2172.67
Rotary Peace Park Pool (outdoor),34999974,Other-Public Services,299,2024-10-01,2245.09
Rotary Peace Park Pool (outdoor),34999974,Other-Public Services,299,2024-11-01,2172.67
Rotary Peace Park Pool (outdoor),34999974,Other-Public Services,299,2024-12-01,2245.09
Rotary Peace Park,34999973,Other-Public Services,1,2024-01-01,432.42
Rotary Peace Park,34999973,Other-Public Services,1,2024-02-01,315.16
Rotary Peace Park,34999973,Other-Public Services,1,2024-03-01,264.72
Rotary Peace Park,34999973,Other-Public Services,1,2024-04-01,157.0
Rotary Peace Park,34999973,Other-Public Services,1,2024-05-01,32.14
Rotary Peace Park,34999973,Other-Public Services,1,2024-06-01,70.72
Rotary Peace Park,34999973,Other-Public Services,1,2024-07-01,42.58
Rotary Peace Park,34999973,Other-Public Services,1,2024-08-01,3.48
Rotary Peace Park,34999973,Other-Public Services,1,2024-09-01,0.0
Rotary Peace Park,34999973,Other-Public Services,1,2024-10-01,89.48
Rotary Peace Park,34999973,Other-Public Services,1,2024-11-01,205.26
Rotary Peace Park,34999973,Other-Public Services,1,2024-12-01,332.63
Rosedale Park,34999969,Other-Public Services,297,2024-01-01,252.50999999999996
Rosedale Park,34999969,Other-Public Services,297,2024-02-01,118.93
Rosedale Park,34999969,Other-Public Services,297,2024-03-01,116.23
Rosedale Park,34999969,Other-Public Services,297,2024-04-01,97.5
Rosedale Park,34999969,Other-Public Services,297,2024-05-01,38.01
Rosedale Park,34999969,Other-Public Services,297,2024-06-01,38.92
Rosedale Park,34999969,Other-Public Services,297,2024-07-01,60.25
Rosedale Park,34999969,Other-Public Services,297,2024-08-01,63.03
Rosedale Park,34999969,Other-Public Services,297,2024-09-01,42.26
Rosedale Park,34999969,Other-Public Services,297,2024-10-01,85.22
Rosedale Park,34999969,Other-Public Services,297,2024-11-01,126.65
Rosedale Park,34999969,Other-Public Services,297,2024-12-01,212.04
Stanley Park North,35000017,Other-Public Services,326,2024-01-01,3066.94
Stanley Park North,35000017,Other-Public Services,326,2024-02-01,658.0
Stanley Park North,35000017,Other-Public Services,326,2024-03-01,2731.1
Stanley Park North,35000017,Other-Public Services,326,2024-04-01,220.65
Stanley Park North,35000017,Other-Public Services,326,2024-05-01,1351.78
Stanley Park North,35000017,Other-Public Services,326,2024-06-01,342.73
Stanley Park North,35000017,Other-Public Services,326,2024-07-01,3134.17
Stanley Park North,35000017,Other-Public Services,326,2024-08-01,1064.03
Stanley Park North,35000017,Other-Public Services,326,2024-09-01,505.65000000000003
Stanley Park North,35000017,Other-Public Services,326,2024-10-01,263.0
Stanley Park North,35000017,Other-Public Services,326,2024-11-01,154.84
Stanley Park North,35000017,Other-Public Services,326,2024-12-01,777.42
Sunnyside Park,35000028,Other-Public Services,320,2024-01-01,1743.82
Sunnyside Park,35000028,Other-Public Services,320,2024-02-01,563.57
Sunnyside Park,35000028,Other-Public Services,320,2024-03-01,539.43
Sunnyside Park,35000028,Other-Public Services,320,2024-04-01,346.72
Sunnyside Park,35000028,Other-Public Services,320,2024-05-01,552.53
Sunnyside Park,35000028,Other-Public Services,320,2024-06-01,9355.89
Sunnyside Park,35000028,Other-Public Services,320,2024-07-01,34444.67
Sunnyside Park,35000028,Other-Public Services,320,2024-08-01,24846.8
Sunnyside Park,35000028,Other-Public Services,320,2024-09-01,17826.26
Sunnyside Park,35000028,Other-Public Services,320,2024-10-01,810.18
Sunnyside Park,35000028,Other-Public Services,320,2024-11-01,1080.43
Sunnyside Park,35000028,Other-Public Services,320,2024-12-01,1246.95
Sunnybrook Stable,35000026,Other-Public Services,271,2024-01-01,511.98
Sunnybrook Stable,35000026,Other-Public Services,271,2024-02-01,738.63
Sunnybrook Stable,35000026,Other-Public Services,271,2024-03-01,0.0
Sunnybrook Stable,35000026,Other-Public Services,271,2024-04-01,0.0
Sunnybrook Stable,35000026,Other-Public Services,271,2024-05-01,0.0
Sunnybrook Stable,35000026,Other-Public Services,271,2024-06-01,0.0
Sunnybrook Stable,35000026,Other-Public Services,271,2024-07-01,0.0
Sunnybrook Stable,35000026,Other-Public Services,271,2024-08-01,0.0
Sunnybrook Stable,35000026,Other-Public Services,271,2024-09-01,1.15
Sunnybrook Stable,35000026,Other-Public Services,271,2024-10-01,1.85
Sunnybrook Stable,35000026,Other-Public Services,271,2024-11-01,436.0
Sunnybrook Stable,35000026,Other-Public Services,271,2024-12-01,872.0
Sunnydale Acres Park,35000027,Other-Public Services,329,2024-01-01,1612.0
Sunnydale Acres Park,35000027,Other-Public Services,329,2024-02-01,1916.3900000000003
Sunnydale Acres Park,35000027,Other-Public Services,329,2024-03-01,1790.32
Sunnydale Acres Park,35000027,Other-Public Services,329,2024-04-01,1110.94
Sunnydale Acres Park,35000027,Other-Public Services,329,2024-05-01,583.38
Sunnydale Acres Park,35000027,Other-Public Services,329,2024-06-01,149.73
Sunnydale Acres Park,35000027,Other-Public Services,329,2024-07-01,86.34
Sunnydale Acres Park,35000027,Other-Public Services,329,2024-08-01,105.93
Sunnydale Acres Park,35000027,Other-Public Services,329,2024-09-01,103.5
Sunnydale Acres Park,35000027,Other-Public Services,329,2024-10-01,520.59
Sunnydale Acres Park,35000027,Other-Public Services,329,2024-11-01,1206.95
Sunnydale Acres Park,35000027,Other-Public Services,329,2024-12-01,1687.62
Summerlea Park,35000024,Other-Public Services,328,2024-01-01,354.74
Summerlea Park,35000024,Other-Public Services,328,2024-02-01,132.96
Summerlea Park,35000024,Other-Public Services,328,2024-03-01,74.28
Summerlea Park,35000024,Other-Public Services,328,2024-04-01,14.38
Summerlea Park,35000024,Other-Public Services,328,2024-05-01,0.0
Summerlea Park,35000024,Other-Public Services,328,2024-06-01,0.0
Summerlea Park,35000024,Other-Public Services,328,2024-07-01,0.0
Summerlea Park,35000024,Other-Public Services,328,2024-08-01,0.0
Summerlea Park,35000024,Other-Public Services,328,2024-09-01,0.0
Summerlea Park,35000024,Other-Public Services,328,2024-10-01,18.24
Summerlea Park,35000024,Other-Public Services,328,2024-11-01,62.510000000000005
Summerlea Park,35000024,Other-Public Services,328,2024-12-01,174.12
Sunnybrook Park,35000025,Other-Public Services,308,2024-01-01,10377.24
Sunnybrook Park,35000025,Other-Public Services,308,2024-02-01,8091.01
Sunnybrook Park,35000025,Other-Public Services,308,2024-03-01,6463.3
Sunnybrook Park,35000025,Other-Public Services,308,2024-04-01,4007.77
Sunnybrook Park,35000025,Other-Public Services,308,2024-05-01,892.14
Sunnybrook Park,35000025,Other-Public Services,308,2024-06-01,566.63
Sunnybrook Park,35000025,Other-Public Services,308,2024-07-01,338.73
Sunnybrook Park,35000025,Other-Public Services,308,2024-08-01,59.33
Sunnybrook Park,35000025,Other-Public Services,308,2024-09-01,107.48
Sunnybrook Park,35000025,Other-Public Services,308,2024-10-01,3938.78
Sunnybrook Park,35000025,Other-Public Services,308,2024-11-01,6647.74
Sunnybrook Park,35000025,Other-Public Services,308,2024-12-01,10613.56
Smythe Park,35000004,Other-Public Services,319,2024-01-01,0.0
Smythe Park,35000004,Other-Public Services,319,2024-02-01,21.15
Smythe Park,35000004,Other-Public Services,319,2024-03-01,27.32
Smythe Park,35000004,Other-Public Services,319,2024-04-01,4.76
Smythe Park,35000004,Other-Public Services,319,2024-05-01,1.48
Smythe Park,35000004,Other-Public Services,319,2024-06-01,24.68
Smythe Park,35000004,Other-Public Services,319,2024-07-01,31.510000000000005
Smythe Park,35000004,Other-Public Services,319,2024-08-01,7.33
Smythe Park,35000004,Other-Public Services,319,2024-09-01,1.48
Smythe Park,35000004,Other-Public Services,319,2024-10-01,0.3
Smythe Park,35000004,Other-Public Services,319,2024-11-01,0.0
Smythe Park,35000004,Other-Public Services,319,2024-12-01,1713.1399999999999
Sorauren Avenue Park Fieldhouse,35000005,Other-Public Services,1,2024-01-01,816.76
Sorauren Avenue Park Fieldhouse,35000005,Other-Public Services,1,2024-02-01,640.97
Sorauren Avenue Park Fieldhouse,35000005,Other-Public Services,1,2024-03-01,561.29
Sorauren Avenue Park Fieldhouse,35000005,Other-Public Services,1,2024-04-01,375.21
Sorauren Avenue Park Fieldhouse,35000005,Other-Public Services,1,2024-05-01,162.83
Sorauren Avenue Park Fieldhouse,35000005,Other-Public Services,1,2024-06-01,45.77
Sorauren Avenue Park Fieldhouse,35000005,Other-Public Services,1,2024-07-01,24.76
Sorauren Avenue Park Fieldhouse,35000005,Other-Public Services,1,2024-08-01,19.86
Sorauren Avenue Park Fieldhouse,35000005,Other-Public Services,1,2024-09-01,20.48
Sorauren Avenue Park Fieldhouse,35000005,Other-Public Services,1,2024-10-01,217.49
Sorauren Avenue Park Fieldhouse,35000005,Other-Public Services,1,2024-11-01,236.74
Sorauren Avenue Park Fieldhouse,35000005,Other-Public Services,1,2024-12-01,613.41
Smithfield Park Outdoor Pool,35000003,Other-Public Services,314,2024-01-01,873.22
Smithfield Park Outdoor Pool,35000003,Other-Public Services,314,2024-02-01,816.88
Smithfield Park Outdoor Pool,35000003,Other-Public Services,314,2024-03-01,873.22
Smithfield Park Outdoor Pool,35000003,Other-Public Services,314,2024-04-01,368.04
Smithfield Park Outdoor Pool,35000003,Other-Public Services,314,2024-05-01,449.61
Smithfield Park Outdoor Pool,35000003,Other-Public Services,314,2024-06-01,283.77
Smithfield Park Outdoor Pool,35000003,Other-Public Services,314,2024-07-01,18.21
Smithfield Park Outdoor Pool,35000003,Other-Public Services,314,2024-08-01,138.76
Smithfield Park Outdoor Pool,35000003,Other-Public Services,314,2024-09-01,86.77
Smithfield Park Outdoor Pool,35000003,Other-Public Services,314,2024-10-01,24.36
Smithfield Park Outdoor Pool,35000003,Other-Public Services,314,2024-11-01,447.56
Smithfield Park Outdoor Pool,35000003,Other-Public Services,314,2024-12-01,1172.75
Sir Winston Churchill Park,35000000,Other-Public Services,331,2024-01-01,366.92
Sir Winston Churchill Park,35000000,Other-Public Services,331,2024-02-01,343.25
Sir Winston Churchill Park,35000000,Other-Public Services,331,2024-03-01,394.25
Sir Winston Churchill Park,35000000,Other-Public Services,331,2024-04-01,488.11
Sir Winston Churchill Park,35000000,Other-Public Services,331,2024-05-01,56.22
Sir Winston Churchill Park,35000000,Other-Public Services,331,2024-06-01,50.26
Sir Winston Churchill Park,35000000,Other-Public Services,331,2024-07-01,24.11
Sir Winston Churchill Park,35000000,Other-Public Services,331,2024-08-01,27.24
Sir Winston Churchill Park,35000000,Other-Public Services,331,2024-09-01,100.38
Sir Winston Churchill Park,35000000,Other-Public Services,331,2024-10-01,359.25
Sir Winston Churchill Park,35000000,Other-Public Services,331,2024-11-01,562.28
Sir Winston Churchill Park,35000000,Other-Public Services,331,2024-12-01,917.91
Trinity Bellwoods Park,35000050,Other-Public Services,338,2024-01-01,1147.4
Trinity Bellwoods Park,35000050,Other-Public Services,338,2024-02-01,896.6
Trinity Bellwoods Park,35000050,Other-Public Services,338,2024-03-01,750.93
Trinity Bellwoods Park,35000050,Other-Public Services,338,2024-04-01,448.71
Trinity Bellwoods Park,35000050,Other-Public Services,338,2024-05-01,173.77
Trinity Bellwoods Park,35000050,Other-Public Services,338,2024-06-01,155.43
Trinity Bellwoods Park,35000050,Other-Public Services,338,2024-07-01,160.61
Trinity Bellwoods Park,35000050,Other-Public Services,338,2024-08-01,160.61
Trinity Bellwoods Park,35000050,Other-Public Services,338,2024-09-01,99.38
Trinity Bellwoods Park,35000050,Other-Public Services,338,2024-10-01,386.98
Trinity Bellwoods Park,35000050,Other-Public Services,338,2024-11-01,0.0
Trinity Bellwoods Park,35000050,Other-Public Services,338,2024-12-01,1007.51
Trinity Bellwoods Park Outdoor Rink,35000051,Other-Public Services,337,2024-01-01,0.0
Trinity Bellwoods Park Outdoor Rink,35000051,Other-Public Services,337,2024-02-01,0.0
Trinity Bellwoods Park Outdoor Rink,35000051,Other-Public Services,337,2024-03-01,0.0
Trinity Bellwoods Park Outdoor Rink,35000051,Other-Public Services,337,2024-04-01,0.0
Trinity Bellwoods Park Outdoor Rink,35000051,Other-Public Services,337,2024-05-01,0.0
Trinity Bellwoods Park Outdoor Rink,35000051,Other-Public Services,337,2024-06-01,0.0
Trinity Bellwoods Park Outdoor Rink,35000051,Other-Public Services,337,2024-07-01,0.0
Trinity Bellwoods Park Outdoor Rink,35000051,Other-Public Services,337,2024-08-01,0.0
Trinity Bellwoods Park Outdoor Rink,35000051,Other-Public Services,337,2024-09-01,0.0
Trinity Bellwoods Park Outdoor Rink,35000051,Other-Public Services,337,2024-10-01,0.0
Trinity Bellwoods Park Outdoor Rink,35000051,Other-Public Services,337,2024-11-01,0.0
Trinity Bellwoods Park Outdoor Rink,35000051,Other-Public Services,337,2024-12-01,0.0
Thomas Riley Park,35000038,Other-Public Services,346,2024-01-01,1031.08
Thomas Riley Park,35000038,Other-Public Services,346,2024-02-01,832.04
Thomas Riley Park,35000038,Other-Public Services,346,2024-03-01,606.82
Thomas Riley Park,35000038,Other-Public Services,346,2024-04-01,343.5
Thomas Riley Park,35000038,Other-Public Services,346,2024-05-01,91.28
Thomas Riley Park,35000038,Other-Public Services,346,2024-06-01,89.28
Thomas Riley Park,35000038,Other-Public Services,346,2024-07-01,24.48
Thomas Riley Park,35000038,Other-Public Services,346,2024-08-01,0.0
Thomas Riley Park,35000038,Other-Public Services,346,2024-09-01,0.0
Thomas Riley Park,35000038,Other-Public Services,346,2024-10-01,30.77
Thomas Riley Park,35000038,Other-Public Services,346,2024-11-01,81.26
Thomas Riley Park,35000038,Other-Public Services,346,2024-12-01,907.08
Thomson Memorial Park,35000039,Other-Public Services,348,2024-01-01,1642.5
Thomson Memorial Park,35000039,Other-Public Services,348,2024-02-01,1199.34
Thomson Memorial Park,35000039,Other-Public Services,348,2024-03-01,858.69
Thomson Memorial Park,35000039,Other-Public Services,348,2024-04-01,271.83
Thomson Memorial Park,35000039,Other-Public Services,348,2024-05-01,6.29
Thomson Memorial Park,35000039,Other-Public Services,348,2024-06-01,0.47
Thomson Memorial Park,35000039,Other-Public Services,348,2024-07-01,34.53
Thomson Memorial Park,35000039,Other-Public Services,348,2024-08-01,87.73
Thomson Memorial Park,35000039,Other-Public Services,348,2024-09-01,57.27
Thomson Memorial Park,35000039,Other-Public Services,348,2024-10-01,301.79
Thomson Memorial Park,35000039,Other-Public Services,348,2024-11-01,785.66
Thomson Memorial Park,35000039,Other-Public Services,348,2024-12-01,1470.48
Tam O'shanter Golf Course,35000035,Other-Public Services,343,2024-01-01,2440.33
Tam O'shanter Golf Course,35000035,Other-Public Services,343,2024-02-01,1954.46
Tam O'shanter Golf Course,35000035,Other-Public Services,343,2024-03-01,1602.97
Tam O'shanter Golf Course,35000035,Other-Public Services,343,2024-04-01,960.44
Tam O'shanter Golf Course,35000035,Other-Public Services,343,2024-05-01,251.34
Tam O'shanter Golf Course,35000035,Other-Public Services,343,2024-06-01,48.67
Tam O'shanter Golf Course,35000035,Other-Public Services,343,2024-07-01,95.58
Tam O'shanter Golf Course,35000035,Other-Public Services,343,2024-08-01,164.76
Tam O'shanter Golf Course,35000035,Other-Public Services,343,2024-09-01,134.01
Tam O'shanter Golf Course,35000035,Other-Public Services,343,2024-10-01,556.99
Tam O'shanter Golf Course,35000035,Other-Public Services,343,2024-11-01,1296.6
Tam O'shanter Golf Course,35000035,Other-Public Services,343,2024-12-01,2481.55
Topham Park Clubhouse,35000044,Other-Public Services,344,2024-01-01,4829.1
Topham Park Clubhouse,35000044,Other-Public Services,344,2024-02-01,3791.77
Topham Park Clubhouse,35000044,Other-Public Services,344,2024-03-01,4085.4599999999996
Topham Park Clubhouse,35000044,Other-Public Services,344,2024-04-01,1333.63
Topham Park Clubhouse,35000044,Other-Public Services,344,2024-05-01,969.4
Topham Park Clubhouse,35000044,Other-Public Services,344,2024-06-01,43.81
Topham Park Clubhouse,35000044,Other-Public Services,344,2024-07-01,28.04
Topham Park Clubhouse,35000044,Other-Public Services,344,2024-08-01,7.11
Topham Park Clubhouse,35000044,Other-Public Services,344,2024-09-01,35.74
Topham Park Clubhouse,35000044,Other-Public Services,344,2024-10-01,413.0
Topham Park Clubhouse,35000044,Other-Public Services,344,2024-11-01,915.94
Topham Park Clubhouse,35000044,Other-Public Services,344,2024-12-01,1375.45
Westmount Outdoor Pool,35000086,Other-Public Services,376,2024-01-01,0.0
Westmount Outdoor Pool,35000086,Other-Public Services,376,2024-02-01,0.0
Westmount Outdoor Pool,35000086,Other-Public Services,376,2024-03-01,0.0
Westmount Outdoor Pool,35000086,Other-Public Services,376,2024-04-01,35.71
Westmount Outdoor Pool,35000086,Other-Public Services,376,2024-05-01,44.29
Westmount Outdoor Pool,35000086,Other-Public Services,376,2024-06-01,1496.1
Westmount Outdoor Pool,35000086,Other-Public Services,376,2024-07-01,1311.17
Westmount Outdoor Pool,35000086,Other-Public Services,376,2024-08-01,1792.93
Westmount Outdoor Pool,35000086,Other-Public Services,376,2024-09-01,636.32
Westmount Outdoor Pool,35000086,Other-Public Services,376,2024-10-01,72.48
Westmount Outdoor Pool,35000086,Other-Public Services,376,2024-11-01,0.0
Westmount Outdoor Pool,35000086,Other-Public Services,376,2024-12-01,364.0
Westgrove Outdoor Pool & AIR,35000085,Other-Public Services,367,2024-01-01,66.17
Westgrove Outdoor Pool & AIR,35000085,Other-Public Services,367,2024-02-01,61.9
Westgrove Outdoor Pool & AIR,35000085,Other-Public Services,367,2024-03-01,66.17
Westgrove Outdoor Pool & AIR,35000085,Other-Public Services,367,2024-04-01,54.01
Westgrove Outdoor Pool & AIR,35000085,Other-Public Services,367,2024-05-01,49.8
Westgrove Outdoor Pool & AIR,35000085,Other-Public Services,367,2024-06-01,623.94
Westgrove Outdoor Pool & AIR,35000085,Other-Public Services,367,2024-07-01,5272.97
Westgrove Outdoor Pool & AIR,35000085,Other-Public Services,367,2024-08-01,4012.8599999999997
Westgrove Outdoor Pool & AIR,35000085,Other-Public Services,367,2024-09-01,907.66
Westgrove Outdoor Pool & AIR,35000085,Other-Public Services,367,2024-10-01,908.3885714285715
Westgrove Outdoor Pool & AIR,35000085,Other-Public Services,367,2024-11-01,0.0
Westgrove Outdoor Pool & AIR,35000085,Other-Public Services,367,2024-12-01,134.19
West Mall Outdoor Pool,35000082,Other-Public Services,374,2024-01-01,0.0
West Mall Outdoor Pool,35000082,Other-Public Services,374,2024-02-01,0.0
West Mall Outdoor Pool,35000082,Other-Public Services,374,2024-03-01,0.0
West Mall Outdoor Pool,35000082,Other-Public Services,374,2024-04-01,713.33
West Mall Outdoor Pool,35000082,Other-Public Services,374,2024-05-01,1701.29
West Mall Outdoor Pool,35000082,Other-Public Services,374,2024-06-01,2012.5999999999997
West Mall Outdoor Pool,35000082,Other-Public Services,374,2024-07-01,3541.4
West Mall Outdoor Pool,35000082,Other-Public Services,374,2024-08-01,3453.13
West Mall Outdoor Pool,35000082,Other-Public Services,374,2024-09-01,3446.29
West Mall Outdoor Pool,35000082,Other-Public Services,374,2024-10-01,1019.9500000000002
West Mall Outdoor Pool,35000082,Other-Public Services,374,2024-11-01,6.0
West Mall Outdoor Pool,35000082,Other-Public Services,374,2024-12-01,1111.15
West Mall Outdoor Rink,35000083,Other-Public Services,364,2024-01-01,6304.19
West Mall Outdoor Rink,35000083,Other-Public Services,364,2024-02-01,5569.21
West Mall Outdoor Rink,35000083,Other-Public Services,364,2024-03-01,3640.06
West Mall Outdoor Rink,35000083,Other-Public Services,364,2024-04-01,1355.19
West Mall Outdoor Rink,35000083,Other-Public Services,364,2024-05-01,1041.08
West Mall Outdoor Rink,35000083,Other-Public Services,364,2024-06-01,416.54
West Mall Outdoor Rink,35000083,Other-Public Services,364,2024-07-01,59.5
West Mall Outdoor Rink,35000083,Other-Public Services,364,2024-08-01,63.29
West Mall Outdoor Rink,35000083,Other-Public Services,364,2024-09-01,63.56000000000001
West Mall Outdoor Rink,35000083,Other-Public Services,364,2024-10-01,972.98
West Mall Outdoor Rink,35000083,Other-Public Services,364,2024-11-01,2342.09
West Mall Outdoor Rink,35000083,Other-Public Services,364,2024-12-01,6386.73
Willowdale Park,35000094,Other-Public Services,183,2024-01-01,735.54
Willowdale Park,35000094,Other-Public Services,183,2024-02-01,590.52
Willowdale Park,35000094,Other-Public Services,183,2024-03-01,532.37
Willowdale Park,35000094,Other-Public Services,183,2024-04-01,289.82
Willowdale Park,35000094,Other-Public Services,183,2024-05-01,51.5
Willowdale Park,35000094,Other-Public Services,183,2024-06-01,38.84
Willowdale Park,35000094,Other-Public Services,183,2024-07-01,20.93
Willowdale Park,35000094,Other-Public Services,183,2024-08-01,17.72
Willowdale Park,35000094,Other-Public Services,183,2024-09-01,32.94
Willowdale Park,35000094,Other-Public Services,183,2024-10-01,192.15
Willowdale Park,35000094,Other-Public Services,183,2024-11-01,300.55
Willowdale Park,35000094,Other-Public Services,183,2024-12-01,601.19
Westway Outdoor Rink,35000089,Other-Public Services,366,2024-01-01,3860.89
Westway Outdoor Rink,35000089,Other-Public Services,366,2024-02-01,2443.82
Westway Outdoor Rink,35000089,Other-Public Services,366,2024-03-01,2350.15
Westway Outdoor Rink,35000089,Other-Public Services,366,2024-04-01,1265.0
Westway Outdoor Rink,35000089,Other-Public Services,366,2024-05-01,1171.44
Westway Outdoor Rink,35000089,Other-Public Services,366,2024-06-01,384.3
Westway Outdoor Rink,35000089,Other-Public Services,366,2024-07-01,45.71
Westway Outdoor Rink,35000089,Other-Public Services,366,2024-08-01,38.66
Westway Outdoor Rink,35000089,Other-Public Services,366,2024-09-01,51.11
Westway Outdoor Rink,35000089,Other-Public Services,366,2024-10-01,1248.19
Westway Outdoor Rink,35000089,Other-Public Services,366,2024-11-01,2535.77
Westway Outdoor Rink,35000089,Other-Public Services,366,2024-12-01,1600.12
Wanless Park,35000070,Other-Public Services,373,2024-01-01,0.0
Wanless Park,35000070,Other-Public Services,373,2024-02-01,0.0
Wanless Park,35000070,Other-Public Services,373,2024-03-01,0.0
Wanless Park,35000070,Other-Public Services,373,2024-04-01,0.0
Wanless Park,35000070,Other-Public Services,373,2024-05-01,0.0
Wanless Park,35000070,Other-Public Services,373,2024-06-01,0.0
Wanless Park,35000070,Other-Public Services,373,2024-07-01,0.0
Wanless Park,35000070,Other-Public Services,373,2024-08-01,0.0
Wanless Park,35000070,Other-Public Services,373,2024-09-01,0.0
Wanless Park,35000070,Other-Public Services,373,2024-10-01,0.0
Wanless Park,35000070,Other-Public Services,373,2024-11-01,0.0
Wanless Park,35000070,Other-Public Services,373,2024-12-01,0.0
West Deane Outdoor Rink,35000078,Other-Public Services,225,2024-01-01,540.0
West Deane Outdoor Rink,35000078,Other-Public Services,225,2024-02-01,289.67
West Deane Outdoor Rink,35000078,Other-Public Services,225,2024-03-01,261.66
West Deane Outdoor Rink,35000078,Other-Public Services,225,2024-04-01,655.4
West Deane Outdoor Rink,35000078,Other-Public Services,225,2024-05-01,171.5
West Deane Outdoor Rink,35000078,Other-Public Services,225,2024-06-01,3.8900000000000006
West Deane Outdoor Rink,35000078,Other-Public Services,225,2024-07-01,4.94
West Deane Outdoor Rink,35000078,Other-Public Services,225,2024-08-01,4.26
West Deane Outdoor Rink,35000078,Other-Public Services,225,2024-09-01,0.0
West Deane Outdoor Rink,35000078,Other-Public Services,225,2024-10-01,56.45
West Deane Outdoor Rink,35000078,Other-Public Services,225,2024-11-01,182.38
West Deane Outdoor Rink,35000078,Other-Public Services,225,2024-12-01,484.08
West Deane Outdoor Pool,35000077,Other-Public Services,362,2024-01-01,941.32
West Deane Outdoor Pool,35000077,Other-Public Services,362,2024-02-01,880.59
West Deane Outdoor Pool,35000077,Other-Public Services,362,2024-03-01,941.32
West Deane Outdoor Pool,35000077,Other-Public Services,362,2024-04-01,1337.8
West Deane Outdoor Pool,35000077,Other-Public Services,362,2024-05-01,1637.75
West Deane Outdoor Pool,35000077,Other-Public Services,362,2024-06-01,1584.92
West Deane Outdoor Pool,35000077,Other-Public Services,362,2024-07-01,1637.75
West Deane Outdoor Pool,35000077,Other-Public Services,362,2024-08-01,1079.69
West Deane Outdoor Pool,35000077,Other-Public Services,362,2024-09-01,1042.71
West Deane Outdoor Pool,35000077,Other-Public Services,362,2024-10-01,862.83
West Deane Outdoor Pool,35000077,Other-Public Services,362,2024-11-01,479.57
West Deane Outdoor Pool,35000077,Other-Public Services,362,2024-12-01,495.42
Wedgewood Park Outdoor Pool,35000072,Other-Public Services,379,2024-01-01,0.0
Wedgewood Park Outdoor Pool,35000072,Other-Public Services,379,2024-02-01,0.0
Wedgewood Park Outdoor Pool,35000072,Other-Public Services,379,2024-03-01,0.0
Wedgewood Park Outdoor Pool,35000072,Other-Public Services,379,2024-04-01,0.0
Wedgewood Park Outdoor Pool,35000072,Other-Public Services,379,2024-05-01,6.21
Wedgewood Park Outdoor Pool,35000072,Other-Public Services,379,2024-06-01,1730.38
Wedgewood Park Outdoor Pool,35000072,Other-Public Services,379,2024-07-01,2817.06
Wedgewood Park Outdoor Pool,35000072,Other-Public Services,379,2024-08-01,2817.06
Wedgewood Park Outdoor Pool,35000072,Other-Public Services,379,2024-09-01,2726.19
Wedgewood Park Outdoor Pool,35000072,Other-Public Services,379,2024-10-01,1363.1
Wedgewood Park Outdoor Pool,35000072,Other-Public Services,379,2024-11-01,0.0
Wedgewood Park Outdoor Pool,35000072,Other-Public Services,379,2024-12-01,0.0
Wedgewood Park Outdoor Rink,35000073,Other-Public Services,363,2024-01-01,756.76
Wedgewood Park Outdoor Rink,35000073,Other-Public Services,363,2024-02-01,709.08
Wedgewood Park Outdoor Rink,35000073,Other-Public Services,363,2024-03-01,530.98
Wedgewood Park Outdoor Rink,35000073,Other-Public Services,363,2024-04-01,216.82
Wedgewood Park Outdoor Rink,35000073,Other-Public Services,363,2024-05-01,147.35
Wedgewood Park Outdoor Rink,35000073,Other-Public Services,363,2024-06-01,127.96000000000001
Wedgewood Park Outdoor Rink,35000073,Other-Public Services,363,2024-07-01,65.68
Wedgewood Park Outdoor Rink,35000073,Other-Public Services,363,2024-08-01,87.72
Wedgewood Park Outdoor Rink,35000073,Other-Public Services,363,2024-09-01,78.22
Wedgewood Park Outdoor Rink,35000073,Other-Public Services,363,2024-10-01,158.72
Wedgewood Park Outdoor Rink,35000073,Other-Public Services,363,2024-11-01,335.8
Wedgewood Park Outdoor Rink,35000073,Other-Public Services,363,2024-12-01,673.77
Carpark 1,35000114,Transportation,43000,2024-01-01,218.4
Carpark 1,35000114,Transportation,43000,2024-02-01,46.1
Carpark 1,35000114,Transportation,43000,2024-03-01,22.71
Carpark 1,35000114,Transportation,43000,2024-04-01,3.7899999999999996
Carpark 1,35000114,Transportation,43000,2024-05-01,13.6
Carpark 1,35000114,Transportation,43000,2024-06-01,14.6
Carpark 1,35000114,Transportation,43000,2024-07-01,2.8
Carpark 1,35000114,Transportation,43000,2024-08-01,11.29
Carpark 1,35000114,Transportation,43000,2024-09-01,16.71
Carpark 1,35000114,Transportation,43000,2024-10-01,14.0
Carpark 1,35000114,Transportation,43000,2024-11-01,15.879999999999999
Carpark 1,35000114,Transportation,43000,2024-12-01,2.12
50 Richmond St. E,35000112,Administrative / Office,13800,2024-01-01,2309.05
50 Richmond St. E,35000112,Administrative / Office,13800,2024-02-01,1831.1
50 Richmond St. E,35000112,Administrative / Office,13800,2024-03-01,1696.02
50 Richmond St. E,35000112,Administrative / Office,13800,2024-04-01,1023.31
50 Richmond St. E,35000112,Administrative / Office,13800,2024-05-01,313.42
50 Richmond St. E,35000112,Administrative / Office,13800,2024-06-01,147.97
50 Richmond St. E,35000112,Administrative / Office,13800,2024-07-01,72.5
50 Richmond St. E,35000112,Administrative / Office,13800,2024-08-01,96.88
50 Richmond St. E,35000112,Administrative / Office,13800,2024-09-01,183.86
50 Richmond St. E,35000112,Administrative / Office,13800,2024-10-01,672.66
50 Richmond St. E,35000112,Administrative / Office,13800,2024-11-01,1323.8
50 Richmond St. E,35000112,Administrative / Office,13800,2024-12-01,2101.1
Withrow Park,35000100,Other-Public Services,371,2024-01-01,1691.31
Withrow Park,35000100,Other-Public Services,371,2024-02-01,1266.13
Withrow Park,35000100,Other-Public Services,371,2024-03-01,1420.0
Withrow Park,35000100,Other-Public Services,371,2024-04-01,1002.83
Withrow Park,35000100,Other-Public Services,371,2024-05-01,147.6
Withrow Park,35000100,Other-Public Services,371,2024-06-01,42.07
Withrow Park,35000100,Other-Public Services,371,2024-07-01,0.0
Withrow Park,35000100,Other-Public Services,371,2024-08-01,83.99
Withrow Park,35000100,Other-Public Services,371,2024-09-01,163.86
Withrow Park,35000100,Other-Public Services,371,2024-10-01,393.13
Withrow Park,35000100,Other-Public Services,371,2024-11-01,1181.43
Withrow Park,35000100,Other-Public Services,371,2024-12-01,1690.38
437 Rogers Rd,35000111,Administrative / Office,1,2024-01-01,9.74
437 Rogers Rd,35000111,Administrative / Office,1,2024-02-01,8.92
437 Rogers Rd,35000111,Administrative / Office,1,2024-03-01,9.75
437 Rogers Rd,35000111,Administrative / Office,1,2024-04-01,9.1
437 Rogers Rd,35000111,Administrative / Office,1,2024-05-01,9.59
437 Rogers Rd,35000111,Administrative / Office,1,2024-06-01,9.11
437 Rogers Rd,35000111,Administrative / Office,1,2024-07-01,12.97
437 Rogers Rd,35000111,Administrative / Office,1,2024-08-01,10.41
437 Rogers Rd,35000111,Administrative / Office,1,2024-09-01,8.92
437 Rogers Rd,35000111,Administrative / Office,1,2024-10-01,10.07
437 Rogers Rd,35000111,Administrative / Office,1,2024-11-01,9.01
437 Rogers Rd,35000111,Administrative / Office,1,2024-12-01,10.48
21 Connell Crt,35000109,Other-Public Services,19262,2024-01-01,3364.27
21 Connell Crt,35000109,Other-Public Services,19262,2024-02-01,3147.22
21 Connell Crt,35000109,Other-Public Services,19262,2024-03-01,3364.27
21 Connell Crt,35000109,Other-Public Services,19262,2024-04-01,3255.74
21 Connell Crt,35000109,Other-Public Services,19262,2024-05-01,3364.27
21 Connell Crt,35000109,Other-Public Services,19262,2024-06-01,3255.74
21 Connell Crt,35000109,Other-Public Services,19262,2024-07-01,1205.65
21 Connell Crt,35000109,Other-Public Services,19262,2024-08-01,18.26
21 Connell Crt,35000109,Other-Public Services,19262,2024-09-01,17.86
21 Connell Crt,35000109,Other-Public Services,19262,2024-10-01,421.55
21 Connell Crt,35000109,Other-Public Services,19262,2024-11-01,1588.1
21 Connell Crt,35000109,Other-Public Services,19262,2024-12-01,6954.53
Carpark 204,35000157,Transportation,8680,2024-01-01,0.0
Carpark 204,35000157,Transportation,8680,2024-02-01,0.0
Carpark 204,35000157,Transportation,8680,2024-03-01,0.0
Carpark 204,35000157,Transportation,8680,2024-04-01,0.0
Carpark 204,35000157,Transportation,8680,2024-05-01,0.0
Carpark 204,35000157,Transportation,8680,2024-06-01,0.0
Carpark 204,35000157,Transportation,8680,2024-07-01,0.0
Carpark 204,35000157,Transportation,8680,2024-08-01,16.91
Carpark 204,35000157,Transportation,8680,2024-09-01,0.0
Carpark 204,35000157,Transportation,8680,2024-10-01,140.0
Carpark 204,35000157,Transportation,8680,2024-11-01,0.0
Carpark 204,35000157,Transportation,8680,2024-12-01,484.84
Carpark 216,35000160,Transportation,53335,2024-01-01,932.8
Carpark 216,35000160,Transportation,53335,2024-02-01,930.6
Carpark 216,35000160,Transportation,53335,2024-03-01,671.13
Carpark 216,35000160,Transportation,53335,2024-04-01,235.38
Carpark 216,35000160,Transportation,53335,2024-05-01,56.03
Carpark 216,35000160,Transportation,53335,2024-06-01,73.06
Carpark 216,35000160,Transportation,53335,2024-07-01,4.57
Carpark 216,35000160,Transportation,53335,2024-08-01,29.0
Carpark 216,35000160,Transportation,53335,2024-09-01,110.53
Carpark 216,35000160,Transportation,53335,2024-10-01,177.12
Carpark 216,35000160,Transportation,53335,2024-11-01,618.74
Carpark 216,35000160,Transportation,53335,2024-12-01,644.75
Carpark 404,35000198,Transportation,120297,2024-01-01,885.36
Carpark 404,35000198,Transportation,120297,2024-02-01,256.37
Carpark 404,35000198,Transportation,120297,2024-03-01,599.91
Carpark 404,35000198,Transportation,120297,2024-04-01,72.61
Carpark 404,35000198,Transportation,120297,2024-05-01,31.53
Carpark 404,35000198,Transportation,120297,2024-06-01,1.51
Carpark 404,35000198,Transportation,120297,2024-07-01,3.5
Carpark 404,35000198,Transportation,120297,2024-08-01,6.75
Carpark 404,35000198,Transportation,120297,2024-09-01,26.36
Carpark 404,35000198,Transportation,120297,2024-10-01,107.62
Carpark 404,35000198,Transportation,120297,2024-11-01,385.2
Carpark 404,35000198,Transportation,120297,2024-12-01,918.34
Carpark 36 (Nathan Phillips Square),35000193,Transportation,598473,2024-01-01,0.0
Carpark 36 (Nathan Phillips Square),35000193,Transportation,598473,2024-02-01,0.0
Carpark 36 (Nathan Phillips Square),35000193,Transportation,598473,2024-03-01,0.0
Carpark 36 (Nathan Phillips Square),35000193,Transportation,598473,2024-04-01,0.0
Carpark 36 (Nathan Phillips Square),35000193,Transportation,598473,2024-05-01,0.0
Carpark 36 (Nathan Phillips Square),35000193,Transportation,598473,2024-06-01,0.0
Carpark 36 (Nathan Phillips Square),35000193,Transportation,598473,2024-07-01,0.31
Carpark 36 (Nathan Phillips Square),35000193,Transportation,598473,2024-08-01,2.69
Carpark 36 (Nathan Phillips Square),35000193,Transportation,598473,2024-09-01,0.0
Carpark 36 (Nathan Phillips Square),35000193,Transportation,598473,2024-10-01,38.75
Carpark 36 (Nathan Phillips Square),35000193,Transportation,598473,2024-11-01,358.86
Carpark 36 (Nathan Phillips Square),35000193,Transportation,598473,2024-12-01,573.62
Carpark 674,35000236,Transportation,2815,2024-01-01,264.6
Carpark 674,35000236,Transportation,2815,2024-02-01,210.57
Carpark 674,35000236,Transportation,2815,2024-03-01,181.24
Carpark 674,35000236,Transportation,2815,2024-04-01,114.9
Carpark 674,35000236,Transportation,2815,2024-05-01,26.36
Carpark 674,35000236,Transportation,2815,2024-06-01,9.19
Carpark 674,35000236,Transportation,2815,2024-07-01,1.75
Carpark 674,35000236,Transportation,2815,2024-08-01,3.33
Carpark 674,35000236,Transportation,2815,2024-09-01,10.24
Carpark 674,35000236,Transportation,2815,2024-10-01,71.3
Carpark 674,35000236,Transportation,2815,2024-11-01,148.93
Carpark 674,35000236,Transportation,2815,2024-12-01,446.12
Intelligence Bureau,35000279,Public Safety,70547,2024-01-01,10141.66
Intelligence Bureau,35000279,Public Safety,70547,2024-02-01,10416.59
Intelligence Bureau,35000279,Public Safety,70547,2024-03-01,8640.53
Intelligence Bureau,35000279,Public Safety,70547,2024-04-01,5246.09
Intelligence Bureau,35000279,Public Safety,70547,2024-05-01,1289.21
Intelligence Bureau,35000279,Public Safety,70547,2024-06-01,328.22
Intelligence Bureau,35000279,Public Safety,70547,2024-07-01,304.72
Intelligence Bureau,35000279,Public Safety,70547,2024-08-01,220.69
Intelligence Bureau,35000279,Public Safety,70547,2024-09-01,204.83
Intelligence Bureau,35000279,Public Safety,70547,2024-10-01,2014.42
Intelligence Bureau,35000279,Public Safety,70547,2024-11-01,7058.83
Intelligence Bureau,35000279,Public Safety,70547,2024-12-01,14165.710000000001
Emergency Task Force,35000276,Public Safety,35995,2024-01-01,11150.28
Emergency Task Force,35000276,Public Safety,35995,2024-02-01,10067.83
Emergency Task Force,35000276,Public Safety,35995,2024-03-01,8341.18
Emergency Task Force,35000276,Public Safety,35995,2024-04-01,6069.24
Emergency Task Force,35000276,Public Safety,35995,2024-05-01,2294.3
Emergency Task Force,35000276,Public Safety,35995,2024-06-01,1965.1399999999999
Emergency Task Force,35000276,Public Safety,35995,2024-07-01,827.54
Emergency Task Force,35000276,Public Safety,35995,2024-08-01,1344.28
Emergency Task Force,35000276,Public Safety,35995,2024-09-01,2186.7
Emergency Task Force,35000276,Public Safety,35995,2024-10-01,3196.6
Emergency Task Force,35000276,Public Safety,35995,2024-11-01,7153.16
Emergency Task Force,35000276,Public Safety,35995,2024-12-01,9856.96
"Forensic Service, Store & Garage",35000277,Public Safety,62484,2024-01-01,32734.350000000002
"Forensic Service, Store & Garage",35000277,Public Safety,62484,2024-02-01,27032.93
"Forensic Service, Store & Garage",35000277,Public Safety,62484,2024-03-01,23355.87
"Forensic Service, Store & Garage",35000277,Public Safety,62484,2024-04-01,16573.67
"Forensic Service, Store & Garage",35000277,Public Safety,62484,2024-05-01,6034.81
"Forensic Service, Store & Garage",35000277,Public Safety,62484,2024-06-01,2939.0
"Forensic Service, Store & Garage",35000277,Public Safety,62484,2024-07-01,1324.3
"Forensic Service, Store & Garage",35000277,Public Safety,62484,2024-08-01,534.29
"Forensic Service, Store & Garage",35000277,Public Safety,62484,2024-09-01,646.71
"Forensic Service, Store & Garage",35000277,Public Safety,62484,2024-10-01,8614.0
"Forensic Service, Store & Garage",35000277,Public Safety,62484,2024-11-01,16292.940000000002
"Forensic Service, Store & Garage",35000277,Public Safety,62484,2024-12-01,29556.0
Detective Services Building,35000275,Public Safety,24000,2024-01-01,3549.27
Detective Services Building,35000275,Public Safety,24000,2024-02-01,2956.13
Detective Services Building,35000275,Public Safety,24000,2024-03-01,2228.61
Detective Services Building,35000275,Public Safety,24000,2024-04-01,676.62
Detective Services Building,35000275,Public Safety,24000,2024-05-01,494.22
Detective Services Building,35000275,Public Safety,24000,2024-06-01,832.83
Detective Services Building,35000275,Public Safety,24000,2024-07-01,663.34
Detective Services Building,35000275,Public Safety,24000,2024-08-01,775.01
Detective Services Building,35000275,Public Safety,24000,2024-09-01,457.86
Detective Services Building,35000275,Public Safety,24000,2024-10-01,729.35
Detective Services Building,35000275,Public Safety,24000,2024-11-01,2075.11
Detective Services Building,35000275,Public Safety,24000,2024-12-01,3399.59
#55 Police Division,35000272,Public Safety,23519,2024-01-01,3247.01
#55 Police Division,35000272,Public Safety,23519,2024-02-01,2572.64
#55 Police Division,35000272,Public Safety,23519,2024-03-01,1877.82
#55 Police Division,35000272,Public Safety,23519,2024-04-01,1107.68
#55 Police Division,35000272,Public Safety,23519,2024-05-01,548.68
#55 Police Division,35000272,Public Safety,23519,2024-06-01,224.69
#55 Police Division,35000272,Public Safety,23519,2024-07-01,232.5
#55 Police Division,35000272,Public Safety,23519,2024-08-01,177.83
#55 Police Division,35000272,Public Safety,23519,2024-09-01,107.06
#55 Police Division,35000272,Public Safety,23519,2024-10-01,806.04
#55 Police Division,35000272,Public Safety,23519,2024-11-01,1937.5600000000002
#55 Police Division,35000272,Public Safety,23519,2024-12-01,3338.86
Police Marine Hq,35000286,Public Safety,23035,2024-01-01,11397.36
Police Marine Hq,35000286,Public Safety,23035,2024-02-01,5683.64
Police Marine Hq,35000286,Public Safety,23035,2024-03-01,7768.04
Police Marine Hq,35000286,Public Safety,23035,2024-04-01,3693.16
Police Marine Hq,35000286,Public Safety,23035,2024-05-01,826.33
Police Marine Hq,35000286,Public Safety,23035,2024-06-01,668.32
Police Marine Hq,35000286,Public Safety,23035,2024-07-01,571.85
Police Marine Hq,35000286,Public Safety,23035,2024-08-01,213.71
Police Marine Hq,35000286,Public Safety,23035,2024-09-01,180.82
Police Marine Hq,35000286,Public Safety,23035,2024-10-01,2713.77
Police Marine Hq,35000286,Public Safety,23035,2024-11-01,11205.45
Police Marine Hq,35000286,Public Safety,23035,2024-12-01,6508.72
Property Evidence,35000287,Public Safety,7492,2024-01-01,4109.68
Property Evidence,35000287,Public Safety,7492,2024-02-01,3240.07
Property Evidence,35000287,Public Safety,7492,2024-03-01,2533.35
Property Evidence,35000287,Public Safety,7492,2024-04-01,1841.71
Property Evidence,35000287,Public Safety,7492,2024-05-01,564.97
Property Evidence,35000287,Public Safety,7492,2024-06-01,101.37
Property Evidence,35000287,Public Safety,7492,2024-07-01,87.6
Property Evidence,35000287,Public Safety,7492,2024-08-01,27.9
Property Evidence,35000287,Public Safety,7492,2024-09-01,19.6
Property Evidence,35000287,Public Safety,7492,2024-10-01,1203.63
Property Evidence,35000287,Public Safety,7492,2024-11-01,1917.73
Property Evidence,35000287,Public Safety,7492,2024-12-01,3063.75
Police Garage,35000284,Public Safety,33024,2024-01-01,12772.6
Police Garage,35000284,Public Safety,33024,2024-02-01,9961.58
Police Garage,35000284,Public Safety,33024,2024-03-01,8489.22
Police Garage,35000284,Public Safety,33024,2024-04-01,3681.48
Police Garage,35000284,Public Safety,33024,2024-05-01,190.82
Police Garage,35000284,Public Safety,33024,2024-06-01,137.42
Police Garage,35000284,Public Safety,33024,2024-07-01,145.56
Police Garage,35000284,Public Safety,33024,2024-08-01,86.73
Police Garage,35000284,Public Safety,33024,2024-09-01,237.99
Police Garage,35000284,Public Safety,33024,2024-10-01,2848.46
Police Garage,35000284,Public Safety,33024,2024-11-01,6368.07
Police Garage,35000284,Public Safety,33024,2024-12-01,16934.81
Police Headquarters,35000285,Public Safety,425000,2024-01-01,43580.73
Police Headquarters,35000285,Public Safety,425000,2024-02-01,38257.95
Police Headquarters,35000285,Public Safety,425000,2024-03-01,35729.53
Police Headquarters,35000285,Public Safety,425000,2024-04-01,30941.740000000005
Police Headquarters,35000285,Public Safety,425000,2024-05-01,9107.58
Police Headquarters,35000285,Public Safety,425000,2024-06-01,815.07
Police Headquarters,35000285,Public Safety,425000,2024-07-01,1123.99
Police Headquarters,35000285,Public Safety,425000,2024-08-01,1063.05
Police Headquarters,35000285,Public Safety,425000,2024-09-01,989.39
Police Headquarters,35000285,Public Safety,425000,2024-10-01,6164.8
Police Headquarters,35000285,Public Safety,425000,2024-11-01,16561.68
Police Headquarters,35000285,Public Safety,425000,2024-12-01,28436.67
Police Academy,35000282,Public Safety,302735,2024-01-01,84651.34
Police Academy,35000282,Public Safety,302735,2024-02-01,95264.18
Police Academy,35000282,Public Safety,302735,2024-03-01,79019.71
Police Academy,35000282,Public Safety,302735,2024-04-01,43649.41
Police Academy,35000282,Public Safety,302735,2024-05-01,16273.970000000001
Police Academy,35000282,Public Safety,302735,2024-06-01,9402.54
Police Academy,35000282,Public Safety,302735,2024-07-01,2252.35
Police Academy,35000282,Public Safety,302735,2024-08-01,2762.3
Police Academy,35000282,Public Safety,302735,2024-09-01,7462.73
Police Academy,35000282,Public Safety,302735,2024-10-01,35338.49
Police Academy,35000282,Public Safety,302735,2024-11-01,74668.85
Police Academy,35000282,Public Safety,302735,2024-12-01,228508.88
Police Dog Service,35000283,Public Safety,9440,2024-01-01,1625.88
Police Dog Service,35000283,Public Safety,9440,2024-02-01,1329.5
Police Dog Service,35000283,Public Safety,9440,2024-03-01,1076.27
Police Dog Service,35000283,Public Safety,9440,2024-04-01,634.79
Police Dog Service,35000283,Public Safety,9440,2024-05-01,248.27000000000004
Police Dog Service,35000283,Public Safety,9440,2024-06-01,208.55
Police Dog Service,35000283,Public Safety,9440,2024-07-01,182.09
Police Dog Service,35000283,Public Safety,9440,2024-08-01,230.9
Police Dog Service,35000283,Public Safety,9440,2024-09-01,448.81
Police Dog Service,35000283,Public Safety,9440,2024-10-01,910.38
Police Dog Service,35000283,Public Safety,9440,2024-11-01,1383.09
Police Dog Service,35000283,Public Safety,9440,2024-12-01,2071.18
PMMD Materials Management & Stores,35000281,Public Safety,43992,2024-01-01,6909.31
PMMD Materials Management & Stores,35000281,Public Safety,43992,2024-02-01,5378.75
PMMD Materials Management & Stores,35000281,Public Safety,43992,2024-03-01,12477.63
PMMD Materials Management & Stores,35000281,Public Safety,43992,2024-04-01,9826.4
PMMD Materials Management & Stores,35000281,Public Safety,43992,2024-05-01,4222.99
PMMD Materials Management & Stores,35000281,Public Safety,43992,2024-06-01,3591.96
PMMD Materials Management & Stores,35000281,Public Safety,43992,2024-07-01,1359.55
PMMD Materials Management & Stores,35000281,Public Safety,43992,2024-08-01,44.24
PMMD Materials Management & Stores,35000281,Public Safety,43992,2024-09-01,55.26
PMMD Materials Management & Stores,35000281,Public Safety,43992,2024-10-01,1566.84
PMMD Materials Management & Stores,35000281,Public Safety,43992,2024-11-01,7458.18
PMMD Materials Management & Stores,35000281,Public Safety,43992,2024-12-01,6692.6
#31 Police Division,35000262,Public Safety,35489,2024-01-01,8026.300000000001
#31 Police Division,35000262,Public Safety,35489,2024-02-01,6465.53
#31 Police Division,35000262,Public Safety,35489,2024-03-01,5589.23
#31 Police Division,35000262,Public Safety,35489,2024-04-01,3753.49
#31 Police Division,35000262,Public Safety,35489,2024-05-01,1092.0
#31 Police Division,35000262,Public Safety,35489,2024-06-01,1162.33
#31 Police Division,35000262,Public Safety,35489,2024-07-01,1194.38
#31 Police Division,35000262,Public Safety,35489,2024-08-01,1268.87
#31 Police Division,35000262,Public Safety,35489,2024-09-01,290.95
#31 Police Division,35000262,Public Safety,35489,2024-10-01,1181.44
#31 Police Division,35000262,Public Safety,35489,2024-11-01,1025.26
#31 Police Division,35000262,Public Safety,35489,2024-12-01,1200.22
#32 Police Division,35000263,Public Safety,47652,2024-01-01,10624.82
#32 Police Division,35000263,Public Safety,47652,2024-02-01,8712.36
#32 Police Division,35000263,Public Safety,47652,2024-03-01,3425.8
#32 Police Division,35000263,Public Safety,47652,2024-04-01,1426.89
#32 Police Division,35000263,Public Safety,47652,2024-05-01,64.03
#32 Police Division,35000263,Public Safety,47652,2024-06-01,286.87
#32 Police Division,35000263,Public Safety,47652,2024-07-01,218.79
#32 Police Division,35000263,Public Safety,47652,2024-08-01,225.1
#32 Police Division,35000263,Public Safety,47652,2024-09-01,270.59
#32 Police Division,35000263,Public Safety,47652,2024-10-01,2681.87
#32 Police Division,35000263,Public Safety,47652,2024-11-01,5762.01
#32 Police Division,35000263,Public Safety,47652,2024-12-01,10629.69
#22 Police Division,35000260,Public Safety,32270,2024-01-01,9784.1
#22 Police Division,35000260,Public Safety,32270,2024-02-01,10607.24
#22 Police Division,35000260,Public Safety,32270,2024-03-01,9563.1
#22 Police Division,35000260,Public Safety,32270,2024-04-01,3775.09
#22 Police Division,35000260,Public Safety,32270,2024-05-01,960.0
#22 Police Division,35000260,Public Safety,32270,2024-06-01,929.03
#22 Police Division,35000260,Public Safety,32270,2024-07-01,960.0
#22 Police Division,35000260,Public Safety,32270,2024-08-01,842.65
#22 Police Division,35000260,Public Safety,32270,2024-09-01,732.99
#22 Police Division,35000260,Public Safety,32270,2024-10-01,2785.97
#22 Police Division,35000260,Public Safety,32270,2024-11-01,7404.37
#22 Police Division,35000260,Public Safety,32270,2024-12-01,8764.78
#23 Police Division,35000261,Public Safety,57264,2024-01-01,11986.54
#23 Police Division,35000261,Public Safety,57264,2024-02-01,8716.67
#23 Police Division,35000261,Public Safety,57264,2024-03-01,7551.36
#23 Police Division,35000261,Public Safety,57264,2024-04-01,4441.23
#23 Police Division,35000261,Public Safety,57264,2024-05-01,1007.3399999999999
#23 Police Division,35000261,Public Safety,57264,2024-06-01,710.12
#23 Police Division,35000261,Public Safety,57264,2024-07-01,671.64
#23 Police Division,35000261,Public Safety,57264,2024-08-01,673.3
#23 Police Division,35000261,Public Safety,57264,2024-09-01,617.99
#23 Police Division,35000261,Public Safety,57264,2024-10-01,3198.3
#23 Police Division,35000261,Public Safety,57264,2024-11-01,6263.48
#23 Police Division,35000261,Public Safety,57264,2024-12-01,9678.51
#13 Police Division,35000258,Public Safety,20344,2024-01-01,7217.28
#13 Police Division,35000258,Public Safety,20344,2024-02-01,4666.42
#13 Police Division,35000258,Public Safety,20344,2024-03-01,5137.94
#13 Police Division,35000258,Public Safety,20344,2024-04-01,531.72
#13 Police Division,35000258,Public Safety,20344,2024-05-01,595.39
#13 Police Division,35000258,Public Safety,20344,2024-06-01,160.4
#13 Police Division,35000258,Public Safety,20344,2024-07-01,522.47
#13 Police Division,35000258,Public Safety,20344,2024-08-01,110.55
#13 Police Division,35000258,Public Safety,20344,2024-09-01,505.0799999999999
#13 Police Division,35000258,Public Safety,20344,2024-10-01,1761.1
#13 Police Division,35000258,Public Safety,20344,2024-11-01,4384.46
#13 Police Division,35000258,Public Safety,20344,2024-12-01,5875.72
#14 Police Division,35000259,Public Safety,64200,2024-01-01,5400.55
#14 Police Division,35000259,Public Safety,64200,2024-02-01,6938.45
#14 Police Division,35000259,Public Safety,64200,2024-03-01,4470.0
#14 Police Division,35000259,Public Safety,64200,2024-04-01,4434.55
#14 Police Division,35000259,Public Safety,64200,2024-05-01,1199.45
#14 Police Division,35000259,Public Safety,64200,2024-06-01,516.45
#14 Police Division,35000259,Public Safety,64200,2024-07-01,441.65
#14 Police Division,35000259,Public Safety,64200,2024-08-01,446.03
#14 Police Division,35000259,Public Safety,64200,2024-09-01,445.37
#14 Police Division,35000259,Public Safety,64200,2024-10-01,481.68
#14 Police Division,35000259,Public Safety,64200,2024-11-01,1923.3000000000002
#14 Police Division,35000259,Public Safety,64200,2024-12-01,2629.8999999999996
#11 Police Division,35000256,Public Safety,62000,2024-01-01,6570.66
#11 Police Division,35000256,Public Safety,62000,2024-02-01,2401.82
#11 Police Division,35000256,Public Safety,62000,2024-03-01,3991.6500000000005
#11 Police Division,35000256,Public Safety,62000,2024-04-01,4147.17
#11 Police Division,35000256,Public Safety,62000,2024-05-01,1550.1
#11 Police Division,35000256,Public Safety,62000,2024-06-01,949.43
#11 Police Division,35000256,Public Safety,62000,2024-07-01,998.2
#11 Police Division,35000256,Public Safety,62000,2024-08-01,972.45
#11 Police Division,35000256,Public Safety,62000,2024-09-01,949.38
#11 Police Division,35000256,Public Safety,62000,2024-10-01,2003.3000000000002
#11 Police Division,35000256,Public Safety,62000,2024-11-01,9119.58
#11 Police Division,35000256,Public Safety,62000,2024-12-01,8605.82
#12 Police Division,35000257,Public Safety,25780,2024-01-01,1497.23
#12 Police Division,35000257,Public Safety,25780,2024-02-01,1197.66
#12 Police Division,35000257,Public Safety,25780,2024-03-01,1080.69
#12 Police Division,35000257,Public Safety,25780,2024-04-01,436.45
#12 Police Division,35000257,Public Safety,25780,2024-05-01,576.4
#12 Police Division,35000257,Public Safety,25780,2024-06-01,1253.45
#12 Police Division,35000257,Public Safety,25780,2024-07-01,708.1
#12 Police Division,35000257,Public Safety,25780,2024-08-01,630.45
#12 Police Division,35000257,Public Safety,25780,2024-09-01,199.21
#12 Police Division,35000257,Public Safety,25780,2024-10-01,120.95
#12 Police Division,35000257,Public Safety,25780,2024-11-01,800.37
#12 Police Division,35000257,Public Safety,25780,2024-12-01,1484.39
#53 Police Division,35000270,Public Safety,52183,2024-01-01,10211.9
#53 Police Division,35000270,Public Safety,52183,2024-02-01,11768.2
#53 Police Division,35000270,Public Safety,52183,2024-03-01,7363.57
#53 Police Division,35000270,Public Safety,52183,2024-04-01,6870.49
#53 Police Division,35000270,Public Safety,52183,2024-05-01,612.03
#53 Police Division,35000270,Public Safety,52183,2024-06-01,387.05
#53 Police Division,35000270,Public Safety,52183,2024-07-01,263.25
#53 Police Division,35000270,Public Safety,52183,2024-08-01,344.99
#53 Police Division,35000270,Public Safety,52183,2024-09-01,802.3
#53 Police Division,35000270,Public Safety,52183,2024-10-01,988.94
#53 Police Division,35000270,Public Safety,52183,2024-11-01,6801.71
#53 Police Division,35000270,Public Safety,52183,2024-12-01,8309.97
#54 Police Division (#55 Subunit),35000271,Public Safety,23358,2024-01-01,10618.14
#54 Police Division (#55 Subunit),35000271,Public Safety,23358,2024-02-01,7691.8
#54 Police Division (#55 Subunit),35000271,Public Safety,23358,2024-03-01,6392.58
#54 Police Division (#55 Subunit),35000271,Public Safety,23358,2024-04-01,3154.68
#54 Police Division (#55 Subunit),35000271,Public Safety,23358,2024-05-01,328.31
#54 Police Division (#55 Subunit),35000271,Public Safety,23358,2024-06-01,367.28
#54 Police Division (#55 Subunit),35000271,Public Safety,23358,2024-07-01,391.66
#54 Police Division (#55 Subunit),35000271,Public Safety,23358,2024-08-01,295.46
#54 Police Division (#55 Subunit),35000271,Public Safety,23358,2024-09-01,361.62
#54 Police Division (#55 Subunit),35000271,Public Safety,23358,2024-10-01,1871.49
#54 Police Division (#55 Subunit),35000271,Public Safety,23358,2024-11-01,5263.04
#54 Police Division (#55 Subunit),35000271,Public Safety,23358,2024-12-01,8790.16
#51 Police Division,35000268,Public Safety,56000,2024-01-01,35080.15
#51 Police Division,35000268,Public Safety,56000,2024-02-01,21098.97
#51 Police Division,35000268,Public Safety,56000,2024-03-01,30519.83
#51 Police Division,35000268,Public Safety,56000,2024-04-01,9433.03
#51 Police Division,35000268,Public Safety,56000,2024-05-01,583.0
#51 Police Division,35000268,Public Safety,56000,2024-06-01,5492.85
#51 Police Division,35000268,Public Safety,56000,2024-07-01,17167.23
#51 Police Division,35000268,Public Safety,56000,2024-08-01,2094.69
#51 Police Division,35000268,Public Safety,56000,2024-09-01,2027.42
#51 Police Division,35000268,Public Safety,56000,2024-10-01,4746.84
#51 Police Division,35000268,Public Safety,56000,2024-11-01,13436.7
#51 Police Division,35000268,Public Safety,56000,2024-12-01,16930.52
#52 Police Division,35000269,Public Safety,71677,2024-01-01,11189.48
#52 Police Division,35000269,Public Safety,71677,2024-02-01,5170.13
#52 Police Division,35000269,Public Safety,71677,2024-03-01,8220.24
#52 Police Division,35000269,Public Safety,71677,2024-04-01,4070.08
#52 Police Division,35000269,Public Safety,71677,2024-05-01,1335.83
#52 Police Division,35000269,Public Safety,71677,2024-06-01,1510.43
#52 Police Division,35000269,Public Safety,71677,2024-07-01,692.8
#52 Police Division,35000269,Public Safety,71677,2024-08-01,747.98
#52 Police Division,35000269,Public Safety,71677,2024-09-01,863.39
#52 Police Division,35000269,Public Safety,71677,2024-10-01,2608.33
#52 Police Division,35000269,Public Safety,71677,2024-11-01,6079.1
#52 Police Division,35000269,Public Safety,71677,2024-12-01,5667.43
#42 Police Division,35000266,Public Safety,36620,2024-01-01,5590.57
#42 Police Division,35000266,Public Safety,36620,2024-02-01,5311.27
#42 Police Division,35000266,Public Safety,36620,2024-03-01,4746.79
#42 Police Division,35000266,Public Safety,36620,2024-04-01,3855.66
#42 Police Division,35000266,Public Safety,36620,2024-05-01,2616.98
#42 Police Division,35000266,Public Safety,36620,2024-06-01,1608.23
#42 Police Division,35000266,Public Safety,36620,2024-07-01,3651.55
#42 Police Division,35000266,Public Safety,36620,2024-08-01,1553.59
#42 Police Division,35000266,Public Safety,36620,2024-09-01,2195.75
#42 Police Division,35000266,Public Safety,36620,2024-10-01,3532.81
#42 Police Division,35000266,Public Safety,36620,2024-11-01,4478.69
#42 Police Division,35000266,Public Safety,36620,2024-12-01,6135.73
#43 Police Division,35000267,Public Safety,55450,2024-01-01,11305.87
#43 Police Division,35000267,Public Safety,55450,2024-02-01,10576.46
#43 Police Division,35000267,Public Safety,55450,2024-03-01,8807.5
#43 Police Division,35000267,Public Safety,55450,2024-04-01,5634.04
#43 Police Division,35000267,Public Safety,55450,2024-05-01,2347.2
#43 Police Division,35000267,Public Safety,55450,2024-06-01,1084.94
#43 Police Division,35000267,Public Safety,55450,2024-07-01,1112.74
#43 Police Division,35000267,Public Safety,55450,2024-08-01,807.55
#43 Police Division,35000267,Public Safety,55450,2024-09-01,1310.79
#43 Police Division,35000267,Public Safety,55450,2024-10-01,4322.57
#43 Police Division,35000267,Public Safety,55450,2024-11-01,8037.8
#43 Police Division,35000267,Public Safety,55450,2024-12-01,8952.16
#33 Police Division,35000264,Public Safety,27889,2024-01-01,8346.6
#33 Police Division,35000264,Public Safety,27889,2024-02-01,5310.27
#33 Police Division,35000264,Public Safety,27889,2024-03-01,4672.52
#33 Police Division,35000264,Public Safety,27889,2024-04-01,1975.57
#33 Police Division,35000264,Public Safety,27889,2024-05-01,153.91
#33 Police Division,35000264,Public Safety,27889,2024-06-01,397.48
#33 Police Division,35000264,Public Safety,27889,2024-07-01,485.67
#33 Police Division,35000264,Public Safety,27889,2024-08-01,397.28
#33 Police Division,35000264,Public Safety,27889,2024-09-01,311.57
#33 Police Division,35000264,Public Safety,27889,2024-10-01,1901.86
#33 Police Division,35000264,Public Safety,27889,2024-11-01,5303.94
#33 Police Division,35000264,Public Safety,27889,2024-12-01,6644.7
#41 Police Division,35000265,Public Safety,51080,2024-01-01,14448.59
#41 Police Division,35000265,Public Safety,51080,2024-02-01,11755.55
#41 Police Division,35000265,Public Safety,51080,2024-03-01,8231.31
#41 Police Division,35000265,Public Safety,51080,2024-04-01,4218.92
#41 Police Division,35000265,Public Safety,51080,2024-05-01,1244.96
#41 Police Division,35000265,Public Safety,51080,2024-06-01,738.35
#41 Police Division,35000265,Public Safety,51080,2024-07-01,441.87
#41 Police Division,35000265,Public Safety,51080,2024-08-01,987.28
#41 Police Division,35000265,Public Safety,51080,2024-09-01,1006.4099999999999
#41 Police Division,35000265,Public Safety,51080,2024-10-01,3646.59
#41 Police Division,35000265,Public Safety,51080,2024-11-01,10200.0
#41 Police Division,35000265,Public Safety,51080,2024-12-01,14082.99
Danforth Coxwell Library,35000310,Education & Social Services,9617,2024-01-01,1567.26
Danforth Coxwell Library,35000310,Education & Social Services,9617,2024-02-01,1433.58
Danforth Coxwell Library,35000310,Education & Social Services,9617,2024-03-01,1231.97
Danforth Coxwell Library,35000310,Education & Social Services,9617,2024-04-01,866.18
Danforth Coxwell Library,35000310,Education & Social Services,9617,2024-05-01,370.07
Danforth Coxwell Library,35000310,Education & Social Services,9617,2024-06-01,7.0
Danforth Coxwell Library,35000310,Education & Social Services,9617,2024-07-01,8.93
Danforth Coxwell Library,35000310,Education & Social Services,9617,2024-08-01,16.14
Danforth Coxwell Library,35000310,Education & Social Services,9617,2024-09-01,18.33
Danforth Coxwell Library,35000310,Education & Social Services,9617,2024-10-01,197.67
Danforth Coxwell Library,35000310,Education & Social Services,9617,2024-11-01,967.36
Danforth Coxwell Library,35000310,Education & Social Services,9617,2024-12-01,1062.19
Cliffcrest Library,35000308,Education & Social Services,4859,2024-01-01,1219.07
Cliffcrest Library,35000308,Education & Social Services,4859,2024-02-01,1070.07
Cliffcrest Library,35000308,Education & Social Services,4859,2024-03-01,730.52
Cliffcrest Library,35000308,Education & Social Services,4859,2024-04-01,374.65
Cliffcrest Library,35000308,Education & Social Services,4859,2024-05-01,33.82
Cliffcrest Library,35000308,Education & Social Services,4859,2024-06-01,21.99
Cliffcrest Library,35000308,Education & Social Services,4859,2024-07-01,17.42
Cliffcrest Library,35000308,Education & Social Services,4859,2024-08-01,24.6
Cliffcrest Library,35000308,Education & Social Services,4859,2024-09-01,35.77
Cliffcrest Library,35000308,Education & Social Services,4859,2024-10-01,124.61
Cliffcrest Library,35000308,Education & Social Services,4859,2024-11-01,525.85
Cliffcrest Library,35000308,Education & Social Services,4859,2024-12-01,1338.94
College Shaw Library,35000309,Education & Social Services,7684,2024-01-01,5433.59
College Shaw Library,35000309,Education & Social Services,7684,2024-02-01,1633.41
College Shaw Library,35000309,Education & Social Services,7684,2024-03-01,1806.64
College Shaw Library,35000309,Education & Social Services,7684,2024-04-01,757.64
College Shaw Library,35000309,Education & Social Services,7684,2024-05-01,275.48
College Shaw Library,35000309,Education & Social Services,7684,2024-06-01,245.12000000000003
College Shaw Library,35000309,Education & Social Services,7684,2024-07-01,246.65
College Shaw Library,35000309,Education & Social Services,7684,2024-08-01,47.41
College Shaw Library,35000309,Education & Social Services,7684,2024-09-01,105.73
College Shaw Library,35000309,Education & Social Services,7684,2024-10-01,789.33
College Shaw Library,35000309,Education & Social Services,7684,2024-11-01,1234.95
College Shaw Library,35000309,Education & Social Services,7684,2024-12-01,2153.98
Cedarbrae Library,35000306,Education & Social Services,31506,2024-01-01,4744.74
Cedarbrae Library,35000306,Education & Social Services,31506,2024-02-01,3562.49
Cedarbrae Library,35000306,Education & Social Services,31506,2024-03-01,3077.01
Cedarbrae Library,35000306,Education & Social Services,31506,2024-04-01,1365.1
Cedarbrae Library,35000306,Education & Social Services,31506,2024-05-01,221.5
Cedarbrae Library,35000306,Education & Social Services,31506,2024-06-01,88.97
Cedarbrae Library,35000306,Education & Social Services,31506,2024-07-01,88.47
Cedarbrae Library,35000306,Education & Social Services,31506,2024-08-01,115.55
Cedarbrae Library,35000306,Education & Social Services,31506,2024-09-01,426.76
Cedarbrae Library,35000306,Education & Social Services,31506,2024-10-01,925.12
Cedarbrae Library,35000306,Education & Social Services,31506,2024-11-01,174.20689655172413
Cedarbrae Library,35000306,Education & Social Services,31506,2024-12-01,0.0
Brookbanks Library,35000305,Education & Social Services,7933,2024-01-01,2084.52
Brookbanks Library,35000305,Education & Social Services,7933,2024-02-01,1618.46
Brookbanks Library,35000305,Education & Social Services,7933,2024-03-01,1393.17
Brookbanks Library,35000305,Education & Social Services,7933,2024-04-01,699.91
Brookbanks Library,35000305,Education & Social Services,7933,2024-05-01,68.95
Brookbanks Library,35000305,Education & Social Services,7933,2024-06-01,0.33
Brookbanks Library,35000305,Education & Social Services,7933,2024-07-01,0.34
Brookbanks Library,35000305,Education & Social Services,7933,2024-08-01,0.2
Brookbanks Library,35000305,Education & Social Services,7933,2024-09-01,0.43
Brookbanks Library,35000305,Education & Social Services,7933,2024-10-01,378.57
Brookbanks Library,35000305,Education & Social Services,7933,2024-11-01,1179.52
Brookbanks Library,35000305,Education & Social Services,7933,2024-12-01,2277.21
Eatonville Library,35000318,Education & Social Services,12203,2024-01-01,3096.21
Eatonville Library,35000318,Education & Social Services,12203,2024-02-01,2437.97
Eatonville Library,35000318,Education & Social Services,12203,2024-03-01,1782.72
Eatonville Library,35000318,Education & Social Services,12203,2024-04-01,1187.22
Eatonville Library,35000318,Education & Social Services,12203,2024-05-01,622.14
Eatonville Library,35000318,Education & Social Services,12203,2024-06-01,302.35
Eatonville Library,35000318,Education & Social Services,12203,2024-07-01,103.97
Eatonville Library,35000318,Education & Social Services,12203,2024-08-01,387.93
Eatonville Library,35000318,Education & Social Services,12203,2024-09-01,509.25000000000006
Eatonville Library,35000318,Education & Social Services,12203,2024-10-01,973.81
Eatonville Library,35000318,Education & Social Services,12203,2024-11-01,1837.81
Eatonville Library,35000318,Education & Social Services,12203,2024-12-01,3716.86
Eglinton Square Library,35000319,Education & Social Services,10000,2024-01-01,2352.02
Eglinton Square Library,35000319,Education & Social Services,10000,2024-02-01,2402.2875
Eglinton Square Library,35000319,Education & Social Services,10000,2024-03-01,629.24
Eglinton Square Library,35000319,Education & Social Services,10000,2024-04-01,540.48
Eglinton Square Library,35000319,Education & Social Services,10000,2024-05-01,566.118125
Eglinton Square Library,35000319,Education & Social Services,10000,2024-06-01,7.870000000000001
Eglinton Square Library,35000319,Education & Social Services,10000,2024-07-01,23.62
Eglinton Square Library,35000319,Education & Social Services,10000,2024-08-01,40.15
Eglinton Square Library,35000319,Education & Social Services,10000,2024-09-01,71.46
Eglinton Square Library,35000319,Education & Social Services,10000,2024-10-01,442.39
Eglinton Square Library,35000319,Education & Social Services,10000,2024-11-01,1141.58
Eglinton Square Library,35000319,Education & Social Services,10000,2024-12-01,934.36
Dufferin St Clair Library,35000316,Education & Social Services,11208,2024-01-01,3146.91
Dufferin St Clair Library,35000316,Education & Social Services,11208,2024-02-01,2027.7599999999998
Dufferin St Clair Library,35000316,Education & Social Services,11208,2024-03-01,1603.82
Dufferin St Clair Library,35000316,Education & Social Services,11208,2024-04-01,1467.04
Dufferin St Clair Library,35000316,Education & Social Services,11208,2024-05-01,310.01
Dufferin St Clair Library,35000316,Education & Social Services,11208,2024-06-01,221.06
Dufferin St Clair Library,35000316,Education & Social Services,11208,2024-07-01,240.77
Dufferin St Clair Library,35000316,Education & Social Services,11208,2024-08-01,1276.8
Dufferin St Clair Library,35000316,Education & Social Services,11208,2024-09-01,632.64
Dufferin St Clair Library,35000316,Education & Social Services,11208,2024-10-01,993.2
Dufferin St Clair Library,35000316,Education & Social Services,11208,2024-11-01,2214.61
Dufferin St Clair Library,35000316,Education & Social Services,11208,2024-12-01,4315.3
East Service Building,35000317,Education & Social Services,20040,2024-01-01,11378.75
East Service Building,35000317,Education & Social Services,20040,2024-02-01,8531.46
East Service Building,35000317,Education & Social Services,20040,2024-03-01,6609.02
East Service Building,35000317,Education & Social Services,20040,2024-04-01,3395.18
East Service Building,35000317,Education & Social Services,20040,2024-05-01,314.24
East Service Building,35000317,Education & Social Services,20040,2024-06-01,117.9
East Service Building,35000317,Education & Social Services,20040,2024-07-01,89.38
East Service Building,35000317,Education & Social Services,20040,2024-08-01,409.04
East Service Building,35000317,Education & Social Services,20040,2024-09-01,413.21
East Service Building,35000317,Education & Social Services,20040,2024-10-01,1649.32
East Service Building,35000317,Education & Social Services,20040,2024-11-01,4620.31
East Service Building,35000317,Education & Social Services,20040,2024-12-01,10009.38
Don Mills Library,35000314,Education & Social Services,21563,2024-01-01,4044.56
Don Mills Library,35000314,Education & Social Services,21563,2024-02-01,3403.6
Don Mills Library,35000314,Education & Social Services,21563,2024-03-01,2851.04
Don Mills Library,35000314,Education & Social Services,21563,2024-04-01,1538.04
Don Mills Library,35000314,Education & Social Services,21563,2024-05-01,267.01
Don Mills Library,35000314,Education & Social Services,21563,2024-06-01,72.9
Don Mills Library,35000314,Education & Social Services,21563,2024-07-01,81.71
Don Mills Library,35000314,Education & Social Services,21563,2024-08-01,67.08
Don Mills Library,35000314,Education & Social Services,21563,2024-09-01,64.58
Don Mills Library,35000314,Education & Social Services,21563,2024-10-01,478.71
Don Mills Library,35000314,Education & Social Services,21563,2024-11-01,2252.79
Don Mills Library,35000314,Education & Social Services,21563,2024-12-01,4023.4999999999995
Downsview Library,35000315,Education & Social Services,20016,2024-01-01,3679.9
Downsview Library,35000315,Education & Social Services,20016,2024-02-01,3116.37
Downsview Library,35000315,Education & Social Services,20016,2024-03-01,2822.44
Downsview Library,35000315,Education & Social Services,20016,2024-04-01,1511.1
Downsview Library,35000315,Education & Social Services,20016,2024-05-01,207.44
Downsview Library,35000315,Education & Social Services,20016,2024-06-01,177.41
Downsview Library,35000315,Education & Social Services,20016,2024-07-01,59.29
Downsview Library,35000315,Education & Social Services,20016,2024-08-01,45.0
Downsview Library,35000315,Education & Social Services,20016,2024-09-01,551.92
Downsview Library,35000315,Education & Social Services,20016,2024-10-01,1032.32
Downsview Library,35000315,Education & Social Services,20016,2024-11-01,1867.91
Downsview Library,35000315,Education & Social Services,20016,2024-12-01,5490.3
Deer Park Library,35000313,Education & Social Services,16558,2024-01-01,6999.01
Deer Park Library,35000313,Education & Social Services,16558,2024-02-01,5146.92
Deer Park Library,35000313,Education & Social Services,16558,2024-03-01,6686.54
Deer Park Library,35000313,Education & Social Services,16558,2024-04-01,3252.38
Deer Park Library,35000313,Education & Social Services,16558,2024-05-01,2475.46
Deer Park Library,35000313,Education & Social Services,16558,2024-06-01,2384.04
Deer Park Library,35000313,Education & Social Services,16558,2024-07-01,1611.78
Deer Park Library,35000313,Education & Social Services,16558,2024-08-01,0.0
Deer Park Library,35000313,Education & Social Services,16558,2024-09-01,380.55
Deer Park Library,35000313,Education & Social Services,16558,2024-10-01,1647.78
Deer Park Library,35000313,Education & Social Services,16558,2024-11-01,1868.4
Deer Park Library,35000313,Education & Social Services,16558,2024-12-01,4085.3349999999996
Albion Library,35000294,Education & Social Services,29000,2024-01-01,7064.14
Albion Library,35000294,Education & Social Services,29000,2024-02-01,4470.93
Albion Library,35000294,Education & Social Services,29000,2024-03-01,3721.04
Albion Library,35000294,Education & Social Services,29000,2024-04-01,1997.6799999999998
Albion Library,35000294,Education & Social Services,29000,2024-05-01,410.47
Albion Library,35000294,Education & Social Services,29000,2024-06-01,272.16
Albion Library,35000294,Education & Social Services,29000,2024-07-01,161.5
Albion Library,35000294,Education & Social Services,29000,2024-08-01,249.59999999999997
Albion Library,35000294,Education & Social Services,29000,2024-09-01,360.0
Albion Library,35000294,Education & Social Services,29000,2024-10-01,1452.14
Albion Library,35000294,Education & Social Services,29000,2024-11-01,2552.69
Albion Library,35000294,Education & Social Services,29000,2024-12-01,3391.18
Amesbury Park Library,35000295,Education & Social Services,6320,2024-01-01,1997.7099999999998
Amesbury Park Library,35000295,Education & Social Services,6320,2024-02-01,1377.81
Amesbury Park Library,35000295,Education & Social Services,6320,2024-03-01,1313.1
Amesbury Park Library,35000295,Education & Social Services,6320,2024-04-01,574.96
Amesbury Park Library,35000295,Education & Social Services,6320,2024-05-01,47.02
Amesbury Park Library,35000295,Education & Social Services,6320,2024-06-01,30.23
Amesbury Park Library,35000295,Education & Social Services,6320,2024-07-01,34.11
Amesbury Park Library,35000295,Education & Social Services,6320,2024-08-01,689.95
Amesbury Park Library,35000295,Education & Social Services,6320,2024-09-01,163.4
Amesbury Park Library,35000295,Education & Social Services,6320,2024-10-01,313.97
Amesbury Park Library,35000295,Education & Social Services,6320,2024-11-01,1025.54
Amesbury Park Library,35000295,Education & Social Services,6320,2024-12-01,1989.9899999999998
Agincourt Library,35000292,Education & Social Services,27000,2024-01-01,1085.2
Agincourt Library,35000292,Education & Social Services,27000,2024-02-01,563.43
Agincourt Library,35000292,Education & Social Services,27000,2024-03-01,480.12
Agincourt Library,35000292,Education & Social Services,27000,2024-04-01,251.34
Agincourt Library,35000292,Education & Social Services,27000,2024-05-01,21.5
Agincourt Library,35000292,Education & Social Services,27000,2024-06-01,20.0
Agincourt Library,35000292,Education & Social Services,27000,2024-07-01,0.0
Agincourt Library,35000292,Education & Social Services,27000,2024-08-01,0.0
Agincourt Library,35000292,Education & Social Services,27000,2024-09-01,0.0
Agincourt Library,35000292,Education & Social Services,27000,2024-10-01,156.56
Agincourt Library,35000292,Education & Social Services,27000,2024-11-01,401.33
Agincourt Library,35000292,Education & Social Services,27000,2024-12-01,928.55
Albert Campbell Library,35000293,Education & Social Services,26100,2024-01-01,3036.09
Albert Campbell Library,35000293,Education & Social Services,26100,2024-02-01,2524.0
Albert Campbell Library,35000293,Education & Social Services,26100,2024-03-01,2452.09
Albert Campbell Library,35000293,Education & Social Services,26100,2024-04-01,2339.87
Albert Campbell Library,35000293,Education & Social Services,26100,2024-05-01,1701.4
Albert Campbell Library,35000293,Education & Social Services,26100,2024-06-01,133.44
Albert Campbell Library,35000293,Education & Social Services,26100,2024-07-01,182.08
Albert Campbell Library,35000293,Education & Social Services,26100,2024-08-01,90.7
Albert Campbell Library,35000293,Education & Social Services,26100,2024-09-01,89.87
Albert Campbell Library,35000293,Education & Social Services,26100,2024-10-01,1163.11
Albert Campbell Library,35000293,Education & Social Services,26100,2024-11-01,2160.52
Albert Campbell Library,35000293,Education & Social Services,26100,2024-12-01,3129.35
"Radio, Electronics and Telecom",35000290,Public Safety,18000,2024-01-01,13.5
"Radio, Electronics and Telecom",35000290,Public Safety,18000,2024-02-01,4.05
"Radio, Electronics and Telecom",35000290,Public Safety,18000,2024-03-01,4.0
"Radio, Electronics and Telecom",35000290,Public Safety,18000,2024-04-01,0.39
"Radio, Electronics and Telecom",35000290,Public Safety,18000,2024-05-01,0.0
"Radio, Electronics and Telecom",35000290,Public Safety,18000,2024-06-01,0.0
"Radio, Electronics and Telecom",35000290,Public Safety,18000,2024-07-01,0.0
"Radio, Electronics and Telecom",35000290,Public Safety,18000,2024-08-01,0.0
"Radio, Electronics and Telecom",35000290,Public Safety,18000,2024-09-01,0.0
"Radio, Electronics and Telecom",35000290,Public Safety,18000,2024-10-01,17.65
"Radio, Electronics and Telecom",35000290,Public Safety,18000,2024-11-01,53.28
"Radio, Electronics and Telecom",35000290,Public Safety,18000,2024-12-01,172.92
Traffic Services and Garage,35000291,Public Safety,297988,2024-01-01,80698.72
Traffic Services and Garage,35000291,Public Safety,297988,2024-02-01,67066.0
Traffic Services and Garage,35000291,Public Safety,297988,2024-03-01,62171.53333333333
Traffic Services and Garage,35000291,Public Safety,297988,2024-04-01,49914.28
Traffic Services and Garage,35000291,Public Safety,297988,2024-05-01,7496.07
Traffic Services and Garage,35000291,Public Safety,297988,2024-06-01,1934.4199999999998
Traffic Services and Garage,35000291,Public Safety,297988,2024-07-01,611.09
Traffic Services and Garage,35000291,Public Safety,297988,2024-08-01,719.6
Traffic Services and Garage,35000291,Public Safety,297988,2024-09-01,1700.97
Traffic Services and Garage,35000291,Public Safety,297988,2024-10-01,22751.17
Traffic Services and Garage,35000291,Public Safety,297988,2024-11-01,58543.8
Traffic Services and Garage,35000291,Public Safety,297988,2024-12-01,92043.9
Property Evidence Unit,35000288,Public Safety,287752,2024-01-01,39845.33
Property Evidence Unit,35000288,Public Safety,287752,2024-02-01,31442.98
Property Evidence Unit,35000288,Public Safety,287752,2024-03-01,27205.69
Property Evidence Unit,35000288,Public Safety,287752,2024-04-01,17150.63
Property Evidence Unit,35000288,Public Safety,287752,2024-05-01,7412.38
Property Evidence Unit,35000288,Public Safety,287752,2024-06-01,3354.38
Property Evidence Unit,35000288,Public Safety,287752,2024-07-01,1348.63
Property Evidence Unit,35000288,Public Safety,287752,2024-08-01,249.88
Property Evidence Unit,35000288,Public Safety,287752,2024-09-01,388.52
Property Evidence Unit,35000288,Public Safety,287752,2024-10-01,4907.95
Property Evidence Unit,35000288,Public Safety,287752,2024-11-01,11483.45
Property Evidence Unit,35000288,Public Safety,287752,2024-12-01,31877.969999999998
Bloor Gladstone Library,35000302,Education & Social Services,20627,2024-01-01,6779.3
Bloor Gladstone Library,35000302,Education & Social Services,20627,2024-02-01,4958.75
Bloor Gladstone Library,35000302,Education & Social Services,20627,2024-03-01,3149.0
Bloor Gladstone Library,35000302,Education & Social Services,20627,2024-04-01,1965.46
Bloor Gladstone Library,35000302,Education & Social Services,20627,2024-05-01,268.47
Bloor Gladstone Library,35000302,Education & Social Services,20627,2024-06-01,224.05
Bloor Gladstone Library,35000302,Education & Social Services,20627,2024-07-01,231.39
Bloor Gladstone Library,35000302,Education & Social Services,20627,2024-08-01,103.94
Bloor Gladstone Library,35000302,Education & Social Services,20627,2024-09-01,626.71
Bloor Gladstone Library,35000302,Education & Social Services,20627,2024-10-01,1273.0
Bloor Gladstone Library,35000302,Education & Social Services,20627,2024-11-01,3738.0
Bloor Gladstone Library,35000302,Education & Social Services,20627,2024-12-01,5573.08
Brentwood Library,35000303,Education & Social Services,17500,2024-01-01,5457.73
Brentwood Library,35000303,Education & Social Services,17500,2024-02-01,3052.9
Brentwood Library,35000303,Education & Social Services,17500,2024-03-01,2700.59
Brentwood Library,35000303,Education & Social Services,17500,2024-04-01,1716.6
Brentwood Library,35000303,Education & Social Services,17500,2024-05-01,272.4
Brentwood Library,35000303,Education & Social Services,17500,2024-06-01,65.08
Brentwood Library,35000303,Education & Social Services,17500,2024-07-01,60.23
Brentwood Library,35000303,Education & Social Services,17500,2024-08-01,56.88
Brentwood Library,35000303,Education & Social Services,17500,2024-09-01,118.0
Brentwood Library,35000303,Education & Social Services,17500,2024-10-01,1729.6
Brentwood Library,35000303,Education & Social Services,17500,2024-11-01,2578.39
Brentwood Library,35000303,Education & Social Services,17500,2024-12-01,3675.51
Bendale Library,35000300,Education & Social Services,8500,2024-01-01,1568.78
Bendale Library,35000300,Education & Social Services,8500,2024-02-01,1370.77
Bendale Library,35000300,Education & Social Services,8500,2024-03-01,1465.31
Bendale Library,35000300,Education & Social Services,8500,2024-04-01,1418.04
Bendale Library,35000300,Education & Social Services,8500,2024-05-01,1465.31
Bendale Library,35000300,Education & Social Services,8500,2024-06-01,805.23
Bendale Library,35000300,Education & Social Services,8500,2024-07-01,4.0
Bendale Library,35000300,Education & Social Services,8500,2024-08-01,50.14
Bendale Library,35000300,Education & Social Services,8500,2024-09-01,360.5
Bendale Library,35000300,Education & Social Services,8500,2024-10-01,734.43
Bendale Library,35000300,Education & Social Services,8500,2024-11-01,1192.18
Bendale Library,35000300,Education & Social Services,8500,2024-12-01,1433.3
Black Creek Library,35000301,Education & Social Services,5782,2024-01-01,771.59
Black Creek Library,35000301,Education & Social Services,5782,2024-02-01,675.24
Black Creek Library,35000301,Education & Social Services,5782,2024-03-01,616.99
Black Creek Library,35000301,Education & Social Services,5782,2024-04-01,206.02
Black Creek Library,35000301,Education & Social Services,5782,2024-05-01,34.99
Black Creek Library,35000301,Education & Social Services,5782,2024-06-01,0.52
Black Creek Library,35000301,Education & Social Services,5782,2024-07-01,0.89
Black Creek Library,35000301,Education & Social Services,5782,2024-08-01,0.18
Black Creek Library,35000301,Education & Social Services,5782,2024-09-01,0.81
Black Creek Library,35000301,Education & Social Services,5782,2024-10-01,3.64
Black Creek Library,35000301,Education & Social Services,5782,2024-11-01,479.0
Black Creek Library,35000301,Education & Social Services,5782,2024-12-01,655.86
Beaches Library,35000299,Education & Social Services,8000,2024-01-01,2114.92
Beaches Library,35000299,Education & Social Services,8000,2024-02-01,1734.71
Beaches Library,35000299,Education & Social Services,8000,2024-03-01,1296.83
Beaches Library,35000299,Education & Social Services,8000,2024-04-01,671.2
Beaches Library,35000299,Education & Social Services,8000,2024-05-01,200.18
Beaches Library,35000299,Education & Social Services,8000,2024-06-01,306.84
Beaches Library,35000299,Education & Social Services,8000,2024-07-01,18.21
Beaches Library,35000299,Education & Social Services,8000,2024-08-01,65.17
Beaches Library,35000299,Education & Social Services,8000,2024-09-01,139.16
Beaches Library,35000299,Education & Social Services,8000,2024-10-01,275.89
Beaches Library,35000299,Education & Social Services,8000,2024-11-01,999.1200000000001
Beaches Library,35000299,Education & Social Services,8000,2024-12-01,2109.67
Annette Street Library,35000296,Education & Social Services,7806,2024-01-01,1804.25
Annette Street Library,35000296,Education & Social Services,7806,2024-02-01,491.67999999999995
Annette Street Library,35000296,Education & Social Services,7806,2024-03-01,1172.46
Annette Street Library,35000296,Education & Social Services,7806,2024-04-01,551.17
Annette Street Library,35000296,Education & Social Services,7806,2024-05-01,60.44
Annette Street Library,35000296,Education & Social Services,7806,2024-06-01,0.0
Annette Street Library,35000296,Education & Social Services,7806,2024-07-01,4.1
Annette Street Library,35000296,Education & Social Services,7806,2024-08-01,5.78
Annette Street Library,35000296,Education & Social Services,7806,2024-09-01,5.38
Annette Street Library,35000296,Education & Social Services,7806,2024-10-01,5.5
Annette Street Library,35000296,Education & Social Services,7806,2024-11-01,943.58
Annette Street Library,35000296,Education & Social Services,7806,2024-12-01,2362.07
Barbara Frum Library,35000297,Education & Social Services,39223,2024-01-01,6316.79
Barbara Frum Library,35000297,Education & Social Services,39223,2024-02-01,5045.94
Barbara Frum Library,35000297,Education & Social Services,39223,2024-03-01,4514.97
Barbara Frum Library,35000297,Education & Social Services,39223,2024-04-01,3030.57
Barbara Frum Library,35000297,Education & Social Services,39223,2024-05-01,383.41
Barbara Frum Library,35000297,Education & Social Services,39223,2024-06-01,208.79
Barbara Frum Library,35000297,Education & Social Services,39223,2024-07-01,224.82
Barbara Frum Library,35000297,Education & Social Services,39223,2024-08-01,225.18
Barbara Frum Library,35000297,Education & Social Services,39223,2024-09-01,221.63
Barbara Frum Library,35000297,Education & Social Services,39223,2024-10-01,2055.14
Barbara Frum Library,35000297,Education & Social Services,39223,2024-11-01,3694.84
Barbara Frum Library,35000297,Education & Social Services,39223,2024-12-01,6015.39
Fire Station 134,34999318,Public Safety,7126,2024-01-01,2339.09
Fire Station 134,34999318,Public Safety,7126,2024-02-01,1828.59
Fire Station 134,34999318,Public Safety,7126,2024-03-01,1476.78
Fire Station 134,34999318,Public Safety,7126,2024-04-01,781.06
Fire Station 134,34999318,Public Safety,7126,2024-05-01,131.33
Fire Station 134,34999318,Public Safety,7126,2024-06-01,89.32
Fire Station 134,34999318,Public Safety,7126,2024-07-01,91.66
Fire Station 134,34999318,Public Safety,7126,2024-08-01,74.65
Fire Station 134,34999318,Public Safety,7126,2024-09-01,94.29
Fire Station 134,34999318,Public Safety,7126,2024-10-01,564.84
Fire Station 134,34999318,Public Safety,7126,2024-11-01,1252.67
Fire Station 134,34999318,Public Safety,7126,2024-12-01,2207.89
Fire Station 135,34999319,Public Safety,12718,2024-01-01,3390.23
Fire Station 135,34999319,Public Safety,12718,2024-02-01,2831.43
Fire Station 135,34999319,Public Safety,12718,2024-03-01,2186.84
Fire Station 135,34999319,Public Safety,12718,2024-04-01,1373.43
Fire Station 135,34999319,Public Safety,12718,2024-05-01,312.09
Fire Station 135,34999319,Public Safety,12718,2024-06-01,204.22
Fire Station 135,34999319,Public Safety,12718,2024-07-01,351.66
Fire Station 135,34999319,Public Safety,12718,2024-08-01,163.32
Fire Station 135,34999319,Public Safety,12718,2024-09-01,144.08
Fire Station 135,34999319,Public Safety,12718,2024-10-01,2617.79
Fire Station 135,34999319,Public Safety,12718,2024-11-01,2046.41
Fire Station 135,34999319,Public Safety,12718,2024-12-01,670.66
Fire Station 132,34999316,Public Safety,7664,2024-01-01,2956.02
Fire Station 132,34999316,Public Safety,7664,2024-02-01,2298.05
Fire Station 132,34999316,Public Safety,7664,2024-03-01,2088.33
Fire Station 132,34999316,Public Safety,7664,2024-04-01,1294.32
Fire Station 132,34999316,Public Safety,7664,2024-05-01,318.04
Fire Station 132,34999316,Public Safety,7664,2024-06-01,123.78999999999999
Fire Station 132,34999316,Public Safety,7664,2024-07-01,180.0
Fire Station 132,34999316,Public Safety,7664,2024-08-01,151.96
Fire Station 132,34999316,Public Safety,7664,2024-09-01,94.47
Fire Station 132,34999316,Public Safety,7664,2024-10-01,623.03
Fire Station 132,34999316,Public Safety,7664,2024-11-01,1816.31
Fire Station 132,34999316,Public Safety,7664,2024-12-01,3180.64
Fire Station 133,34999317,Public Safety,8062,2024-01-01,3190.93
Fire Station 133,34999317,Public Safety,8062,2024-02-01,1616.87
Fire Station 133,34999317,Public Safety,8062,2024-03-01,1485.73
Fire Station 133,34999317,Public Safety,8062,2024-04-01,921.37
Fire Station 133,34999317,Public Safety,8062,2024-05-01,173.55
Fire Station 133,34999317,Public Safety,8062,2024-06-01,167.35
Fire Station 133,34999317,Public Safety,8062,2024-07-01,206.34
Fire Station 133,34999317,Public Safety,8062,2024-08-01,165.12
Fire Station 133,34999317,Public Safety,8062,2024-09-01,100.33
Fire Station 133,34999317,Public Safety,8062,2024-10-01,570.97
Fire Station 133,34999317,Public Safety,8062,2024-11-01,1319.86
Fire Station 133,34999317,Public Safety,8062,2024-12-01,2737.51
Fire Station 125,34999314,Public Safety,5813,2024-01-01,2120.91
Fire Station 125,34999314,Public Safety,5813,2024-02-01,1304.92
Fire Station 125,34999314,Public Safety,5813,2024-03-01,1101.08
Fire Station 125,34999314,Public Safety,5813,2024-04-01,884.9
Fire Station 125,34999314,Public Safety,5813,2024-05-01,325.1
Fire Station 125,34999314,Public Safety,5813,2024-06-01,125.77
Fire Station 125,34999314,Public Safety,5813,2024-07-01,112.23
Fire Station 125,34999314,Public Safety,5813,2024-08-01,113.58
Fire Station 125,34999314,Public Safety,5813,2024-09-01,110.75
Fire Station 125,34999314,Public Safety,5813,2024-10-01,283.92
Fire Station 125,34999314,Public Safety,5813,2024-11-01,924.41
Fire Station 125,34999314,Public Safety,5813,2024-12-01,1292.28
Fire Station 131,34999315,Public Safety,5845,2024-01-01,2169.91
Fire Station 131,34999315,Public Safety,5845,2024-02-01,1653.12
Fire Station 131,34999315,Public Safety,5845,2024-03-01,1354.9
Fire Station 131,34999315,Public Safety,5845,2024-04-01,825.62
Fire Station 131,34999315,Public Safety,5845,2024-05-01,141.04
Fire Station 131,34999315,Public Safety,5845,2024-06-01,30.48
Fire Station 131,34999315,Public Safety,5845,2024-07-01,32.28
Fire Station 131,34999315,Public Safety,5845,2024-08-01,23.84
Fire Station 131,34999315,Public Safety,5845,2024-09-01,18.89
Fire Station 131,34999315,Public Safety,5845,2024-10-01,546.09
Fire Station 131,34999315,Public Safety,5845,2024-11-01,1125.29
Fire Station 131,34999315,Public Safety,5845,2024-12-01,1730.57
Fire Station 122,34999312,Public Safety,3046,2024-01-01,2755.5
Fire Station 122,34999312,Public Safety,3046,2024-02-01,2348.53
Fire Station 122,34999312,Public Safety,3046,2024-03-01,1866.34
Fire Station 122,34999312,Public Safety,3046,2024-04-01,1247.3
Fire Station 122,34999312,Public Safety,3046,2024-05-01,190.19
Fire Station 122,34999312,Public Safety,3046,2024-06-01,265.43
Fire Station 122,34999312,Public Safety,3046,2024-07-01,95.07
Fire Station 122,34999312,Public Safety,3046,2024-08-01,67.64
Fire Station 122,34999312,Public Safety,3046,2024-09-01,16.73
Fire Station 122,34999312,Public Safety,3046,2024-10-01,520.04
Fire Station 122,34999312,Public Safety,3046,2024-11-01,1226.41
Fire Station 122,34999312,Public Safety,3046,2024-12-01,1992.3
Fire Station 123,34999313,Public Safety,2497,2024-01-01,3118.84
Fire Station 123,34999313,Public Safety,2497,2024-02-01,2437.79
Fire Station 123,34999313,Public Safety,2497,2024-03-01,2074.84
Fire Station 123,34999313,Public Safety,2497,2024-04-01,1245.68
Fire Station 123,34999313,Public Safety,2497,2024-05-01,240.58
Fire Station 123,34999313,Public Safety,2497,2024-06-01,112.25
Fire Station 123,34999313,Public Safety,2497,2024-07-01,531.89
Fire Station 123,34999313,Public Safety,2497,2024-08-01,311.05
Fire Station 123,34999313,Public Safety,2497,2024-09-01,55.99
Fire Station 123,34999313,Public Safety,2497,2024-10-01,611.68
Fire Station 123,34999313,Public Safety,2497,2024-11-01,1604.56
Fire Station 123,34999313,Public Safety,2497,2024-12-01,2990.51
Fire Station 146,34999326,Public Safety,7535,2024-01-01,2773.7
Fire Station 146,34999326,Public Safety,7535,2024-02-01,2212.01
Fire Station 146,34999326,Public Safety,7535,2024-03-01,1844.58
Fire Station 146,34999326,Public Safety,7535,2024-04-01,922.82
Fire Station 146,34999326,Public Safety,7535,2024-05-01,158.53
Fire Station 146,34999326,Public Safety,7535,2024-06-01,105.86
Fire Station 146,34999326,Public Safety,7535,2024-07-01,99.7
Fire Station 146,34999326,Public Safety,7535,2024-08-01,85.2
Fire Station 146,34999326,Public Safety,7535,2024-09-01,182.77
Fire Station 146,34999326,Public Safety,7535,2024-10-01,835.15
Fire Station 146,34999326,Public Safety,7535,2024-11-01,1511.03
Fire Station 146,34999326,Public Safety,7535,2024-12-01,2650.27
Fire Station 211/TPS Station #27,34999327,Public Safety,5005,2024-01-01,1657.71
Fire Station 211/TPS Station #27,34999327,Public Safety,5005,2024-02-01,1789.54
Fire Station 211/TPS Station #27,34999327,Public Safety,5005,2024-03-01,1824.17
Fire Station 211/TPS Station #27,34999327,Public Safety,5005,2024-04-01,1059.74
Fire Station 211/TPS Station #27,34999327,Public Safety,5005,2024-05-01,307.27
Fire Station 211/TPS Station #27,34999327,Public Safety,5005,2024-06-01,185.06
Fire Station 211/TPS Station #27,34999327,Public Safety,5005,2024-07-01,147.92
Fire Station 211/TPS Station #27,34999327,Public Safety,5005,2024-08-01,134.08
Fire Station 211/TPS Station #27,34999327,Public Safety,5005,2024-09-01,153.69
Fire Station 211/TPS Station #27,34999327,Public Safety,5005,2024-10-01,696.86
Fire Station 211/TPS Station #27,34999327,Public Safety,5005,2024-11-01,1373.46
Fire Station 211/TPS Station #27,34999327,Public Safety,5005,2024-12-01,670.29
Fire Station 144,34999324,Public Safety,12917,2024-01-01,3931.92
Fire Station 144,34999324,Public Safety,12917,2024-02-01,2884.74
Fire Station 144,34999324,Public Safety,12917,2024-03-01,3305.32
Fire Station 144,34999324,Public Safety,12917,2024-04-01,1845.18
Fire Station 144,34999324,Public Safety,12917,2024-05-01,535.44
Fire Station 144,34999324,Public Safety,12917,2024-06-01,326.79
Fire Station 144,34999324,Public Safety,12917,2024-07-01,190.76
Fire Station 144,34999324,Public Safety,12917,2024-08-01,176.7
Fire Station 144,34999324,Public Safety,12917,2024-09-01,168.98
Fire Station 144,34999324,Public Safety,12917,2024-10-01,1109.91
Fire Station 144,34999324,Public Safety,12917,2024-11-01,2885.13
Fire Station 144,34999324,Public Safety,12917,2024-12-01,5347.82
Fire Station 145,34999325,Public Safety,11001,2024-01-01,4843.26
Fire Station 145,34999325,Public Safety,11001,2024-02-01,3827.5399999999995
Fire Station 145,34999325,Public Safety,11001,2024-03-01,3852.9
Fire Station 145,34999325,Public Safety,11001,2024-04-01,2227.33
Fire Station 145,34999325,Public Safety,11001,2024-05-01,582.88
Fire Station 145,34999325,Public Safety,11001,2024-06-01,228.01
Fire Station 145,34999325,Public Safety,11001,2024-07-01,167.94
Fire Station 145,34999325,Public Safety,11001,2024-08-01,164.44
Fire Station 145,34999325,Public Safety,11001,2024-09-01,294.9
Fire Station 145,34999325,Public Safety,11001,2024-10-01,1313.51
Fire Station 145,34999325,Public Safety,11001,2024-11-01,2719.65
Fire Station 145,34999325,Public Safety,11001,2024-12-01,4675.26
Fire Station 142/TPS Station #15,34999322,Public Safety,5586,2024-01-01,5284.37
Fire Station 142/TPS Station #15,34999322,Public Safety,5586,2024-02-01,3476.85
Fire Station 142/TPS Station #15,34999322,Public Safety,5586,2024-03-01,2789.96
Fire Station 142/TPS Station #15,34999322,Public Safety,5586,2024-04-01,1596.2
Fire Station 142/TPS Station #15,34999322,Public Safety,5586,2024-05-01,364.0
Fire Station 142/TPS Station #15,34999322,Public Safety,5586,2024-06-01,235.37
Fire Station 142/TPS Station #15,34999322,Public Safety,5586,2024-07-01,259.66
Fire Station 142/TPS Station #15,34999322,Public Safety,5586,2024-08-01,233.49
Fire Station 142/TPS Station #15,34999322,Public Safety,5586,2024-09-01,392.73
Fire Station 142/TPS Station #15,34999322,Public Safety,5586,2024-10-01,1153.86
Fire Station 142/TPS Station #15,34999322,Public Safety,5586,2024-11-01,2237.73
Fire Station 142/TPS Station #15,34999322,Public Safety,5586,2024-12-01,4097.92
Fire Station 143,34999323,Public Safety,2895,2024-01-01,3403.99
Fire Station 143,34999323,Public Safety,2895,2024-02-01,2568.91
Fire Station 143,34999323,Public Safety,2895,2024-03-01,2086.62
Fire Station 143,34999323,Public Safety,2895,2024-04-01,1392.9
Fire Station 143,34999323,Public Safety,2895,2024-05-01,175.37
Fire Station 143,34999323,Public Safety,2895,2024-06-01,129.48
Fire Station 143,34999323,Public Safety,2895,2024-07-01,130.18
Fire Station 143,34999323,Public Safety,2895,2024-08-01,144.44
Fire Station 143,34999323,Public Safety,2895,2024-09-01,185.23
Fire Station 143,34999323,Public Safety,2895,2024-10-01,925.95
Fire Station 143,34999323,Public Safety,2895,2024-11-01,2013.2400000000002
Fire Station 143,34999323,Public Safety,2895,2024-12-01,2957.83
Fire Station 141,34999321,Public Safety,12500,2024-01-01,6912.95
Fire Station 141,34999321,Public Safety,12500,2024-02-01,5323.25
Fire Station 141,34999321,Public Safety,12500,2024-03-01,4322.78
Fire Station 141,34999321,Public Safety,12500,2024-04-01,2616.2
Fire Station 141,34999321,Public Safety,12500,2024-05-01,631.1
Fire Station 141,34999321,Public Safety,12500,2024-06-01,299.59
Fire Station 141,34999321,Public Safety,12500,2024-07-01,172.39
Fire Station 141,34999321,Public Safety,12500,2024-08-01,211.55
Fire Station 141,34999321,Public Safety,12500,2024-09-01,289.05
Fire Station 141,34999321,Public Safety,12500,2024-10-01,1284.58
Fire Station 141,34999321,Public Safety,12500,2024-11-01,2984.25
Fire Station 141,34999321,Public Safety,12500,2024-12-01,5403.75
Fire Academy,34999302,Public Safety,61214,2024-01-01,22362.97
Fire Academy,34999302,Public Safety,61214,2024-02-01,18171.09
Fire Academy,34999302,Public Safety,61214,2024-03-01,16383.47
Fire Academy,34999302,Public Safety,61214,2024-04-01,11137.82
Fire Academy,34999302,Public Safety,61214,2024-05-01,4293.28
Fire Academy,34999302,Public Safety,61214,2024-06-01,1724.43
Fire Academy,34999302,Public Safety,61214,2024-07-01,807.24
Fire Academy,34999302,Public Safety,61214,2024-08-01,713.98
Fire Academy,34999302,Public Safety,61214,2024-09-01,823.18
Fire Academy,34999302,Public Safety,61214,2024-10-01,5826.0
Fire Academy,34999302,Public Safety,61214,2024-11-01,11482.56
Fire Academy,34999302,Public Safety,61214,2024-12-01,20187.27
Fire Museum And Storage,34999303,Public Safety,3272,2024-01-01,2390.62
Fire Museum And Storage,34999303,Public Safety,3272,2024-02-01,2168.57
Fire Museum And Storage,34999303,Public Safety,3272,2024-03-01,2120.81
Fire Museum And Storage,34999303,Public Safety,3272,2024-04-01,1299.8
Fire Museum And Storage,34999303,Public Safety,3272,2024-05-01,493.21
Fire Museum And Storage,34999303,Public Safety,3272,2024-06-01,15.94
Fire Museum And Storage,34999303,Public Safety,3272,2024-07-01,20.4
Fire Museum And Storage,34999303,Public Safety,3272,2024-08-01,13.79
Fire Museum And Storage,34999303,Public Safety,3272,2024-09-01,20.39
Fire Museum And Storage,34999303,Public Safety,3272,2024-10-01,1016.28
Fire Museum And Storage,34999303,Public Safety,3272,2024-11-01,1608.45
Fire Museum And Storage,34999303,Public Safety,3272,2024-12-01,2178.21
Fire Station 116,34999310,Public Safety,11776,2024-01-01,4153.38
Fire Station 116,34999310,Public Safety,11776,2024-02-01,3350.87
Fire Station 116,34999310,Public Safety,11776,2024-03-01,2802.67
Fire Station 116,34999310,Public Safety,11776,2024-04-01,1584.14
Fire Station 116,34999310,Public Safety,11776,2024-05-01,339.93
Fire Station 116,34999310,Public Safety,11776,2024-06-01,198.64
Fire Station 116,34999310,Public Safety,11776,2024-07-01,181.87
Fire Station 116,34999310,Public Safety,11776,2024-08-01,181.88
Fire Station 116,34999310,Public Safety,11776,2024-09-01,124.57
Fire Station 116,34999310,Public Safety,11776,2024-10-01,767.08
Fire Station 116,34999310,Public Safety,11776,2024-11-01,1843.58
Fire Station 116,34999310,Public Safety,11776,2024-12-01,4008.4900000000002
Fire Station 121,34999311,Public Safety,4219,2024-01-01,2043.5
Fire Station 121,34999311,Public Safety,4219,2024-02-01,1752.9
Fire Station 121,34999311,Public Safety,4219,2024-03-01,1317.16
Fire Station 121,34999311,Public Safety,4219,2024-04-01,616.5
Fire Station 121,34999311,Public Safety,4219,2024-05-01,72.4
Fire Station 121,34999311,Public Safety,4219,2024-06-01,71.25
Fire Station 121,34999311,Public Safety,4219,2024-07-01,72.95
Fire Station 121,34999311,Public Safety,4219,2024-08-01,66.52
Fire Station 121,34999311,Public Safety,4219,2024-09-01,78.94
Fire Station 121,34999311,Public Safety,4219,2024-10-01,465.43
Fire Station 121,34999311,Public Safety,4219,2024-11-01,1184.51
Fire Station 121,34999311,Public Safety,4219,2024-12-01,2127.7
Fire Station 114/TPS Station #58,34999308,Public Safety,8633,2024-01-01,7119.35
Fire Station 114/TPS Station #58,34999308,Public Safety,8633,2024-02-01,4838.87
Fire Station 114/TPS Station #58,34999308,Public Safety,8633,2024-03-01,4162.266666666667
Fire Station 114/TPS Station #58,34999308,Public Safety,8633,2024-04-01,3156.0
Fire Station 114/TPS Station #58,34999308,Public Safety,8633,2024-05-01,590.67
Fire Station 114/TPS Station #58,34999308,Public Safety,8633,2024-06-01,423.33
Fire Station 114/TPS Station #58,34999308,Public Safety,8633,2024-07-01,368.0
Fire Station 114/TPS Station #58,34999308,Public Safety,8633,2024-08-01,354.0
Fire Station 114/TPS Station #58,34999308,Public Safety,8633,2024-09-01,497.15
Fire Station 114/TPS Station #58,34999308,Public Safety,8633,2024-10-01,1469.06
Fire Station 114/TPS Station #58,34999308,Public Safety,8633,2024-11-01,3173.69
Fire Station 114/TPS Station #58,34999308,Public Safety,8633,2024-12-01,6684.33
Fire Station 115,34999309,Public Safety,5985,2024-01-01,2595.41
Fire Station 115,34999309,Public Safety,5985,2024-02-01,2085.79
Fire Station 115,34999309,Public Safety,5985,2024-03-01,1498.66
Fire Station 115,34999309,Public Safety,5985,2024-04-01,923.11
Fire Station 115,34999309,Public Safety,5985,2024-05-01,211.02
Fire Station 115,34999309,Public Safety,5985,2024-06-01,60.67000000000001
Fire Station 115,34999309,Public Safety,5985,2024-07-01,54.56
Fire Station 115,34999309,Public Safety,5985,2024-08-01,53.58
Fire Station 115,34999309,Public Safety,5985,2024-09-01,75.0
Fire Station 115,34999309,Public Safety,5985,2024-10-01,189.03
Fire Station 115,34999309,Public Safety,5985,2024-11-01,902.09
Fire Station 115,34999309,Public Safety,5985,2024-12-01,1624.53
Fire Station 112/TPS Station #55,34999306,Public Safety,7018,2024-01-01,7385.12
Fire Station 112/TPS Station #55,34999306,Public Safety,7018,2024-02-01,5390.3
Fire Station 112/TPS Station #55,34999306,Public Safety,7018,2024-03-01,5840.86
Fire Station 112/TPS Station #55,34999306,Public Safety,7018,2024-04-01,2700.0
Fire Station 112/TPS Station #55,34999306,Public Safety,7018,2024-05-01,1207.23
Fire Station 112/TPS Station #55,34999306,Public Safety,7018,2024-06-01,333.33
Fire Station 112/TPS Station #55,34999306,Public Safety,7018,2024-07-01,94.46
Fire Station 112/TPS Station #55,34999306,Public Safety,7018,2024-08-01,170.06
Fire Station 112/TPS Station #55,34999306,Public Safety,7018,2024-09-01,188.51
Fire Station 112/TPS Station #55,34999306,Public Safety,7018,2024-10-01,1414.95
Fire Station 112/TPS Station #55,34999306,Public Safety,7018,2024-11-01,2627.67
Fire Station 112/TPS Station #55,34999306,Public Safety,7018,2024-12-01,5947.12
Fire Station 113,34999307,Public Safety,4833,2024-01-01,3956.3
Fire Station 113,34999307,Public Safety,4833,2024-02-01,2717.3
Fire Station 113,34999307,Public Safety,4833,2024-03-01,2336.36
Fire Station 113,34999307,Public Safety,4833,2024-04-01,1376.1
Fire Station 113,34999307,Public Safety,4833,2024-05-01,98.77
Fire Station 113,34999307,Public Safety,4833,2024-06-01,209.85
Fire Station 113,34999307,Public Safety,4833,2024-07-01,195.33
Fire Station 113,34999307,Public Safety,4833,2024-08-01,167.27
Fire Station 113,34999307,Public Safety,4833,2024-09-01,74.61
Fire Station 113,34999307,Public Safety,4833,2024-10-01,845.82
Fire Station 113,34999307,Public Safety,4833,2024-11-01,1350.46
Fire Station 113,34999307,Public Safety,4833,2024-12-01,3102.69
Fire Prevention Office,34999304,Public Safety,25898,2024-01-01,3255.91
Fire Prevention Office,34999304,Public Safety,25898,2024-02-01,3450.31
Fire Prevention Office,34999304,Public Safety,25898,2024-03-01,3008.5
Fire Prevention Office,34999304,Public Safety,25898,2024-04-01,1516.26
Fire Prevention Office,34999304,Public Safety,25898,2024-05-01,103.09
Fire Prevention Office,34999304,Public Safety,25898,2024-06-01,67.88
Fire Prevention Office,34999304,Public Safety,25898,2024-07-01,66.11
Fire Prevention Office,34999304,Public Safety,25898,2024-08-01,20.33
Fire Prevention Office,34999304,Public Safety,25898,2024-09-01,28.59
Fire Prevention Office,34999304,Public Safety,25898,2024-10-01,596.15
Fire Prevention Office,34999304,Public Safety,25898,2024-11-01,2362.1
Fire Prevention Office,34999304,Public Safety,25898,2024-12-01,4184.0
Fire Station 111/TPS Station #56,34999305,Public Safety,5662,2024-01-01,3144.56
Fire Station 111/TPS Station #56,34999305,Public Safety,5662,2024-02-01,2325.95
Fire Station 111/TPS Station #56,34999305,Public Safety,5662,2024-03-01,2243.41
Fire Station 111/TPS Station #56,34999305,Public Safety,5662,2024-04-01,1156.07
Fire Station 111/TPS Station #56,34999305,Public Safety,5662,2024-05-01,359.0
Fire Station 111/TPS Station #56,34999305,Public Safety,5662,2024-06-01,170.56
Fire Station 111/TPS Station #56,34999305,Public Safety,5662,2024-07-01,249.91999999999996
Fire Station 111/TPS Station #56,34999305,Public Safety,5662,2024-08-01,181.82
Fire Station 111/TPS Station #56,34999305,Public Safety,5662,2024-09-01,340.16
Fire Station 111/TPS Station #56,34999305,Public Safety,5662,2024-10-01,620.53
Fire Station 111/TPS Station #56,34999305,Public Safety,5662,2024-11-01,1482.2
Fire Station 111/TPS Station #56,34999305,Public Safety,5662,2024-12-01,2496.95
Fire Station 312,34999350,Public Safety,9806,2024-01-01,4778.38
Fire Station 312,34999350,Public Safety,9806,2024-02-01,4256.61
Fire Station 312,34999350,Public Safety,9806,2024-03-01,3564.7
Fire Station 312,34999350,Public Safety,9806,2024-04-01,4175.44
Fire Station 312,34999350,Public Safety,9806,2024-05-01,231.0
Fire Station 312,34999350,Public Safety,9806,2024-06-01,337.18
Fire Station 312,34999350,Public Safety,9806,2024-07-01,104.81
Fire Station 312,34999350,Public Safety,9806,2024-08-01,125.99000000000001
Fire Station 312,34999350,Public Safety,9806,2024-09-01,289.68
Fire Station 312,34999350,Public Safety,9806,2024-10-01,887.36
Fire Station 312,34999350,Public Safety,9806,2024-11-01,2361.15
Fire Station 312,34999350,Public Safety,9806,2024-12-01,4896.61
Fire Station 313,34999351,Public Safety,12099,2024-01-01,5635.55
Fire Station 313,34999351,Public Safety,12099,2024-02-01,4122.3
Fire Station 313,34999351,Public Safety,12099,2024-03-01,3635.266666666667
Fire Station 313,34999351,Public Safety,12099,2024-04-01,2513.0
Fire Station 313,34999351,Public Safety,12099,2024-05-01,466.31
Fire Station 313,34999351,Public Safety,12099,2024-06-01,292.06
Fire Station 313,34999351,Public Safety,12099,2024-07-01,264.15
Fire Station 313,34999351,Public Safety,12099,2024-08-01,249.47999999999996
Fire Station 313,34999351,Public Safety,12099,2024-09-01,297.14
Fire Station 313,34999351,Public Safety,12099,2024-10-01,1099.84
Fire Station 313,34999351,Public Safety,12099,2024-11-01,2554.02
Fire Station 313,34999351,Public Safety,12099,2024-12-01,4087.06
Fire Station 245,34999348,Public Safety,5608,2024-01-01,1943.59
Fire Station 245,34999348,Public Safety,5608,2024-02-01,1536.97
Fire Station 245,34999348,Public Safety,5608,2024-03-01,1389.44
Fire Station 245,34999348,Public Safety,5608,2024-04-01,652.02
Fire Station 245,34999348,Public Safety,5608,2024-05-01,138.98
Fire Station 245,34999348,Public Safety,5608,2024-06-01,76.88
Fire Station 245,34999348,Public Safety,5608,2024-07-01,80.18
Fire Station 245,34999348,Public Safety,5608,2024-08-01,231.16
Fire Station 245,34999348,Public Safety,5608,2024-09-01,94.02
Fire Station 245,34999348,Public Safety,5608,2024-10-01,1243.91
Fire Station 245,34999348,Public Safety,5608,2024-11-01,971.25
Fire Station 245,34999348,Public Safety,5608,2024-12-01,1898.27
Fire Station 311,34999349,Public Safety,12755,2024-01-01,3044.23
Fire Station 311,34999349,Public Safety,12755,2024-02-01,2251.35
Fire Station 311,34999349,Public Safety,12755,2024-03-01,1972.75
Fire Station 311,34999349,Public Safety,12755,2024-04-01,1071.17
Fire Station 311,34999349,Public Safety,12755,2024-05-01,159.84
Fire Station 311,34999349,Public Safety,12755,2024-06-01,58.22
Fire Station 311,34999349,Public Safety,12755,2024-07-01,53.41
Fire Station 311,34999349,Public Safety,12755,2024-08-01,21.97
Fire Station 311,34999349,Public Safety,12755,2024-09-01,148.84
Fire Station 311,34999349,Public Safety,12755,2024-10-01,697.16
Fire Station 311,34999349,Public Safety,12755,2024-11-01,1417.31
Fire Station 311,34999349,Public Safety,12755,2024-12-01,2548.05
Fire Station 243/TPS Station #29,34999346,Public Safety,5350,2024-01-01,3628.26
Fire Station 243/TPS Station #29,34999346,Public Safety,5350,2024-02-01,3023.16
Fire Station 243/TPS Station #29,34999346,Public Safety,5350,2024-03-01,2415.51
Fire Station 243/TPS Station #29,34999346,Public Safety,5350,2024-04-01,1558.11
Fire Station 243/TPS Station #29,34999346,Public Safety,5350,2024-05-01,316.85
Fire Station 243/TPS Station #29,34999346,Public Safety,5350,2024-06-01,177.3
Fire Station 243/TPS Station #29,34999346,Public Safety,5350,2024-07-01,138.69
Fire Station 243/TPS Station #29,34999346,Public Safety,5350,2024-08-01,120.74
Fire Station 243/TPS Station #29,34999346,Public Safety,5350,2024-09-01,100.98
Fire Station 243/TPS Station #29,34999346,Public Safety,5350,2024-10-01,630.79
Fire Station 243/TPS Station #29,34999346,Public Safety,5350,2024-11-01,1518.35
Fire Station 243/TPS Station #29,34999346,Public Safety,5350,2024-12-01,3069.42
Fire Station 244,34999347,Public Safety,5350,2024-01-01,2607.76
Fire Station 244,34999347,Public Safety,5350,2024-02-01,1983.5399999999997
Fire Station 244,34999347,Public Safety,5350,2024-03-01,1470.7
Fire Station 244,34999347,Public Safety,5350,2024-04-01,959.06
Fire Station 244,34999347,Public Safety,5350,2024-05-01,270.94
Fire Station 244,34999347,Public Safety,5350,2024-06-01,87.19
Fire Station 244,34999347,Public Safety,5350,2024-07-01,145.01
Fire Station 244,34999347,Public Safety,5350,2024-08-01,103.24
Fire Station 244,34999347,Public Safety,5350,2024-09-01,109.23
Fire Station 244,34999347,Public Safety,5350,2024-10-01,806.24
Fire Station 244,34999347,Public Safety,5350,2024-11-01,1474.7
Fire Station 244,34999347,Public Safety,5350,2024-12-01,2162.19
Fire Station 241,34999344,Public Safety,5500,2024-01-01,2479.94
Fire Station 241,34999344,Public Safety,5500,2024-02-01,1802.15
Fire Station 241,34999344,Public Safety,5500,2024-03-01,1306.91
Fire Station 241,34999344,Public Safety,5500,2024-04-01,739.24
Fire Station 241,34999344,Public Safety,5500,2024-05-01,249.76
Fire Station 241,34999344,Public Safety,5500,2024-06-01,87.19
Fire Station 241,34999344,Public Safety,5500,2024-07-01,153.37
Fire Station 241,34999344,Public Safety,5500,2024-08-01,111.8
Fire Station 241,34999344,Public Safety,5500,2024-09-01,110.13
Fire Station 241,34999344,Public Safety,5500,2024-10-01,374.05
Fire Station 241,34999344,Public Safety,5500,2024-11-01,886.91
Fire Station 241,34999344,Public Safety,5500,2024-12-01,1734.28
Fire Station 242,34999345,Public Safety,5500,2024-01-01,2999.36
Fire Station 242,34999345,Public Safety,5500,2024-02-01,2146.61
Fire Station 242,34999345,Public Safety,5500,2024-03-01,2099.73
Fire Station 242,34999345,Public Safety,5500,2024-04-01,1081.27
Fire Station 242,34999345,Public Safety,5500,2024-05-01,193.88
Fire Station 242,34999345,Public Safety,5500,2024-06-01,207.8
Fire Station 242,34999345,Public Safety,5500,2024-07-01,111.34
Fire Station 242,34999345,Public Safety,5500,2024-08-01,199.25
Fire Station 242,34999345,Public Safety,5500,2024-09-01,183.7
Fire Station 242,34999345,Public Safety,5500,2024-10-01,635.92
Fire Station 242,34999345,Public Safety,5500,2024-11-01,1398.42
Fire Station 242,34999345,Public Safety,5500,2024-12-01,2427.53
Fire Station 325,34999358,Public Safety,10129,2024-01-01,4670.72
Fire Station 325,34999358,Public Safety,10129,2024-02-01,4039.3500000000004
Fire Station 325,34999358,Public Safety,10129,2024-03-01,4715.98
Fire Station 325,34999358,Public Safety,10129,2024-04-01,1991.92
Fire Station 325,34999358,Public Safety,10129,2024-05-01,1425.7
Fire Station 325,34999358,Public Safety,10129,2024-06-01,324.77
Fire Station 325,34999358,Public Safety,10129,2024-07-01,355.37
Fire Station 325,34999358,Public Safety,10129,2024-08-01,325.77
Fire Station 325,34999358,Public Safety,10129,2024-09-01,287.59
Fire Station 325,34999358,Public Safety,10129,2024-10-01,774.0
Fire Station 325,34999358,Public Safety,10129,2024-11-01,2670.02
Fire Station 325,34999358,Public Safety,10129,2024-12-01,3441.72
Fire Station 331,34999359,Public Safety,10979,2024-01-01,11583.68
Fire Station 331,34999359,Public Safety,10979,2024-02-01,14557.97
Fire Station 331,34999359,Public Safety,10979,2024-03-01,12828.42
Fire Station 331,34999359,Public Safety,10979,2024-04-01,6373.66
Fire Station 331,34999359,Public Safety,10979,2024-05-01,2356.28
Fire Station 331,34999359,Public Safety,10979,2024-06-01,760.81
Fire Station 331,34999359,Public Safety,10979,2024-07-01,604.83
Fire Station 331,34999359,Public Safety,10979,2024-08-01,563.76
Fire Station 331,34999359,Public Safety,10979,2024-09-01,454.37
Fire Station 331,34999359,Public Safety,10979,2024-10-01,1512.35
Fire Station 331,34999359,Public Safety,10979,2024-11-01,6517.2
Fire Station 331,34999359,Public Safety,10979,2024-12-01,10125.96
Fire Station 323,34999356,Public Safety,10236,2024-01-01,9319.38
Fire Station 323,34999356,Public Safety,10236,2024-02-01,6591.73
Fire Station 323,34999356,Public Safety,10236,2024-03-01,5597.31
Fire Station 323,34999356,Public Safety,10236,2024-04-01,3084.26
Fire Station 323,34999356,Public Safety,10236,2024-05-01,635.65
Fire Station 323,34999356,Public Safety,10236,2024-06-01,277.08
Fire Station 323,34999356,Public Safety,10236,2024-07-01,246.15
Fire Station 323,34999356,Public Safety,10236,2024-08-01,255.45999999999998
Fire Station 323,34999356,Public Safety,10236,2024-09-01,295.61
Fire Station 323,34999356,Public Safety,10236,2024-10-01,2133.86
Fire Station 323,34999356,Public Safety,10236,2024-11-01,3558.86
Fire Station 323,34999356,Public Safety,10236,2024-12-01,5382.49
Fire Station 324,34999357,Public Safety,13153,2024-01-01,4199.03
Fire Station 324,34999357,Public Safety,13153,2024-02-01,3165.18
Fire Station 324,34999357,Public Safety,13153,2024-03-01,2814.66
Fire Station 324,34999357,Public Safety,13153,2024-04-01,2193.04
Fire Station 324,34999357,Public Safety,13153,2024-05-01,320.82
Fire Station 324,34999357,Public Safety,13153,2024-06-01,1405.0
Fire Station 324,34999357,Public Safety,13153,2024-07-01,98.47
Fire Station 324,34999357,Public Safety,13153,2024-08-01,94.53
Fire Station 324,34999357,Public Safety,13153,2024-09-01,105.3
Fire Station 324,34999357,Public Safety,13153,2024-10-01,1188.09
Fire Station 324,34999357,Public Safety,13153,2024-11-01,1953.31
Fire Station 324,34999357,Public Safety,13153,2024-12-01,3540.55
Fire Station 321,34999354,Public Safety,7535,2024-01-01,3430.75
Fire Station 321,34999354,Public Safety,7535,2024-02-01,2701.07
Fire Station 321,34999354,Public Safety,7535,2024-03-01,2592.04
Fire Station 321,34999354,Public Safety,7535,2024-04-01,1726.35
Fire Station 321,34999354,Public Safety,7535,2024-05-01,915.45
Fire Station 321,34999354,Public Safety,7535,2024-06-01,659.84
Fire Station 321,34999354,Public Safety,7535,2024-07-01,523.3
Fire Station 321,34999354,Public Safety,7535,2024-08-01,412.43
Fire Station 321,34999354,Public Safety,7535,2024-09-01,294.02
Fire Station 321,34999354,Public Safety,7535,2024-10-01,1023.8300000000002
Fire Station 321,34999354,Public Safety,7535,2024-11-01,2055.92
Fire Station 321,34999354,Public Safety,7535,2024-12-01,3634.85
Fire Station 322,34999355,Public Safety,7535,2024-01-01,3644.2
Fire Station 322,34999355,Public Safety,7535,2024-02-01,2472.6
Fire Station 322,34999355,Public Safety,7535,2024-03-01,1943.1
Fire Station 322,34999355,Public Safety,7535,2024-04-01,1156.86
Fire Station 322,34999355,Public Safety,7535,2024-05-01,220.67
Fire Station 322,34999355,Public Safety,7535,2024-06-01,57.0
Fire Station 322,34999355,Public Safety,7535,2024-07-01,28.0
Fire Station 322,34999355,Public Safety,7535,2024-08-01,40.0
Fire Station 322,34999355,Public Safety,7535,2024-09-01,70.16
Fire Station 322,34999355,Public Safety,7535,2024-10-01,391.07
Fire Station 322,34999355,Public Safety,7535,2024-11-01,1205.02
Fire Station 322,34999355,Public Safety,7535,2024-12-01,585.75
Fire Station 314,34999352,Public Safety,11937,2024-01-01,3754.6
Fire Station 314,34999352,Public Safety,11937,2024-02-01,3323.03
Fire Station 314,34999352,Public Safety,11937,2024-03-01,3135.57
Fire Station 314,34999352,Public Safety,11937,2024-04-01,2697.94
Fire Station 314,34999352,Public Safety,11937,2024-05-01,496.69000000000005
Fire Station 314,34999352,Public Safety,11937,2024-06-01,71.0
Fire Station 314,34999352,Public Safety,11937,2024-07-01,28.15
Fire Station 314,34999352,Public Safety,11937,2024-08-01,25.4
Fire Station 314,34999352,Public Safety,11937,2024-09-01,110.41
Fire Station 314,34999352,Public Safety,11937,2024-10-01,1667.45
Fire Station 314,34999352,Public Safety,11937,2024-11-01,2660.7
Fire Station 314,34999352,Public Safety,11937,2024-12-01,3791.91
Fire Station 315,34999353,Public Safety,7244,2024-01-01,3815.58
Fire Station 315,34999353,Public Safety,7244,2024-02-01,2883.57
Fire Station 315,34999353,Public Safety,7244,2024-03-01,2626.29
Fire Station 315,34999353,Public Safety,7244,2024-04-01,1379.44
Fire Station 315,34999353,Public Safety,7244,2024-05-01,202.45
Fire Station 315,34999353,Public Safety,7244,2024-06-01,147.24
Fire Station 315,34999353,Public Safety,7244,2024-07-01,141.22
Fire Station 315,34999353,Public Safety,7244,2024-08-01,171.99
Fire Station 315,34999353,Public Safety,7244,2024-09-01,228.6
Fire Station 315,34999353,Public Safety,7244,2024-10-01,1228.78
Fire Station 315,34999353,Public Safety,7244,2024-11-01,2304.4
Fire Station 315,34999353,Public Safety,7244,2024-12-01,3630.68
Fire Station 223,34999334,Public Safety,7459,2024-01-01,2985.74
Fire Station 223,34999334,Public Safety,7459,2024-02-01,2224.55
Fire Station 223,34999334,Public Safety,7459,2024-03-01,1714.93
Fire Station 223,34999334,Public Safety,7459,2024-04-01,1209.71
Fire Station 223,34999334,Public Safety,7459,2024-05-01,722.23
Fire Station 223,34999334,Public Safety,7459,2024-06-01,603.25
Fire Station 223,34999334,Public Safety,7459,2024-07-01,478.09
Fire Station 223,34999334,Public Safety,7459,2024-08-01,203.62
Fire Station 223,34999334,Public Safety,7459,2024-09-01,44.28
Fire Station 223,34999334,Public Safety,7459,2024-10-01,469.94
Fire Station 223,34999334,Public Safety,7459,2024-11-01,1179.7
Fire Station 223,34999334,Public Safety,7459,2024-12-01,2217.13
Fire Station 224,34999335,Public Safety,3767,2024-01-01,2266.49
Fire Station 224,34999335,Public Safety,3767,2024-02-01,1694.34
Fire Station 224,34999335,Public Safety,3767,2024-03-01,1446.0
Fire Station 224,34999335,Public Safety,3767,2024-04-01,815.73
Fire Station 224,34999335,Public Safety,3767,2024-05-01,199.68
Fire Station 224,34999335,Public Safety,3767,2024-06-01,115.27
Fire Station 224,34999335,Public Safety,3767,2024-07-01,104.19
Fire Station 224,34999335,Public Safety,3767,2024-08-01,89.22
Fire Station 224,34999335,Public Safety,3767,2024-09-01,67.48
Fire Station 224,34999335,Public Safety,3767,2024-10-01,376.19
Fire Station 224,34999335,Public Safety,3767,2024-11-01,1038.22
Fire Station 224,34999335,Public Safety,3767,2024-12-01,1963.86
Fire Station 221,34999332,Public Safety,11916,2024-01-01,3667.35
Fire Station 221,34999332,Public Safety,11916,2024-02-01,3086.21
Fire Station 221,34999332,Public Safety,11916,2024-03-01,2714.01
Fire Station 221,34999332,Public Safety,11916,2024-04-01,1542.33
Fire Station 221,34999332,Public Safety,11916,2024-05-01,700.32
Fire Station 221,34999332,Public Safety,11916,2024-06-01,336.98
Fire Station 221,34999332,Public Safety,11916,2024-07-01,229.02
Fire Station 221,34999332,Public Safety,11916,2024-08-01,241.73
Fire Station 221,34999332,Public Safety,11916,2024-09-01,301.34
Fire Station 221,34999332,Public Safety,11916,2024-10-01,530.19
Fire Station 221,34999332,Public Safety,11916,2024-11-01,1716.43
Fire Station 221,34999332,Public Safety,11916,2024-12-01,3650.9
Fire Station 222,34999333,Public Safety,6910,2024-01-01,2898.79
Fire Station 222,34999333,Public Safety,6910,2024-02-01,1945.84
Fire Station 222,34999333,Public Safety,6910,2024-03-01,1915.7
Fire Station 222,34999333,Public Safety,6910,2024-04-01,1156.69
Fire Station 222,34999333,Public Safety,6910,2024-05-01,237.7
Fire Station 222,34999333,Public Safety,6910,2024-06-01,97.93
Fire Station 222,34999333,Public Safety,6910,2024-07-01,96.68
Fire Station 222,34999333,Public Safety,6910,2024-08-01,88.96
Fire Station 222,34999333,Public Safety,6910,2024-09-01,48.47
Fire Station 222,34999333,Public Safety,6910,2024-10-01,521.44
Fire Station 222,34999333,Public Safety,6910,2024-11-01,1408.83
Fire Station 222,34999333,Public Safety,6910,2024-12-01,2785.67
Fire Station 214,34999330,Public Safety,4887,2024-01-01,2252.17
Fire Station 214,34999330,Public Safety,4887,2024-02-01,2362.82
Fire Station 214,34999330,Public Safety,4887,2024-03-01,2309.74
Fire Station 214,34999330,Public Safety,4887,2024-04-01,1082.89
Fire Station 214,34999330,Public Safety,4887,2024-05-01,6.28
Fire Station 214,34999330,Public Safety,4887,2024-06-01,94.45
Fire Station 214,34999330,Public Safety,4887,2024-07-01,100.07
Fire Station 214,34999330,Public Safety,4887,2024-08-01,86.2
Fire Station 214,34999330,Public Safety,4887,2024-09-01,100.41
Fire Station 214,34999330,Public Safety,4887,2024-10-01,573.59
Fire Station 214,34999330,Public Safety,4887,2024-11-01,906.73
Fire Station 214,34999330,Public Safety,4887,2024-12-01,2639.35
Fire Station 215,34999331,Public Safety,5737,2024-01-01,2501.17
Fire Station 215,34999331,Public Safety,5737,2024-02-01,2272.26
Fire Station 215,34999331,Public Safety,5737,2024-03-01,1885.18
Fire Station 215,34999331,Public Safety,5737,2024-04-01,1076.63
Fire Station 215,34999331,Public Safety,5737,2024-05-01,307.52
Fire Station 215,34999331,Public Safety,5737,2024-06-01,111.23
Fire Station 215,34999331,Public Safety,5737,2024-07-01,97.63
Fire Station 215,34999331,Public Safety,5737,2024-08-01,123.87
Fire Station 215,34999331,Public Safety,5737,2024-09-01,120.13
Fire Station 215,34999331,Public Safety,5737,2024-10-01,441.31
Fire Station 215,34999331,Public Safety,5737,2024-11-01,1308.26
Fire Station 215,34999331,Public Safety,5737,2024-12-01,2061.06
Fire Station 212/TPS Station #25,34999328,Public Safety,16501,2024-01-01,9669.62
Fire Station 212/TPS Station #25,34999328,Public Safety,16501,2024-02-01,6640.97
Fire Station 212/TPS Station #25,34999328,Public Safety,16501,2024-03-01,5918.99
Fire Station 212/TPS Station #25,34999328,Public Safety,16501,2024-04-01,3043.28
Fire Station 212/TPS Station #25,34999328,Public Safety,16501,2024-05-01,373.62
Fire Station 212/TPS Station #25,34999328,Public Safety,16501,2024-06-01,316.15
Fire Station 212/TPS Station #25,34999328,Public Safety,16501,2024-07-01,238.27
Fire Station 212/TPS Station #25,34999328,Public Safety,16501,2024-08-01,203.72
Fire Station 212/TPS Station #25,34999328,Public Safety,16501,2024-09-01,162.28
Fire Station 212/TPS Station #25,34999328,Public Safety,16501,2024-10-01,1718.36
Fire Station 212/TPS Station #25,34999328,Public Safety,16501,2024-11-01,4696.75
Fire Station 212/TPS Station #25,34999328,Public Safety,16501,2024-12-01,8428.45
Fire Station 213,34999329,Public Safety,5048,2024-01-01,2813.43
Fire Station 213,34999329,Public Safety,5048,2024-02-01,2098.27
Fire Station 213,34999329,Public Safety,5048,2024-03-01,1893.18
Fire Station 213,34999329,Public Safety,5048,2024-04-01,1193.45
Fire Station 213,34999329,Public Safety,5048,2024-05-01,420.05
Fire Station 213,34999329,Public Safety,5048,2024-06-01,229.27
Fire Station 213,34999329,Public Safety,5048,2024-07-01,149.02
Fire Station 213,34999329,Public Safety,5048,2024-08-01,129.69
Fire Station 213,34999329,Public Safety,5048,2024-09-01,98.4
Fire Station 213,34999329,Public Safety,5048,2024-10-01,414.39
Fire Station 213,34999329,Public Safety,5048,2024-11-01,1233.86
Fire Station 213,34999329,Public Safety,5048,2024-12-01,2770.25
Fire Station 234,34999342,Public Safety,5350,2024-01-01,3087.64
Fire Station 234,34999342,Public Safety,5350,2024-02-01,2663.86
Fire Station 234,34999342,Public Safety,5350,2024-03-01,2361.65
Fire Station 234,34999342,Public Safety,5350,2024-04-01,1769.48
Fire Station 234,34999342,Public Safety,5350,2024-05-01,686.46
Fire Station 234,34999342,Public Safety,5350,2024-06-01,576.87
Fire Station 234,34999342,Public Safety,5350,2024-07-01,475.58
Fire Station 234,34999342,Public Safety,5350,2024-08-01,385.84
Fire Station 234,34999342,Public Safety,5350,2024-09-01,337.63
Fire Station 234,34999342,Public Safety,5350,2024-10-01,1077.53
Fire Station 234,34999342,Public Safety,5350,2024-11-01,1983.02
Fire Station 234,34999342,Public Safety,5350,2024-12-01,2932.02
Fire Station 235,34999343,Public Safety,8902,2024-01-01,4014.3500000000004
Fire Station 235,34999343,Public Safety,8902,2024-02-01,3155.74
Fire Station 235,34999343,Public Safety,8902,2024-03-01,2719.23
Fire Station 235,34999343,Public Safety,8902,2024-04-01,1139.18
Fire Station 235,34999343,Public Safety,8902,2024-05-01,248.99000000000004
Fire Station 235,34999343,Public Safety,8902,2024-06-01,123.17000000000002
Fire Station 235,34999343,Public Safety,8902,2024-07-01,133.83
Fire Station 235,34999343,Public Safety,8902,2024-08-01,144.32
Fire Station 235,34999343,Public Safety,8902,2024-09-01,130.68
Fire Station 235,34999343,Public Safety,8902,2024-10-01,870.9
Fire Station 235,34999343,Public Safety,8902,2024-11-01,2019.36
Fire Station 235,34999343,Public Safety,8902,2024-12-01,3240.91
Fire Station 232,34999340,Public Safety,5350,2024-01-01,2755.46
Fire Station 232,34999340,Public Safety,5350,2024-02-01,2102.31
Fire Station 232,34999340,Public Safety,5350,2024-03-01,1682.67
Fire Station 232,34999340,Public Safety,5350,2024-04-01,961.9699999999999
Fire Station 232,34999340,Public Safety,5350,2024-05-01,479.56
Fire Station 232,34999340,Public Safety,5350,2024-06-01,536.4
Fire Station 232,34999340,Public Safety,5350,2024-07-01,174.53
Fire Station 232,34999340,Public Safety,5350,2024-08-01,188.44
Fire Station 232,34999340,Public Safety,5350,2024-09-01,181.27
Fire Station 232,34999340,Public Safety,5350,2024-10-01,474.38
Fire Station 232,34999340,Public Safety,5350,2024-11-01,1689.81
Fire Station 232,34999340,Public Safety,5350,2024-12-01,2690.88
Fire Station 233,34999341,Public Safety,11001,2024-01-01,3684.16
Fire Station 233,34999341,Public Safety,11001,2024-02-01,3616.0
Fire Station 233,34999341,Public Safety,11001,2024-03-01,3189.2
Fire Station 233,34999341,Public Safety,11001,2024-04-01,1667.89
Fire Station 233,34999341,Public Safety,11001,2024-05-01,463.43
Fire Station 233,34999341,Public Safety,11001,2024-06-01,123.87000000000002
Fire Station 233,34999341,Public Safety,11001,2024-07-01,114.37
Fire Station 233,34999341,Public Safety,11001,2024-08-01,118.28
Fire Station 233,34999341,Public Safety,11001,2024-09-01,145.72
Fire Station 233,34999341,Public Safety,11001,2024-10-01,1149.73
Fire Station 233,34999341,Public Safety,11001,2024-11-01,2969.27
Fire Station 233,34999341,Public Safety,11001,2024-12-01,3810.37
Fire Station 227,34999338,Public Safety,10484,2024-01-01,3087.39
Fire Station 227,34999338,Public Safety,10484,2024-02-01,2473.87
Fire Station 227,34999338,Public Safety,10484,2024-03-01,2339.91
Fire Station 227,34999338,Public Safety,10484,2024-04-01,1761.04
Fire Station 227,34999338,Public Safety,10484,2024-05-01,422.21
Fire Station 227,34999338,Public Safety,10484,2024-06-01,94.55
Fire Station 227,34999338,Public Safety,10484,2024-07-01,98.89
Fire Station 227,34999338,Public Safety,10484,2024-08-01,68.4
Fire Station 227,34999338,Public Safety,10484,2024-09-01,198.32
Fire Station 227,34999338,Public Safety,10484,2024-10-01,1118.26
Fire Station 227,34999338,Public Safety,10484,2024-11-01,1764.28
Fire Station 227,34999338,Public Safety,10484,2024-12-01,2544.93
Fire Station 231,34999339,Public Safety,14241,2024-01-01,5866.58
Fire Station 231,34999339,Public Safety,14241,2024-02-01,4366.29
Fire Station 231,34999339,Public Safety,14241,2024-03-01,5166.13
Fire Station 231,34999339,Public Safety,14241,2024-04-01,2918.92
Fire Station 231,34999339,Public Safety,14241,2024-05-01,1098.08
Fire Station 231,34999339,Public Safety,14241,2024-06-01,223.13
Fire Station 231,34999339,Public Safety,14241,2024-07-01,297.88
Fire Station 231,34999339,Public Safety,14241,2024-08-01,239.55
Fire Station 231,34999339,Public Safety,14241,2024-09-01,258.29
Fire Station 231,34999339,Public Safety,14241,2024-10-01,1936.39
Fire Station 231,34999339,Public Safety,14241,2024-11-01,1929.1200000000001
Fire Station 231,34999339,Public Safety,14241,2024-12-01,5756.37
Fire Station 225,34999336,Public Safety,9085,2024-01-01,4603.08
Fire Station 225,34999336,Public Safety,9085,2024-02-01,2912.45
Fire Station 225,34999336,Public Safety,9085,2024-03-01,2994.58
Fire Station 225,34999336,Public Safety,9085,2024-04-01,1941.68
Fire Station 225,34999336,Public Safety,9085,2024-05-01,597.08
Fire Station 225,34999336,Public Safety,9085,2024-06-01,237.0
Fire Station 225,34999336,Public Safety,9085,2024-07-01,181.41
Fire Station 225,34999336,Public Safety,9085,2024-08-01,242.3
Fire Station 225,34999336,Public Safety,9085,2024-09-01,303.5
Fire Station 225,34999336,Public Safety,9085,2024-10-01,942.8
Fire Station 225,34999336,Public Safety,9085,2024-11-01,1856.36
Fire Station 225,34999336,Public Safety,9085,2024-12-01,3755.92
Fire Station 226,34999337,Public Safety,11808,2024-01-01,4306.23
Fire Station 226,34999337,Public Safety,11808,2024-02-01,3741.4
Fire Station 226,34999337,Public Safety,11808,2024-03-01,3334.77
Fire Station 226,34999337,Public Safety,11808,2024-04-01,2446.19
Fire Station 226,34999337,Public Safety,11808,2024-05-01,930.82
Fire Station 226,34999337,Public Safety,11808,2024-06-01,121.88000000000001
Fire Station 226,34999337,Public Safety,11808,2024-07-01,133.79
Fire Station 226,34999337,Public Safety,11808,2024-08-01,91.52
Fire Station 226,34999337,Public Safety,11808,2024-09-01,99.5
Fire Station 226,34999337,Public Safety,11808,2024-10-01,170.52
Fire Station 226,34999337,Public Safety,11808,2024-11-01,2286.65
Fire Station 226,34999337,Public Safety,11808,2024-12-01,3835.44
Fire Station 434,34999382,Public Safety,5188,2024-01-01,2226.5
Fire Station 434,34999382,Public Safety,5188,2024-02-01,1704.45
Fire Station 434,34999382,Public Safety,5188,2024-03-01,1449.11
Fire Station 434,34999382,Public Safety,5188,2024-04-01,768.34
Fire Station 434,34999382,Public Safety,5188,2024-05-01,115.47
Fire Station 434,34999382,Public Safety,5188,2024-06-01,67.55
Fire Station 434,34999382,Public Safety,5188,2024-07-01,71.16
Fire Station 434,34999382,Public Safety,5188,2024-08-01,69.83
Fire Station 434,34999382,Public Safety,5188,2024-09-01,68.3
Fire Station 434,34999382,Public Safety,5188,2024-10-01,482.32
Fire Station 434,34999382,Public Safety,5188,2024-11-01,1097.13
Fire Station 434,34999382,Public Safety,5188,2024-12-01,1982.3
Fire Station 435,34999383,Public Safety,6889,2024-01-01,2104.52
Fire Station 435,34999383,Public Safety,6889,2024-02-01,1638.95
Fire Station 435,34999383,Public Safety,6889,2024-03-01,1477.46
Fire Station 435,34999383,Public Safety,6889,2024-04-01,944.33
Fire Station 435,34999383,Public Safety,6889,2024-05-01,486.34
Fire Station 435,34999383,Public Safety,6889,2024-06-01,366.57
Fire Station 435,34999383,Public Safety,6889,2024-07-01,221.61
Fire Station 435,34999383,Public Safety,6889,2024-08-01,250.40000000000003
Fire Station 435,34999383,Public Safety,6889,2024-09-01,336.72
Fire Station 435,34999383,Public Safety,6889,2024-10-01,622.37
Fire Station 435,34999383,Public Safety,6889,2024-11-01,1239.78
Fire Station 435,34999383,Public Safety,6889,2024-12-01,2116.96
Fire Station 432,34999380,Public Safety,11765,2024-01-01,6901.73
Fire Station 432,34999380,Public Safety,11765,2024-02-01,5387.21
Fire Station 432,34999380,Public Safety,11765,2024-03-01,5350.5
Fire Station 432,34999380,Public Safety,11765,2024-04-01,3461.59
Fire Station 432,34999380,Public Safety,11765,2024-05-01,453.05
Fire Station 432,34999380,Public Safety,11765,2024-06-01,239.19
Fire Station 432,34999380,Public Safety,11765,2024-07-01,315.05
Fire Station 432,34999380,Public Safety,11765,2024-08-01,244.95
Fire Station 432,34999380,Public Safety,11765,2024-09-01,244.71
Fire Station 432,34999380,Public Safety,11765,2024-10-01,2083.56
Fire Station 432,34999380,Public Safety,11765,2024-11-01,3425.37
Fire Station 432,34999380,Public Safety,11765,2024-12-01,432.6
Fire Station 433,34999381,Public Safety,5038,2024-01-01,1733.72
Fire Station 433,34999381,Public Safety,5038,2024-02-01,1609.51
Fire Station 433,34999381,Public Safety,5038,2024-03-01,1319.11
Fire Station 433,34999381,Public Safety,5038,2024-04-01,555.7
Fire Station 433,34999381,Public Safety,5038,2024-05-01,152.21
Fire Station 433,34999381,Public Safety,5038,2024-06-01,117.06
Fire Station 433,34999381,Public Safety,5038,2024-07-01,114.61
Fire Station 433,34999381,Public Safety,5038,2024-08-01,125.31999999999998
Fire Station 433,34999381,Public Safety,5038,2024-09-01,112.14
Fire Station 433,34999381,Public Safety,5038,2024-10-01,646.09
Fire Station 433,34999381,Public Safety,5038,2024-11-01,1134.47
Fire Station 433,34999381,Public Safety,5038,2024-12-01,1135.84
Fire Station 426,34999378,Public Safety,12486,2024-01-01,4440.91
Fire Station 426,34999378,Public Safety,12486,2024-02-01,3686.49
Fire Station 426,34999378,Public Safety,12486,2024-03-01,3536.49
Fire Station 426,34999378,Public Safety,12486,2024-04-01,2160.85
Fire Station 426,34999378,Public Safety,12486,2024-05-01,551.53
Fire Station 426,34999378,Public Safety,12486,2024-06-01,386.62
Fire Station 426,34999378,Public Safety,12486,2024-07-01,389.84
Fire Station 426,34999378,Public Safety,12486,2024-08-01,368.19
Fire Station 426,34999378,Public Safety,12486,2024-09-01,292.97
Fire Station 426,34999378,Public Safety,12486,2024-10-01,943.06
Fire Station 426,34999378,Public Safety,12486,2024-11-01,2426.29
Fire Station 426,34999378,Public Safety,12486,2024-12-01,4710.67
Fire Station 431,34999379,Public Safety,3907,2024-01-01,1707.43
Fire Station 431,34999379,Public Safety,3907,2024-02-01,1341.37
Fire Station 431,34999379,Public Safety,3907,2024-03-01,1062.87
Fire Station 431,34999379,Public Safety,3907,2024-04-01,688.0
Fire Station 431,34999379,Public Safety,3907,2024-05-01,164.0
Fire Station 431,34999379,Public Safety,3907,2024-06-01,99.0
Fire Station 431,34999379,Public Safety,3907,2024-07-01,112.38
Fire Station 431,34999379,Public Safety,3907,2024-08-01,82.63
Fire Station 431,34999379,Public Safety,3907,2024-09-01,71.84
Fire Station 431,34999379,Public Safety,3907,2024-10-01,496.14
Fire Station 431,34999379,Public Safety,3907,2024-11-01,925.03
Fire Station 431,34999379,Public Safety,3907,2024-12-01,1327.98
Fire Station 424,34999376,Public Safety,5866,2024-01-01,3326.38
Fire Station 424,34999376,Public Safety,5866,2024-02-01,2581.73
Fire Station 424,34999376,Public Safety,5866,2024-03-01,2334.36
Fire Station 424,34999376,Public Safety,5866,2024-04-01,1060.09
Fire Station 424,34999376,Public Safety,5866,2024-05-01,75.62
Fire Station 424,34999376,Public Safety,5866,2024-06-01,55.55
Fire Station 424,34999376,Public Safety,5866,2024-07-01,76.42
Fire Station 424,34999376,Public Safety,5866,2024-08-01,56.21
Fire Station 424,34999376,Public Safety,5866,2024-09-01,416.55
Fire Station 424,34999376,Public Safety,5866,2024-10-01,964.22
Fire Station 424,34999376,Public Safety,5866,2024-11-01,830.54
Fire Station 424,34999376,Public Safety,5866,2024-12-01,1931.55
Fire Station 425,34999377,Public Safety,7955,2024-01-01,1588.01
Fire Station 425,34999377,Public Safety,7955,2024-02-01,986.87
Fire Station 425,34999377,Public Safety,7955,2024-03-01,845.86
Fire Station 425,34999377,Public Safety,7955,2024-04-01,446.85
Fire Station 425,34999377,Public Safety,7955,2024-05-01,27.18
Fire Station 425,34999377,Public Safety,7955,2024-06-01,22.61
Fire Station 425,34999377,Public Safety,7955,2024-07-01,63.73
Fire Station 425,34999377,Public Safety,7955,2024-08-01,32.07
Fire Station 425,34999377,Public Safety,7955,2024-09-01,35.44
Fire Station 425,34999377,Public Safety,7955,2024-10-01,228.33
Fire Station 425,34999377,Public Safety,7955,2024-11-01,634.92
Fire Station 425,34999377,Public Safety,7955,2024-12-01,1264.94
Fire Warehouse & Mechanical Building,34999390,Public Safety,23002,2024-01-01,5728.57
Fire Warehouse & Mechanical Building,34999390,Public Safety,23002,2024-02-01,3945.54
Fire Warehouse & Mechanical Building,34999390,Public Safety,23002,2024-03-01,3449.27
Fire Warehouse & Mechanical Building,34999390,Public Safety,23002,2024-04-01,1911.99
Fire Warehouse & Mechanical Building,34999390,Public Safety,23002,2024-05-01,333.47
Fire Warehouse & Mechanical Building,34999390,Public Safety,23002,2024-06-01,123.55
Fire Warehouse & Mechanical Building,34999390,Public Safety,23002,2024-07-01,89.03
Fire Warehouse & Mechanical Building,34999390,Public Safety,23002,2024-08-01,70.83
Fire Warehouse & Mechanical Building,34999390,Public Safety,23002,2024-09-01,55.95
Fire Warehouse & Mechanical Building,34999390,Public Safety,23002,2024-10-01,1718.85
Fire Warehouse & Mechanical Building,34999390,Public Safety,23002,2024-11-01,3300.51
Fire Warehouse & Mechanical Building,34999390,Public Safety,23002,2024-12-01,5543.8
HUSAR,34999391,Public Safety,11485,2024-01-01,11606.89
HUSAR,34999391,Public Safety,11485,2024-02-01,9609.36
HUSAR,34999391,Public Safety,11485,2024-03-01,8348.72
HUSAR,34999391,Public Safety,11485,2024-04-01,3348.48
HUSAR,34999391,Public Safety,11485,2024-05-01,453.62
HUSAR,34999391,Public Safety,11485,2024-06-01,159.25
HUSAR,34999391,Public Safety,11485,2024-07-01,123.99
HUSAR,34999391,Public Safety,11485,2024-08-01,147.92
HUSAR,34999391,Public Safety,11485,2024-09-01,97.04
HUSAR,34999391,Public Safety,11485,2024-10-01,558.22
HUSAR,34999391,Public Safety,11485,2024-11-01,279.15
HUSAR,34999391,Public Safety,11485,2024-12-01,2572.13
Fire Station 445,34999388,Public Safety,11765,2024-01-01,3344.1
Fire Station 445,34999388,Public Safety,11765,2024-02-01,2477.41
Fire Station 445,34999388,Public Safety,11765,2024-03-01,2158.2
Fire Station 445,34999388,Public Safety,11765,2024-04-01,1420.07
Fire Station 445,34999388,Public Safety,11765,2024-05-01,328.78
Fire Station 445,34999388,Public Safety,11765,2024-06-01,93.26
Fire Station 445,34999388,Public Safety,11765,2024-07-01,96.37
Fire Station 445,34999388,Public Safety,11765,2024-08-01,201.62
Fire Station 445,34999388,Public Safety,11765,2024-09-01,201.7
Fire Station 445,34999388,Public Safety,11765,2024-10-01,814.34
Fire Station 445,34999388,Public Safety,11765,2024-11-01,1566.44
Fire Station 445,34999388,Public Safety,11765,2024-12-01,2953.17
Fire Training Centre,34999389,Public Safety,7998,2024-01-01,1866.94
Fire Training Centre,34999389,Public Safety,7998,2024-02-01,1526.08
Fire Training Centre,34999389,Public Safety,7998,2024-03-01,1605.98
Fire Training Centre,34999389,Public Safety,7998,2024-04-01,1062.11
Fire Training Centre,34999389,Public Safety,7998,2024-05-01,209.9
Fire Training Centre,34999389,Public Safety,7998,2024-06-01,79.69
Fire Training Centre,34999389,Public Safety,7998,2024-07-01,104.31
Fire Training Centre,34999389,Public Safety,7998,2024-08-01,79.85
Fire Training Centre,34999389,Public Safety,7998,2024-09-01,103.89
Fire Training Centre,34999389,Public Safety,7998,2024-10-01,540.37
Fire Training Centre,34999389,Public Safety,7998,2024-11-01,1087.82
Fire Training Centre,34999389,Public Safety,7998,2024-12-01,2398.5
Fire Station 443,34999386,Public Safety,3929,2024-01-01,2508.99
Fire Station 443,34999386,Public Safety,3929,2024-02-01,2142.19
Fire Station 443,34999386,Public Safety,3929,2024-03-01,1713.98
Fire Station 443,34999386,Public Safety,3929,2024-04-01,647.7
Fire Station 443,34999386,Public Safety,3929,2024-05-01,89.91
Fire Station 443,34999386,Public Safety,3929,2024-06-01,82.54
Fire Station 443,34999386,Public Safety,3929,2024-07-01,74.52
Fire Station 443,34999386,Public Safety,3929,2024-08-01,43.61
Fire Station 443,34999386,Public Safety,3929,2024-09-01,67.68
Fire Station 443,34999386,Public Safety,3929,2024-10-01,404.29
Fire Station 443,34999386,Public Safety,3929,2024-11-01,861.81
Fire Station 443,34999386,Public Safety,3929,2024-12-01,1497.67
Fire Station 444,34999387,Public Safety,3929,2024-01-01,1451.65
Fire Station 444,34999387,Public Safety,3929,2024-02-01,1119.26
Fire Station 444,34999387,Public Safety,3929,2024-03-01,929.4
Fire Station 444,34999387,Public Safety,3929,2024-04-01,568.02
Fire Station 444,34999387,Public Safety,3929,2024-05-01,139.71
Fire Station 444,34999387,Public Safety,3929,2024-06-01,85.9
Fire Station 444,34999387,Public Safety,3929,2024-07-01,290.48
Fire Station 444,34999387,Public Safety,3929,2024-08-01,143.83
Fire Station 444,34999387,Public Safety,3929,2024-09-01,88.18
Fire Station 444,34999387,Public Safety,3929,2024-10-01,263.83
Fire Station 444,34999387,Public Safety,3929,2024-11-01,692.58
Fire Station 444,34999387,Public Safety,3929,2024-12-01,1542.25
Fire Station 441,34999384,Public Safety,19472,2024-01-01,3858.41
Fire Station 441,34999384,Public Safety,19472,2024-02-01,2862.44
Fire Station 441,34999384,Public Safety,19472,2024-03-01,2139.78
Fire Station 441,34999384,Public Safety,19472,2024-04-01,990.4199999999998
Fire Station 441,34999384,Public Safety,19472,2024-05-01,88.89
Fire Station 441,34999384,Public Safety,19472,2024-06-01,106.24
Fire Station 441,34999384,Public Safety,19472,2024-07-01,117.05
Fire Station 441,34999384,Public Safety,19472,2024-08-01,69.51
Fire Station 441,34999384,Public Safety,19472,2024-09-01,59.97
Fire Station 441,34999384,Public Safety,19472,2024-10-01,489.69
Fire Station 441,34999384,Public Safety,19472,2024-11-01,1443.48
Fire Station 441,34999384,Public Safety,19472,2024-12-01,4241.92
Fire Station 442,34999385,Public Safety,15479,2024-01-01,3829.0
Fire Station 442,34999385,Public Safety,15479,2024-02-01,2813.85
Fire Station 442,34999385,Public Safety,15479,2024-03-01,2334.16
Fire Station 442,34999385,Public Safety,15479,2024-04-01,1454.56
Fire Station 442,34999385,Public Safety,15479,2024-05-01,352.24
Fire Station 442,34999385,Public Safety,15479,2024-06-01,203.87
Fire Station 442,34999385,Public Safety,15479,2024-07-01,141.76
Fire Station 442,34999385,Public Safety,15479,2024-08-01,136.91
Fire Station 442,34999385,Public Safety,15479,2024-09-01,191.42
Fire Station 442,34999385,Public Safety,15479,2024-10-01,851.58
Fire Station 442,34999385,Public Safety,15479,2024-11-01,1826.08
Fire Station 442,34999385,Public Safety,15479,2024-12-01,3789.72
Fire Station 343,34999366,Public Safety,9827,2024-01-01,4393.87
Fire Station 343,34999366,Public Safety,9827,2024-02-01,3646.01
Fire Station 343,34999366,Public Safety,9827,2024-03-01,3580.87
Fire Station 343,34999366,Public Safety,9827,2024-04-01,2344.11
Fire Station 343,34999366,Public Safety,9827,2024-05-01,2173.15
Fire Station 343,34999366,Public Safety,9827,2024-06-01,303.04
Fire Station 343,34999366,Public Safety,9827,2024-07-01,86.55
Fire Station 343,34999366,Public Safety,9827,2024-08-01,79.48
Fire Station 343,34999366,Public Safety,9827,2024-09-01,91.51
Fire Station 343,34999366,Public Safety,9827,2024-10-01,271.81
Fire Station 343,34999366,Public Safety,9827,2024-11-01,2404.69
Fire Station 343,34999366,Public Safety,9827,2024-12-01,4112.44
Fire Station 344,34999367,Public Safety,11238,2024-01-01,4758.81
Fire Station 344,34999367,Public Safety,11238,2024-02-01,4249.53
Fire Station 344,34999367,Public Safety,11238,2024-03-01,3426.27
Fire Station 344,34999367,Public Safety,11238,2024-04-01,2951.62
Fire Station 344,34999367,Public Safety,11238,2024-05-01,633.38
Fire Station 344,34999367,Public Safety,11238,2024-06-01,240.44999999999996
Fire Station 344,34999367,Public Safety,11238,2024-07-01,77.75
Fire Station 344,34999367,Public Safety,11238,2024-08-01,142.18
Fire Station 344,34999367,Public Safety,11238,2024-09-01,514.07
Fire Station 344,34999367,Public Safety,11238,2024-10-01,1433.67
Fire Station 344,34999367,Public Safety,11238,2024-11-01,2762.18
Fire Station 344,34999367,Public Safety,11238,2024-12-01,3441.58
Fire Station 341,34999364,Public Safety,9268,2024-01-01,2515.18
Fire Station 341,34999364,Public Safety,9268,2024-02-01,3079.52
Fire Station 341,34999364,Public Safety,9268,2024-03-01,2897.77
Fire Station 341,34999364,Public Safety,9268,2024-04-01,1579.16
Fire Station 341,34999364,Public Safety,9268,2024-05-01,494.55
Fire Station 341,34999364,Public Safety,9268,2024-06-01,136.8
Fire Station 341,34999364,Public Safety,9268,2024-07-01,186.68
Fire Station 341,34999364,Public Safety,9268,2024-08-01,174.98
Fire Station 341,34999364,Public Safety,9268,2024-09-01,142.28
Fire Station 341,34999364,Public Safety,9268,2024-10-01,572.29
Fire Station 341,34999364,Public Safety,9268,2024-11-01,1630.37
Fire Station 341,34999364,Public Safety,9268,2024-12-01,2232.46
Fire Station 342,34999365,Public Safety,3057,2024-01-01,1977.05
Fire Station 342,34999365,Public Safety,3057,2024-02-01,1664.13
Fire Station 342,34999365,Public Safety,3057,2024-03-01,1639.67
Fire Station 342,34999365,Public Safety,3057,2024-04-01,705.33
Fire Station 342,34999365,Public Safety,3057,2024-05-01,90.29
Fire Station 342,34999365,Public Safety,3057,2024-06-01,63.6
Fire Station 342,34999365,Public Safety,3057,2024-07-01,50.87
Fire Station 342,34999365,Public Safety,3057,2024-08-01,50.38
Fire Station 342,34999365,Public Safety,3057,2024-09-01,177.84
Fire Station 342,34999365,Public Safety,3057,2024-10-01,637.65
Fire Station 342,34999365,Public Safety,3057,2024-11-01,105.39
Fire Station 342,34999365,Public Safety,3057,2024-12-01,1767.32
Fire Station 334/TPS Station #36,34999362,Public Safety,13003,2024-01-01,3814.94
Fire Station 334/TPS Station #36,34999362,Public Safety,13003,2024-02-01,3505.54
Fire Station 334/TPS Station #36,34999362,Public Safety,13003,2024-03-01,3491.04
Fire Station 334/TPS Station #36,34999362,Public Safety,13003,2024-04-01,2131.15
Fire Station 334/TPS Station #36,34999362,Public Safety,13003,2024-05-01,1664.26
Fire Station 334/TPS Station #36,34999362,Public Safety,13003,2024-06-01,234.26
Fire Station 334/TPS Station #36,34999362,Public Safety,13003,2024-07-01,252.13
Fire Station 334/TPS Station #36,34999362,Public Safety,13003,2024-08-01,260.51
Fire Station 334/TPS Station #36,34999362,Public Safety,13003,2024-09-01,264.71
Fire Station 334/TPS Station #36,34999362,Public Safety,13003,2024-10-01,963.71
Fire Station 334/TPS Station #36,34999362,Public Safety,13003,2024-11-01,2328.0
Fire Station 334/TPS Station #36,34999362,Public Safety,13003,2024-12-01,1238.69
Fire Station 335/TPS Station #59,34999363,Public Safety,4402,2024-01-01,1169.85
Fire Station 335/TPS Station #59,34999363,Public Safety,4402,2024-02-01,1150.42
Fire Station 335/TPS Station #59,34999363,Public Safety,4402,2024-03-01,1590.32
Fire Station 335/TPS Station #59,34999363,Public Safety,4402,2024-04-01,539.58
Fire Station 335/TPS Station #59,34999363,Public Safety,4402,2024-05-01,277.3
Fire Station 335/TPS Station #59,34999363,Public Safety,4402,2024-06-01,64.38
Fire Station 335/TPS Station #59,34999363,Public Safety,4402,2024-07-01,109.85
Fire Station 335/TPS Station #59,34999363,Public Safety,4402,2024-08-01,30.76
Fire Station 335/TPS Station #59,34999363,Public Safety,4402,2024-09-01,172.71
Fire Station 335/TPS Station #59,34999363,Public Safety,4402,2024-10-01,446.64
Fire Station 335/TPS Station #59,34999363,Public Safety,4402,2024-11-01,761.87
Fire Station 335/TPS Station #59,34999363,Public Safety,4402,2024-12-01,1197.38
Fire Station 332,34999360,Public Safety,24865,2024-01-01,11916.92
Fire Station 332,34999360,Public Safety,24865,2024-02-01,10759.19
Fire Station 332,34999360,Public Safety,24865,2024-03-01,8916.51
Fire Station 332,34999360,Public Safety,24865,2024-04-01,5426.09
Fire Station 332,34999360,Public Safety,24865,2024-05-01,1616.06
Fire Station 332,34999360,Public Safety,24865,2024-06-01,836.76
Fire Station 332,34999360,Public Safety,24865,2024-07-01,475.62
Fire Station 332,34999360,Public Safety,24865,2024-08-01,385.29
Fire Station 332,34999360,Public Safety,24865,2024-09-01,430.25
Fire Station 332,34999360,Public Safety,24865,2024-10-01,3693.03
Fire Station 332,34999360,Public Safety,24865,2024-11-01,7206.48
Fire Station 332,34999360,Public Safety,24865,2024-12-01,11752.73
Fire Station 333,34999361,Public Safety,12723,2024-01-01,6896.16
Fire Station 333,34999361,Public Safety,12723,2024-02-01,5779.96
Fire Station 333,34999361,Public Safety,12723,2024-03-01,5090.4
Fire Station 333,34999361,Public Safety,12723,2024-04-01,2961.58
Fire Station 333,34999361,Public Safety,12723,2024-05-01,636.77
Fire Station 333,34999361,Public Safety,12723,2024-06-01,289.32
Fire Station 333,34999361,Public Safety,12723,2024-07-01,248.85999999999999
Fire Station 333,34999361,Public Safety,12723,2024-08-01,181.73
Fire Station 333,34999361,Public Safety,12723,2024-09-01,116.19
Fire Station 333,34999361,Public Safety,12723,2024-10-01,1925.54
Fire Station 333,34999361,Public Safety,12723,2024-11-01,3985.5400000000004
Fire Station 333,34999361,Public Safety,12723,2024-12-01,6479.73
Fire Station 422,34999374,Public Safety,7944,2024-01-01,3369.76
Fire Station 422,34999374,Public Safety,7944,2024-02-01,2406.29
Fire Station 422,34999374,Public Safety,7944,2024-03-01,2048.17
Fire Station 422,34999374,Public Safety,7944,2024-04-01,1105.34
Fire Station 422,34999374,Public Safety,7944,2024-05-01,141.97
Fire Station 422,34999374,Public Safety,7944,2024-06-01,123.17999999999999
Fire Station 422,34999374,Public Safety,7944,2024-07-01,182.72
Fire Station 422,34999374,Public Safety,7944,2024-08-01,118.67
Fire Station 422,34999374,Public Safety,7944,2024-09-01,140.82
Fire Station 422,34999374,Public Safety,7944,2024-10-01,858.98
Fire Station 422,34999374,Public Safety,7944,2024-11-01,1937.6400000000003
Fire Station 422,34999374,Public Safety,7944,2024-12-01,3247.48
Fire Station 423,34999375,Public Safety,12335,2024-01-01,5044.37
Fire Station 423,34999375,Public Safety,12335,2024-02-01,4440.22
Fire Station 423,34999375,Public Safety,12335,2024-03-01,3845.08
Fire Station 423,34999375,Public Safety,12335,2024-04-01,3014.02
Fire Station 423,34999375,Public Safety,12335,2024-05-01,1704.17
Fire Station 423,34999375,Public Safety,12335,2024-06-01,1062.76
Fire Station 423,34999375,Public Safety,12335,2024-07-01,619.98
Fire Station 423,34999375,Public Safety,12335,2024-08-01,266.23
Fire Station 423,34999375,Public Safety,12335,2024-09-01,217.79
Fire Station 423,34999375,Public Safety,12335,2024-10-01,1584.78
Fire Station 423,34999375,Public Safety,12335,2024-11-01,2953.73
Fire Station 423,34999375,Public Safety,12335,2024-12-01,5158.21
Fire Station 415,34999372,Public Safety,7804,2024-01-01,10401.63
Fire Station 415,34999372,Public Safety,7804,2024-02-01,1712.25
Fire Station 415,34999372,Public Safety,7804,2024-03-01,1531.74
Fire Station 415,34999372,Public Safety,7804,2024-04-01,763.52
Fire Station 415,34999372,Public Safety,7804,2024-05-01,271.83
Fire Station 415,34999372,Public Safety,7804,2024-06-01,157.66
Fire Station 415,34999372,Public Safety,7804,2024-07-01,140.24
Fire Station 415,34999372,Public Safety,7804,2024-08-01,148.17
Fire Station 415,34999372,Public Safety,7804,2024-09-01,196.37
Fire Station 415,34999372,Public Safety,7804,2024-10-01,358.5
Fire Station 415,34999372,Public Safety,7804,2024-11-01,1068.93
Fire Station 415,34999372,Public Safety,7804,2024-12-01,2367.74
Fire Station 421,34999373,Public Safety,9461,2024-01-01,4877.59
Fire Station 421,34999373,Public Safety,9461,2024-02-01,3466.86
Fire Station 421,34999373,Public Safety,9461,2024-03-01,2727.11
Fire Station 421,34999373,Public Safety,9461,2024-04-01,1950.6399999999999
Fire Station 421,34999373,Public Safety,9461,2024-05-01,569.67
Fire Station 421,34999373,Public Safety,9461,2024-06-01,350.69
Fire Station 421,34999373,Public Safety,9461,2024-07-01,373.73
Fire Station 421,34999373,Public Safety,9461,2024-08-01,374.62
Fire Station 421,34999373,Public Safety,9461,2024-09-01,150.97
Fire Station 421,34999373,Public Safety,9461,2024-10-01,631.06
Fire Station 421,34999373,Public Safety,9461,2024-11-01,1819.88
Fire Station 421,34999373,Public Safety,9461,2024-12-01,4671.28
Fire Station 412,34999370,Public Safety,7029,2024-01-01,3576.47
Fire Station 412,34999370,Public Safety,7029,2024-02-01,2845.65
Fire Station 412,34999370,Public Safety,7029,2024-03-01,2410.13
Fire Station 412,34999370,Public Safety,7029,2024-04-01,1373.73
Fire Station 412,34999370,Public Safety,7029,2024-05-01,325.49
Fire Station 412,34999370,Public Safety,7029,2024-06-01,273.0
Fire Station 412,34999370,Public Safety,7029,2024-07-01,306.28
Fire Station 412,34999370,Public Safety,7029,2024-08-01,262.77
Fire Station 412,34999370,Public Safety,7029,2024-09-01,256.4
Fire Station 412,34999370,Public Safety,7029,2024-10-01,620.12
Fire Station 412,34999370,Public Safety,7029,2024-11-01,1237.61
Fire Station 412,34999370,Public Safety,7029,2024-12-01,3334.1
Fire Station 413,34999371,Public Safety,3929,2024-01-01,1285.17
Fire Station 413,34999371,Public Safety,3929,2024-02-01,1135.31
Fire Station 413,34999371,Public Safety,3929,2024-03-01,827.61
Fire Station 413,34999371,Public Safety,3929,2024-04-01,552.45
Fire Station 413,34999371,Public Safety,3929,2024-05-01,186.78
Fire Station 413,34999371,Public Safety,3929,2024-06-01,98.13
Fire Station 413,34999371,Public Safety,3929,2024-07-01,97.43
Fire Station 413,34999371,Public Safety,3929,2024-08-01,74.48
Fire Station 413,34999371,Public Safety,3929,2024-09-01,101.78
Fire Station 413,34999371,Public Safety,3929,2024-10-01,377.24
Fire Station 413,34999371,Public Safety,3929,2024-11-01,754.96
Fire Station 413,34999371,Public Safety,3929,2024-12-01,1034.52
Fire Station 345,34999368,Public Safety,12809,2024-01-01,6926.23
Fire Station 345,34999368,Public Safety,12809,2024-02-01,4961.52
Fire Station 345,34999368,Public Safety,12809,2024-03-01,3632.0
Fire Station 345,34999368,Public Safety,12809,2024-04-01,1948.9799999999998
Fire Station 345,34999368,Public Safety,12809,2024-05-01,211.8
Fire Station 345,34999368,Public Safety,12809,2024-06-01,148.06
Fire Station 345,34999368,Public Safety,12809,2024-07-01,139.02
Fire Station 345,34999368,Public Safety,12809,2024-08-01,147.54
Fire Station 345,34999368,Public Safety,12809,2024-09-01,187.37
Fire Station 345,34999368,Public Safety,12809,2024-10-01,1409.12
Fire Station 345,34999368,Public Safety,12809,2024-11-01,3279.47
Fire Station 345,34999368,Public Safety,12809,2024-12-01,6220.62
Fire Station 411,34999369,Public Safety,8762,2024-01-01,1917.24
Fire Station 411,34999369,Public Safety,8762,2024-02-01,1412.13
Fire Station 411,34999369,Public Safety,8762,2024-03-01,821.44
Fire Station 411,34999369,Public Safety,8762,2024-04-01,530.63
Fire Station 411,34999369,Public Safety,8762,2024-05-01,140.84
Fire Station 411,34999369,Public Safety,8762,2024-06-01,113.8
Fire Station 411,34999369,Public Safety,8762,2024-07-01,78.33
Fire Station 411,34999369,Public Safety,8762,2024-08-01,90.26
Fire Station 411,34999369,Public Safety,8762,2024-09-01,96.1
Fire Station 411,34999369,Public Safety,8762,2024-10-01,458.64
Fire Station 411,34999369,Public Safety,8762,2024-11-01,1083.75
Fire Station 411,34999369,Public Safety,8762,2024-12-01,2096.56
Ledbury Park,34999414,Recreation & Community,5780,2024-01-01,2530.37
Ledbury Park,34999414,Recreation & Community,5780,2024-02-01,2377.02
Ledbury Park,34999414,Recreation & Community,5780,2024-03-01,1838.16
Ledbury Park,34999414,Recreation & Community,5780,2024-04-01,1200.4
Ledbury Park,34999414,Recreation & Community,5780,2024-05-01,762.09
Ledbury Park,34999414,Recreation & Community,5780,2024-06-01,1831.01
Ledbury Park,34999414,Recreation & Community,5780,2024-07-01,400.37
Ledbury Park,34999414,Recreation & Community,5780,2024-08-01,332.33
Ledbury Park,34999414,Recreation & Community,5780,2024-09-01,183.33
Ledbury Park,34999414,Recreation & Community,5780,2024-10-01,468.8
Ledbury Park,34999414,Recreation & Community,5780,2024-11-01,1176.42
Ledbury Park,34999414,Recreation & Community,5780,2024-12-01,923.81
McGregor Park Community Centre,34999415,Recreation & Community,45262,2024-01-01,9012.67
McGregor Park Community Centre,34999415,Recreation & Community,45262,2024-02-01,7749.370000000001
McGregor Park Community Centre,34999415,Recreation & Community,45262,2024-03-01,7732.25
McGregor Park Community Centre,34999415,Recreation & Community,45262,2024-04-01,6095.72
McGregor Park Community Centre,34999415,Recreation & Community,45262,2024-05-01,3207.14
McGregor Park Community Centre,34999415,Recreation & Community,45262,2024-06-01,2776.74
McGregor Park Community Centre,34999415,Recreation & Community,45262,2024-07-01,2802.84
McGregor Park Community Centre,34999415,Recreation & Community,45262,2024-08-01,2802.65
McGregor Park Community Centre,34999415,Recreation & Community,45262,2024-09-01,3576.11
McGregor Park Community Centre,34999415,Recreation & Community,45262,2024-10-01,4568.83
McGregor Park Community Centre,34999415,Recreation & Community,45262,2024-11-01,4559.76
McGregor Park Community Centre,34999415,Recreation & Community,45262,2024-12-01,5081.92
L'Amoreaux Tennis Centre,34999413,Recreation & Community,31474,2024-01-01,17424.53
L'Amoreaux Tennis Centre,34999413,Recreation & Community,31474,2024-02-01,16911.72
L'Amoreaux Tennis Centre,34999413,Recreation & Community,31474,2024-03-01,14143.91
L'Amoreaux Tennis Centre,34999413,Recreation & Community,31474,2024-04-01,7001.69
L'Amoreaux Tennis Centre,34999413,Recreation & Community,31474,2024-05-01,1594.5
L'Amoreaux Tennis Centre,34999413,Recreation & Community,31474,2024-06-01,846.97
L'Amoreaux Tennis Centre,34999413,Recreation & Community,31474,2024-07-01,53.14
L'Amoreaux Tennis Centre,34999413,Recreation & Community,31474,2024-08-01,635.82
L'Amoreaux Tennis Centre,34999413,Recreation & Community,31474,2024-09-01,1312.07
L'Amoreaux Tennis Centre,34999413,Recreation & Community,31474,2024-10-01,4019.66
L'Amoreaux Tennis Centre,34999413,Recreation & Community,31474,2024-11-01,11679.24
L'Amoreaux Tennis Centre,34999413,Recreation & Community,31474,2024-12-01,13764.76
Irving W. Chapley Community Centre,34999410,Recreation & Community,6997,2024-01-01,2035.0099999999998
Irving W. Chapley Community Centre,34999410,Recreation & Community,6997,2024-02-01,2069.3
Irving W. Chapley Community Centre,34999410,Recreation & Community,6997,2024-03-01,426.3
Irving W. Chapley Community Centre,34999410,Recreation & Community,6997,2024-04-01,634.1
Irving W. Chapley Community Centre,34999410,Recreation & Community,6997,2024-05-01,36.71
Irving W. Chapley Community Centre,34999410,Recreation & Community,6997,2024-06-01,1497.79
Irving W. Chapley Community Centre,34999410,Recreation & Community,6997,2024-07-01,1495.87
Irving W. Chapley Community Centre,34999410,Recreation & Community,6997,2024-08-01,931.0
Irving W. Chapley Community Centre,34999410,Recreation & Community,6997,2024-09-01,1822.46
Irving W. Chapley Community Centre,34999410,Recreation & Community,6997,2024-10-01,295.37
Irving W. Chapley Community Centre,34999410,Recreation & Community,6997,2024-11-01,905.23
Irving W. Chapley Community Centre,34999410,Recreation & Community,6997,2024-12-01,2212.91
Jimmie Simpson Recreation Centre,34999411,Recreation & Community,43906,2024-01-01,31602.95
Jimmie Simpson Recreation Centre,34999411,Recreation & Community,43906,2024-02-01,27824.2
Jimmie Simpson Recreation Centre,34999411,Recreation & Community,43906,2024-03-01,25418.78
Jimmie Simpson Recreation Centre,34999411,Recreation & Community,43906,2024-04-01,16201.499999999998
Jimmie Simpson Recreation Centre,34999411,Recreation & Community,43906,2024-05-01,5704.46
Jimmie Simpson Recreation Centre,34999411,Recreation & Community,43906,2024-06-01,6954.44
Jimmie Simpson Recreation Centre,34999411,Recreation & Community,43906,2024-07-01,2210.0
Jimmie Simpson Recreation Centre,34999411,Recreation & Community,43906,2024-08-01,3255.23
Jimmie Simpson Recreation Centre,34999411,Recreation & Community,43906,2024-09-01,3320.57
Jimmie Simpson Recreation Centre,34999411,Recreation & Community,43906,2024-10-01,8282.79
Jimmie Simpson Recreation Centre,34999411,Recreation & Community,43906,2024-11-01,20287.5
Jimmie Simpson Recreation Centre,34999411,Recreation & Community,43906,2024-12-01,27043.42
Grandravine Community Recreation Centre,34999408,Recreation & Community,33637,2024-01-01,15007.02
Grandravine Community Recreation Centre,34999408,Recreation & Community,33637,2024-02-01,13620.78
Grandravine Community Recreation Centre,34999408,Recreation & Community,33637,2024-03-01,10630.46
Grandravine Community Recreation Centre,34999408,Recreation & Community,33637,2024-04-01,6306.9
Grandravine Community Recreation Centre,34999408,Recreation & Community,33637,2024-05-01,1095.07
Grandravine Community Recreation Centre,34999408,Recreation & Community,33637,2024-06-01,639.65
Grandravine Community Recreation Centre,34999408,Recreation & Community,33637,2024-07-01,2085.74
Grandravine Community Recreation Centre,34999408,Recreation & Community,33637,2024-08-01,945.38
Grandravine Community Recreation Centre,34999408,Recreation & Community,33637,2024-09-01,1944.08
Grandravine Community Recreation Centre,34999408,Recreation & Community,33637,2024-10-01,4640.87
Grandravine Community Recreation Centre,34999408,Recreation & Community,33637,2024-11-01,8367.95
Grandravine Community Recreation Centre,34999408,Recreation & Community,33637,2024-12-01,13119.57
Heron Park Community Centre,34999409,Recreation & Community,52377,2024-01-01,23208.38
Heron Park Community Centre,34999409,Recreation & Community,52377,2024-02-01,22041.45
Heron Park Community Centre,34999409,Recreation & Community,52377,2024-03-01,22300.7
Heron Park Community Centre,34999409,Recreation & Community,52377,2024-04-01,14336.64
Heron Park Community Centre,34999409,Recreation & Community,52377,2024-05-01,5579.04
Heron Park Community Centre,34999409,Recreation & Community,52377,2024-06-01,4281.77
Heron Park Community Centre,34999409,Recreation & Community,52377,2024-07-01,6243.83
Heron Park Community Centre,34999409,Recreation & Community,52377,2024-08-01,6485.54
Heron Park Community Centre,34999409,Recreation & Community,52377,2024-09-01,4683.3
Heron Park Community Centre,34999409,Recreation & Community,52377,2024-10-01,6421.71
Heron Park Community Centre,34999409,Recreation & Community,52377,2024-11-01,14922.01
Heron Park Community Centre,34999409,Recreation & Community,52377,2024-12-01,19853.13
Angela James Arena,34999422,Recreation & Community,25640,2024-01-01,7836.66
Angela James Arena,34999422,Recreation & Community,25640,2024-02-01,5621.23
Angela James Arena,34999422,Recreation & Community,25640,2024-03-01,5659.35
Angela James Arena,34999422,Recreation & Community,25640,2024-04-01,3049.27
Angela James Arena,34999422,Recreation & Community,25640,2024-05-01,1179.97
Angela James Arena,34999422,Recreation & Community,25640,2024-06-01,720.79
Angela James Arena,34999422,Recreation & Community,25640,2024-07-01,1103.06
Angela James Arena,34999422,Recreation & Community,25640,2024-08-01,245.23
Angela James Arena,34999422,Recreation & Community,25640,2024-09-01,207.64
Angela James Arena,34999422,Recreation & Community,25640,2024-10-01,1775.37
Angela James Arena,34999422,Recreation & Community,25640,2024-11-01,5062.66
Angela James Arena,34999422,Recreation & Community,25640,2024-12-01,5336.46
Baycrest Arena,34999423,Recreation & Community,27060,2024-01-01,8485.22
Baycrest Arena,34999423,Recreation & Community,27060,2024-02-01,4907.01
Baycrest Arena,34999423,Recreation & Community,27060,2024-03-01,5238.55
Baycrest Arena,34999423,Recreation & Community,27060,2024-04-01,2127.3
Baycrest Arena,34999423,Recreation & Community,27060,2024-05-01,389.83
Baycrest Arena,34999423,Recreation & Community,27060,2024-06-01,87.01
Baycrest Arena,34999423,Recreation & Community,27060,2024-07-01,65.15
Baycrest Arena,34999423,Recreation & Community,27060,2024-08-01,626.81
Baycrest Arena,34999423,Recreation & Community,27060,2024-09-01,372.58
Baycrest Arena,34999423,Recreation & Community,27060,2024-10-01,2283.44
Baycrest Arena,34999423,Recreation & Community,27060,2024-11-01,4311.71
Baycrest Arena,34999423,Recreation & Community,27060,2024-12-01,5464.18
Wallace Emerson Community Centre,34999420,Recreation & Community,51882,2024-01-01,14810.57
Wallace Emerson Community Centre,34999420,Recreation & Community,51882,2024-02-01,12558.9
Wallace Emerson Community Centre,34999420,Recreation & Community,51882,2024-03-01,3828.07
Wallace Emerson Community Centre,34999420,Recreation & Community,51882,2024-04-01,6456.15
Wallace Emerson Community Centre,34999420,Recreation & Community,51882,2024-05-01,5383.47
Wallace Emerson Community Centre,34999420,Recreation & Community,51882,2024-06-01,4160.16
Wallace Emerson Community Centre,34999420,Recreation & Community,51882,2024-07-01,3744.11
Wallace Emerson Community Centre,34999420,Recreation & Community,51882,2024-08-01,2333.65
Wallace Emerson Community Centre,34999420,Recreation & Community,51882,2024-09-01,1827.55
Wallace Emerson Community Centre,34999420,Recreation & Community,51882,2024-10-01,4925.87
Wallace Emerson Community Centre,34999420,Recreation & Community,51882,2024-11-01,9088.72
Wallace Emerson Community Centre,34999420,Recreation & Community,51882,2024-12-01,12552.45
Albion Arena,34999421,Recreation & Community,32658,2024-01-01,10788.36
Albion Arena,34999421,Recreation & Community,32658,2024-02-01,6930.89
Albion Arena,34999421,Recreation & Community,32658,2024-03-01,4262.65
Albion Arena,34999421,Recreation & Community,32658,2024-04-01,2988.43
Albion Arena,34999421,Recreation & Community,32658,2024-05-01,179.65
Albion Arena,34999421,Recreation & Community,32658,2024-06-01,11.79
Albion Arena,34999421,Recreation & Community,32658,2024-07-01,19.5
Albion Arena,34999421,Recreation & Community,32658,2024-08-01,3081.13
Albion Arena,34999421,Recreation & Community,32658,2024-09-01,5198.05
Albion Arena,34999421,Recreation & Community,32658,2024-10-01,7611.89
Albion Arena,34999421,Recreation & Community,32658,2024-11-01,11111.73
Albion Arena,34999421,Recreation & Community,32658,2024-12-01,12884.37
Pleasantview Community Centre,34999418,Recreation & Community,30559,2024-01-01,13175.81
Pleasantview Community Centre,34999418,Recreation & Community,30559,2024-02-01,13536.9
Pleasantview Community Centre,34999418,Recreation & Community,30559,2024-03-01,11225.33
Pleasantview Community Centre,34999418,Recreation & Community,30559,2024-04-01,6515.81
Pleasantview Community Centre,34999418,Recreation & Community,30559,2024-05-01,2162.27
Pleasantview Community Centre,34999418,Recreation & Community,30559,2024-06-01,1842.33
Pleasantview Community Centre,34999418,Recreation & Community,30559,2024-07-01,2738.67
Pleasantview Community Centre,34999418,Recreation & Community,30559,2024-08-01,2248.34
Pleasantview Community Centre,34999418,Recreation & Community,30559,2024-09-01,3094.55
Pleasantview Community Centre,34999418,Recreation & Community,30559,2024-10-01,5459.24
Pleasantview Community Centre,34999418,Recreation & Community,30559,2024-11-01,8531.62
Pleasantview Community Centre,34999418,Recreation & Community,30559,2024-12-01,15921.800000000001
Roding Community Centre,34999419,Recreation & Community,30494,2024-01-01,6074.25
Roding Community Centre,34999419,Recreation & Community,30494,2024-02-01,4494.24
Roding Community Centre,34999419,Recreation & Community,30494,2024-03-01,4289.59
Roding Community Centre,34999419,Recreation & Community,30494,2024-04-01,1560.26
Roding Community Centre,34999419,Recreation & Community,30494,2024-05-01,566.38
Roding Community Centre,34999419,Recreation & Community,30494,2024-06-01,548.05
Roding Community Centre,34999419,Recreation & Community,30494,2024-07-01,1544.98
Roding Community Centre,34999419,Recreation & Community,30494,2024-08-01,567.27
Roding Community Centre,34999419,Recreation & Community,30494,2024-09-01,1312.61
Roding Community Centre,34999419,Recreation & Community,30494,2024-10-01,1365.43
Roding Community Centre,34999419,Recreation & Community,30494,2024-11-01,3374.02
Roding Community Centre,34999419,Recreation & Community,30494,2024-12-01,4351.28
Mitchell Field Community Centre,34999416,Recreation & Community,30182,2024-01-01,16249.450000000003
Mitchell Field Community Centre,34999416,Recreation & Community,30182,2024-02-01,8120.7
Mitchell Field Community Centre,34999416,Recreation & Community,30182,2024-03-01,11782.94
Mitchell Field Community Centre,34999416,Recreation & Community,30182,2024-04-01,4366.28
Mitchell Field Community Centre,34999416,Recreation & Community,30182,2024-05-01,2482.24
Mitchell Field Community Centre,34999416,Recreation & Community,30182,2024-06-01,1712.5
Mitchell Field Community Centre,34999416,Recreation & Community,30182,2024-07-01,1849.26
Mitchell Field Community Centre,34999416,Recreation & Community,30182,2024-08-01,1987.1600000000003
Mitchell Field Community Centre,34999416,Recreation & Community,30182,2024-09-01,1528.54
Mitchell Field Community Centre,34999416,Recreation & Community,30182,2024-10-01,4256.58
Mitchell Field Community Centre,34999416,Recreation & Community,30182,2024-11-01,7245.96
Mitchell Field Community Centre,34999416,Recreation & Community,30182,2024-12-01,9173.55
Oriole Community Centre,34999417,Recreation & Community,64347,2024-01-01,15598.88
Oriole Community Centre,34999417,Recreation & Community,64347,2024-02-01,9862.11
Oriole Community Centre,34999417,Recreation & Community,64347,2024-03-01,10020.13
Oriole Community Centre,34999417,Recreation & Community,64347,2024-04-01,5269.16
Oriole Community Centre,34999417,Recreation & Community,64347,2024-05-01,911.19
Oriole Community Centre,34999417,Recreation & Community,64347,2024-06-01,1749.7
Oriole Community Centre,34999417,Recreation & Community,64347,2024-07-01,3666.55
Oriole Community Centre,34999417,Recreation & Community,64347,2024-08-01,1360.41
Oriole Community Centre,34999417,Recreation & Community,64347,2024-09-01,1361.7
Oriole Community Centre,34999417,Recreation & Community,64347,2024-10-01,3793.76
Oriole Community Centre,34999417,Recreation & Community,64347,2024-11-01,7738.16
Oriole Community Centre,34999417,Recreation & Community,64347,2024-12-01,11286.09
Rockcliffe GreenHouse,34999398,Other-Public Services,12271,2024-01-01,20464.89
Rockcliffe GreenHouse,34999398,Other-Public Services,12271,2024-02-01,17339.31
Rockcliffe GreenHouse,34999398,Other-Public Services,12271,2024-03-01,13265.77
Rockcliffe GreenHouse,34999398,Other-Public Services,12271,2024-04-01,17163.91
Rockcliffe GreenHouse,34999398,Other-Public Services,12271,2024-05-01,3949.69
Rockcliffe GreenHouse,34999398,Other-Public Services,12271,2024-06-01,180.32
Rockcliffe GreenHouse,34999398,Other-Public Services,12271,2024-07-01,52.49
Rockcliffe GreenHouse,34999398,Other-Public Services,12271,2024-08-01,110.9
Rockcliffe GreenHouse,34999398,Other-Public Services,12271,2024-09-01,203.05
Rockcliffe GreenHouse,34999398,Other-Public Services,12271,2024-10-01,3061.27
Rockcliffe GreenHouse,34999398,Other-Public Services,12271,2024-11-01,8228.21
Rockcliffe GreenHouse,34999398,Other-Public Services,12271,2024-12-01,21504.5
Agincourt Recreation Centre,34999399,Recreation & Community,93398,2024-01-01,26364.02
Agincourt Recreation Centre,34999399,Recreation & Community,93398,2024-02-01,27781.42
Agincourt Recreation Centre,34999399,Recreation & Community,93398,2024-03-01,28237.56
Agincourt Recreation Centre,34999399,Recreation & Community,93398,2024-04-01,29069.5
Agincourt Recreation Centre,34999399,Recreation & Community,93398,2024-05-01,30988.5
Agincourt Recreation Centre,34999399,Recreation & Community,93398,2024-06-01,26650.31
Agincourt Recreation Centre,34999399,Recreation & Community,93398,2024-07-01,27309.25
Agincourt Recreation Centre,34999399,Recreation & Community,93398,2024-08-01,15680.75
Agincourt Recreation Centre,34999399,Recreation & Community,93398,2024-09-01,4250.41
Agincourt Recreation Centre,34999399,Recreation & Community,93398,2024-10-01,20461.66
Agincourt Recreation Centre,34999399,Recreation & Community,93398,2024-11-01,29571.49
Agincourt Recreation Centre,34999399,Recreation & Community,93398,2024-12-01,48843.25
High Park Greenhouses,34999396,Other-Public Services,60386,2024-01-01,55904.92
High Park Greenhouses,34999396,Other-Public Services,60386,2024-02-01,49540.08
High Park Greenhouses,34999396,Other-Public Services,60386,2024-03-01,48865.1
High Park Greenhouses,34999396,Other-Public Services,60386,2024-04-01,45291.4
High Park Greenhouses,34999396,Other-Public Services,60386,2024-05-01,40039.09
High Park Greenhouses,34999396,Other-Public Services,60386,2024-06-01,29771.93
High Park Greenhouses,34999396,Other-Public Services,60386,2024-07-01,23145.97
High Park Greenhouses,34999396,Other-Public Services,60386,2024-08-01,25739.1
High Park Greenhouses,34999396,Other-Public Services,60386,2024-09-01,36164.94
High Park Greenhouses,34999396,Other-Public Services,60386,2024-10-01,49644.29
High Park Greenhouses,34999396,Other-Public Services,60386,2024-11-01,58215.76
High Park Greenhouses,34999396,Other-Public Services,60386,2024-12-01,73544.92
Riverlea Greenhouse,34999397,Other-Public Services,17018,2024-01-01,15172.42
Riverlea Greenhouse,34999397,Other-Public Services,17018,2024-02-01,11396.38
Riverlea Greenhouse,34999397,Other-Public Services,17018,2024-03-01,6953.41
Riverlea Greenhouse,34999397,Other-Public Services,17018,2024-04-01,2998.94
Riverlea Greenhouse,34999397,Other-Public Services,17018,2024-05-01,128.45
Riverlea Greenhouse,34999397,Other-Public Services,17018,2024-06-01,14.48
Riverlea Greenhouse,34999397,Other-Public Services,17018,2024-07-01,140.45
Riverlea Greenhouse,34999397,Other-Public Services,17018,2024-08-01,181.87
Riverlea Greenhouse,34999397,Other-Public Services,17018,2024-09-01,158.06
Riverlea Greenhouse,34999397,Other-Public Services,17018,2024-10-01,3155.64
Riverlea Greenhouse,34999397,Other-Public Services,17018,2024-11-01,4560.66
Riverlea Greenhouse,34999397,Other-Public Services,17018,2024-12-01,11576.32
Centennial Park Conservatory,34999394,Other-Public Services,29170,2024-01-01,39986.92
Centennial Park Conservatory,34999394,Other-Public Services,29170,2024-02-01,32983.58
Centennial Park Conservatory,34999394,Other-Public Services,29170,2024-03-01,20577.52
Centennial Park Conservatory,34999394,Other-Public Services,29170,2024-04-01,13323.75
Centennial Park Conservatory,34999394,Other-Public Services,29170,2024-05-01,6567.71
Centennial Park Conservatory,34999394,Other-Public Services,29170,2024-06-01,3907.4300000000003
Centennial Park Conservatory,34999394,Other-Public Services,29170,2024-07-01,1530.87
Centennial Park Conservatory,34999394,Other-Public Services,29170,2024-08-01,50.63
Centennial Park Conservatory,34999394,Other-Public Services,29170,2024-09-01,68.36
Centennial Park Conservatory,34999394,Other-Public Services,29170,2024-10-01,1567.51
Centennial Park Conservatory,34999394,Other-Public Services,29170,2024-11-01,3555.69
Centennial Park Conservatory,34999394,Other-Public Services,29170,2024-12-01,7647.73
Toryork Office,34999392,Public Safety,42625,2024-01-01,23024.01
Toryork Office,34999392,Public Safety,42625,2024-02-01,18547.05
Toryork Office,34999392,Public Safety,42625,2024-03-01,15881.309999999998
Toryork Office,34999392,Public Safety,42625,2024-04-01,9913.64
Toryork Office,34999392,Public Safety,42625,2024-05-01,2415.73
Toryork Office,34999392,Public Safety,42625,2024-06-01,4434.31
Toryork Office,34999392,Public Safety,42625,2024-07-01,2603.24
Toryork Office,34999392,Public Safety,42625,2024-08-01,813.4
Toryork Office,34999392,Public Safety,42625,2024-09-01,663.74
Toryork Office,34999392,Public Safety,42625,2024-10-01,6141.53
Toryork Office,34999392,Public Safety,42625,2024-11-01,12275.99
Toryork Office,34999392,Public Safety,42625,2024-12-01,20548.82
Allan Gardens,34999393,Other-Public Services,25177,2024-01-01,31955.719999999998
Allan Gardens,34999393,Other-Public Services,25177,2024-02-01,33984.45
Allan Gardens,34999393,Other-Public Services,25177,2024-03-01,40367.64
Allan Gardens,34999393,Other-Public Services,25177,2024-04-01,24075.68
Allan Gardens,34999393,Other-Public Services,25177,2024-05-01,24338.52
Allan Gardens,34999393,Other-Public Services,25177,2024-06-01,57.3
Allan Gardens,34999393,Other-Public Services,25177,2024-07-01,50.43
Allan Gardens,34999393,Other-Public Services,25177,2024-08-01,24.68
Allan Gardens,34999393,Other-Public Services,25177,2024-09-01,2080.12
Allan Gardens,34999393,Other-Public Services,25177,2024-10-01,11912.21
Allan Gardens,34999393,Other-Public Services,25177,2024-11-01,23005.02
Allan Gardens,34999393,Other-Public Services,25177,2024-12-01,32496.22
Gord & Irene Risk Community Centre,34999406,Recreation & Community,44304,2024-01-01,17138.44
Gord & Irene Risk Community Centre,34999406,Recreation & Community,44304,2024-02-01,10640.39
Gord & Irene Risk Community Centre,34999406,Recreation & Community,44304,2024-03-01,10899.39
Gord & Irene Risk Community Centre,34999406,Recreation & Community,44304,2024-04-01,4602.75
Gord & Irene Risk Community Centre,34999406,Recreation & Community,44304,2024-05-01,1137.77
Gord & Irene Risk Community Centre,34999406,Recreation & Community,44304,2024-06-01,1355.86
Gord & Irene Risk Community Centre,34999406,Recreation & Community,44304,2024-07-01,1197.13
Gord & Irene Risk Community Centre,34999406,Recreation & Community,44304,2024-08-01,1282.04
Gord & Irene Risk Community Centre,34999406,Recreation & Community,44304,2024-09-01,1660.13
Gord & Irene Risk Community Centre,34999406,Recreation & Community,44304,2024-10-01,4144.04
Gord & Irene Risk Community Centre,34999406,Recreation & Community,44304,2024-11-01,9994.91
Gord & Irene Risk Community Centre,34999406,Recreation & Community,44304,2024-12-01,12983.04
Goulding Community Centre,34999407,Recreation & Community,43540,2024-01-01,17141.69
Goulding Community Centre,34999407,Recreation & Community,43540,2024-02-01,8997.24
Goulding Community Centre,34999407,Recreation & Community,43540,2024-03-01,10353.71
Goulding Community Centre,34999407,Recreation & Community,43540,2024-04-01,5002.17
Goulding Community Centre,34999407,Recreation & Community,43540,2024-05-01,1727.36
Goulding Community Centre,34999407,Recreation & Community,43540,2024-06-01,1636.66
Goulding Community Centre,34999407,Recreation & Community,43540,2024-07-01,1808.64
Goulding Community Centre,34999407,Recreation & Community,43540,2024-08-01,1749.91
Goulding Community Centre,34999407,Recreation & Community,43540,2024-09-01,4911.89
Goulding Community Centre,34999407,Recreation & Community,43540,2024-10-01,3697.62
Goulding Community Centre,34999407,Recreation & Community,43540,2024-11-01,4057.72
Goulding Community Centre,34999407,Recreation & Community,43540,2024-12-01,9232.65
Cummer Park Community Centre,34999404,Recreation & Community,34348,2024-01-01,19930.45
Cummer Park Community Centre,34999404,Recreation & Community,34348,2024-02-01,14444.12
Cummer Park Community Centre,34999404,Recreation & Community,34348,2024-03-01,15440.27
Cummer Park Community Centre,34999404,Recreation & Community,34348,2024-04-01,14942.2
Cummer Park Community Centre,34999404,Recreation & Community,34348,2024-05-01,14040.57
Cummer Park Community Centre,34999404,Recreation & Community,34348,2024-06-01,5933.85
Cummer Park Community Centre,34999404,Recreation & Community,34348,2024-07-01,2958.97
Cummer Park Community Centre,34999404,Recreation & Community,34348,2024-08-01,3563.0
Cummer Park Community Centre,34999404,Recreation & Community,34348,2024-09-01,7845.339999999999
Cummer Park Community Centre,34999404,Recreation & Community,34348,2024-10-01,12255.98
Cummer Park Community Centre,34999404,Recreation & Community,34348,2024-11-01,12888.27
Cummer Park Community Centre,34999404,Recreation & Community,34348,2024-12-01,18973.95
Glenlong Community Centre,34999405,Recreation & Community,10236,2024-01-01,8544.51
Glenlong Community Centre,34999405,Recreation & Community,10236,2024-02-01,6399.58
Glenlong Community Centre,34999405,Recreation & Community,10236,2024-03-01,4464.89
Glenlong Community Centre,34999405,Recreation & Community,10236,2024-04-01,3196.11
Glenlong Community Centre,34999405,Recreation & Community,10236,2024-05-01,311.24
Glenlong Community Centre,34999405,Recreation & Community,10236,2024-06-01,612.73
Glenlong Community Centre,34999405,Recreation & Community,10236,2024-07-01,784.23
Glenlong Community Centre,34999405,Recreation & Community,10236,2024-08-01,793.57
Glenlong Community Centre,34999405,Recreation & Community,10236,2024-09-01,1094.94
Glenlong Community Centre,34999405,Recreation & Community,10236,2024-10-01,2301.95
Glenlong Community Centre,34999405,Recreation & Community,10236,2024-11-01,3973.9299999999994
Glenlong Community Centre,34999405,Recreation & Community,10236,2024-12-01,7043.72
Broadlands Community Centre,34999402,Recreation & Community,10667,2024-01-01,2950.25
Broadlands Community Centre,34999402,Recreation & Community,10667,2024-02-01,2321.62
Broadlands Community Centre,34999402,Recreation & Community,10667,2024-03-01,1869.31
Broadlands Community Centre,34999402,Recreation & Community,10667,2024-04-01,793.08
Broadlands Community Centre,34999402,Recreation & Community,10667,2024-05-01,111.16
Broadlands Community Centre,34999402,Recreation & Community,10667,2024-06-01,199.84
Broadlands Community Centre,34999402,Recreation & Community,10667,2024-07-01,353.87
Broadlands Community Centre,34999402,Recreation & Community,10667,2024-08-01,309.38
Broadlands Community Centre,34999402,Recreation & Community,10667,2024-09-01,147.42
Broadlands Community Centre,34999402,Recreation & Community,10667,2024-10-01,659.37
Broadlands Community Centre,34999402,Recreation & Community,10667,2024-11-01,1415.25
Broadlands Community Centre,34999402,Recreation & Community,10667,2024-12-01,3601.59
Centennial Recreation Centre,34999403,Recreation & Community,102376,2024-01-01,19509.64
Centennial Recreation Centre,34999403,Recreation & Community,102376,2024-02-01,18250.95
Centennial Recreation Centre,34999403,Recreation & Community,102376,2024-03-01,19509.64
Centennial Recreation Centre,34999403,Recreation & Community,102376,2024-04-01,18880.29
Centennial Recreation Centre,34999403,Recreation & Community,102376,2024-05-01,19509.64
Centennial Recreation Centre,34999403,Recreation & Community,102376,2024-06-01,18880.29
Centennial Recreation Centre,34999403,Recreation & Community,102376,2024-07-01,19509.64
Centennial Recreation Centre,34999403,Recreation & Community,102376,2024-08-01,12620.02
Centennial Recreation Centre,34999403,Recreation & Community,102376,2024-09-01,6723.02
Centennial Recreation Centre,34999403,Recreation & Community,102376,2024-10-01,13906.32
Centennial Recreation Centre,34999403,Recreation & Community,102376,2024-11-01,25300.72
Centennial Recreation Centre,34999403,Recreation & Community,102376,2024-12-01,25004.74
Birchmount Community Centre,34999401,Recreation & Community,46166,2024-01-01,28748.18
Birchmount Community Centre,34999401,Recreation & Community,46166,2024-02-01,25331.34
Birchmount Community Centre,34999401,Recreation & Community,46166,2024-03-01,24968.82
Birchmount Community Centre,34999401,Recreation & Community,46166,2024-04-01,21972.97
Birchmount Community Centre,34999401,Recreation & Community,46166,2024-05-01,15137.75
Birchmount Community Centre,34999401,Recreation & Community,46166,2024-06-01,11043.87
Birchmount Community Centre,34999401,Recreation & Community,46166,2024-07-01,12596.29
Birchmount Community Centre,34999401,Recreation & Community,46166,2024-08-01,12309.96
Birchmount Community Centre,34999401,Recreation & Community,46166,2024-09-01,11426.66
Birchmount Community Centre,34999401,Recreation & Community,46166,2024-10-01,16091.730000000001
Birchmount Community Centre,34999401,Recreation & Community,46166,2024-11-01,18879.76
Birchmount Community Centre,34999401,Recreation & Community,46166,2024-12-01,21452.43
Victoria Village Arena,34999446,Recreation & Community,33637,2024-01-01,12505.95
Victoria Village Arena,34999446,Recreation & Community,33637,2024-02-01,10172.84
Victoria Village Arena,34999446,Recreation & Community,33637,2024-03-01,8598.64
Victoria Village Arena,34999446,Recreation & Community,33637,2024-04-01,5308.66
Victoria Village Arena,34999446,Recreation & Community,33637,2024-05-01,1192.26
Victoria Village Arena,34999446,Recreation & Community,33637,2024-06-01,473.38
Victoria Village Arena,34999446,Recreation & Community,33637,2024-07-01,184.29
Victoria Village Arena,34999446,Recreation & Community,33637,2024-08-01,959.31
Victoria Village Arena,34999446,Recreation & Community,33637,2024-09-01,2287.08
Victoria Village Arena,34999446,Recreation & Community,33637,2024-10-01,4337.95
Victoria Village Arena,34999446,Recreation & Community,33637,2024-11-01,7295.35
Victoria Village Arena,34999446,Recreation & Community,33637,2024-12-01,11336.77
York Mills Arena,34999447,Recreation & Community,23573,2024-01-01,6213.13
York Mills Arena,34999447,Recreation & Community,23573,2024-02-01,9770.38
York Mills Arena,34999447,Recreation & Community,23573,2024-03-01,3905.31
York Mills Arena,34999447,Recreation & Community,23573,2024-04-01,5272.08
York Mills Arena,34999447,Recreation & Community,23573,2024-05-01,840.84
York Mills Arena,34999447,Recreation & Community,23573,2024-06-01,726.11
York Mills Arena,34999447,Recreation & Community,23573,2024-07-01,386.48
York Mills Arena,34999447,Recreation & Community,23573,2024-08-01,386.82
York Mills Arena,34999447,Recreation & Community,23573,2024-09-01,298.4
York Mills Arena,34999447,Recreation & Community,23573,2024-10-01,674.5
York Mills Arena,34999447,Recreation & Community,23573,2024-11-01,2903.33
York Mills Arena,34999447,Recreation & Community,23573,2024-12-01,3974.67
Scarborough Village Recreation Centre,34999445,Recreation & Community,58125,2024-01-01,14033.79
Scarborough Village Recreation Centre,34999445,Recreation & Community,58125,2024-02-01,7739.13
Scarborough Village Recreation Centre,34999445,Recreation & Community,58125,2024-03-01,7840.29
Scarborough Village Recreation Centre,34999445,Recreation & Community,58125,2024-04-01,5878.11
Scarborough Village Recreation Centre,34999445,Recreation & Community,58125,2024-05-01,1994.4900000000002
Scarborough Village Recreation Centre,34999445,Recreation & Community,58125,2024-06-01,1186.06
Scarborough Village Recreation Centre,34999445,Recreation & Community,58125,2024-07-01,1099.49
Scarborough Village Recreation Centre,34999445,Recreation & Community,58125,2024-08-01,1012.39
Scarborough Village Recreation Centre,34999445,Recreation & Community,58125,2024-09-01,682.52
Scarborough Village Recreation Centre,34999445,Recreation & Community,58125,2024-10-01,3834.49
Scarborough Village Recreation Centre,34999445,Recreation & Community,58125,2024-11-01,7597.75
Scarborough Village Recreation Centre,34999445,Recreation & Community,58125,2024-12-01,13237.38
Phil White Arena,34999442,Recreation & Community,25941,2024-01-01,3147.94
Phil White Arena,34999442,Recreation & Community,25941,2024-02-01,2664.59
Phil White Arena,34999442,Recreation & Community,25941,2024-03-01,2442.93
Phil White Arena,34999442,Recreation & Community,25941,2024-04-01,768.81
Phil White Arena,34999442,Recreation & Community,25941,2024-05-01,403.08
Phil White Arena,34999442,Recreation & Community,25941,2024-06-01,616.96
Phil White Arena,34999442,Recreation & Community,25941,2024-07-01,101.68
Phil White Arena,34999442,Recreation & Community,25941,2024-08-01,62.980000000000004
Phil White Arena,34999442,Recreation & Community,25941,2024-09-01,443.64
Phil White Arena,34999442,Recreation & Community,25941,2024-10-01,1826.16
Phil White Arena,34999442,Recreation & Community,25941,2024-11-01,2032.54
Phil White Arena,34999442,Recreation & Community,25941,2024-12-01,3573.22
Pine Point Arena,34999443,Recreation & Community,32001,2024-01-01,4952.27
Pine Point Arena,34999443,Recreation & Community,32001,2024-02-01,3808.45
Pine Point Arena,34999443,Recreation & Community,32001,2024-03-01,3531.95
Pine Point Arena,34999443,Recreation & Community,32001,2024-04-01,2351.67
Pine Point Arena,34999443,Recreation & Community,32001,2024-05-01,331.92
Pine Point Arena,34999443,Recreation & Community,32001,2024-06-01,148.91
Pine Point Arena,34999443,Recreation & Community,32001,2024-07-01,66.84
Pine Point Arena,34999443,Recreation & Community,32001,2024-08-01,251.51999999999998
Pine Point Arena,34999443,Recreation & Community,32001,2024-09-01,403.12
Pine Point Arena,34999443,Recreation & Community,32001,2024-10-01,1595.45
Pine Point Arena,34999443,Recreation & Community,32001,2024-11-01,2818.77
Pine Point Arena,34999443,Recreation & Community,32001,2024-12-01,4324.84
Long Branch Arena,34999440,Recreation & Community,25629,2024-01-01,6771.8
Long Branch Arena,34999440,Recreation & Community,25629,2024-02-01,5281.78
Long Branch Arena,34999440,Recreation & Community,25629,2024-03-01,4686.76
Long Branch Arena,34999440,Recreation & Community,25629,2024-04-01,2407.47
Long Branch Arena,34999440,Recreation & Community,25629,2024-05-01,413.5
Long Branch Arena,34999440,Recreation & Community,25629,2024-06-01,490.66
Long Branch Arena,34999440,Recreation & Community,25629,2024-07-01,220.86
Long Branch Arena,34999440,Recreation & Community,25629,2024-08-01,46.07
Long Branch Arena,34999440,Recreation & Community,25629,2024-09-01,189.09
Long Branch Arena,34999440,Recreation & Community,25629,2024-10-01,2164.6
Long Branch Arena,34999440,Recreation & Community,25629,2024-11-01,3831.97
Long Branch Arena,34999440,Recreation & Community,25629,2024-12-01,5450.52
Mimico Arena,34999441,Recreation & Community,35607,2024-01-01,6001.19
Mimico Arena,34999441,Recreation & Community,35607,2024-02-01,7392.37
Mimico Arena,34999441,Recreation & Community,35607,2024-03-01,5815.64
Mimico Arena,34999441,Recreation & Community,35607,2024-04-01,4780.72
Mimico Arena,34999441,Recreation & Community,35607,2024-05-01,1364.22
Mimico Arena,34999441,Recreation & Community,35607,2024-06-01,136.35
Mimico Arena,34999441,Recreation & Community,35607,2024-07-01,257.5
Mimico Arena,34999441,Recreation & Community,35607,2024-08-01,327.17
Mimico Arena,34999441,Recreation & Community,35607,2024-09-01,236.13
Mimico Arena,34999441,Recreation & Community,35607,2024-10-01,3369.4
Mimico Arena,34999441,Recreation & Community,35607,2024-11-01,4435.76
Mimico Arena,34999441,Recreation & Community,35607,2024-12-01,9226.66
East York Community Centre,34999454,Recreation & Community,31000,2024-01-01,16207.86
East York Community Centre,34999454,Recreation & Community,31000,2024-02-01,13445.51
East York Community Centre,34999454,Recreation & Community,31000,2024-03-01,12581.63
East York Community Centre,34999454,Recreation & Community,31000,2024-04-01,9470.36
East York Community Centre,34999454,Recreation & Community,31000,2024-05-01,6456.45
East York Community Centre,34999454,Recreation & Community,31000,2024-06-01,3533.77
East York Community Centre,34999454,Recreation & Community,31000,2024-07-01,4021.9899999999993
East York Community Centre,34999454,Recreation & Community,31000,2024-08-01,2485.2
East York Community Centre,34999454,Recreation & Community,31000,2024-09-01,1634.92
East York Community Centre,34999454,Recreation & Community,31000,2024-10-01,6602.92
East York Community Centre,34999454,Recreation & Community,31000,2024-11-01,12958.8
East York Community Centre,34999454,Recreation & Community,31000,2024-12-01,14977.38
Etobicoke Olympium,34999455,Recreation & Community,139995,2024-01-01,86621.54
Etobicoke Olympium,34999455,Recreation & Community,139995,2024-02-01,74550.32
Etobicoke Olympium,34999455,Recreation & Community,139995,2024-03-01,60499.07
Etobicoke Olympium,34999455,Recreation & Community,139995,2024-04-01,50343.34
Etobicoke Olympium,34999455,Recreation & Community,139995,2024-05-01,44472.98
Etobicoke Olympium,34999455,Recreation & Community,139995,2024-06-01,43828.14
Etobicoke Olympium,34999455,Recreation & Community,139995,2024-07-01,44580.43
Etobicoke Olympium,34999455,Recreation & Community,139995,2024-08-01,44697.01
Etobicoke Olympium,34999455,Recreation & Community,139995,2024-09-01,43604.78
Etobicoke Olympium,34999455,Recreation & Community,139995,2024-10-01,52288.33
Etobicoke Olympium,34999455,Recreation & Community,139995,2024-11-01,58965.18
Etobicoke Olympium,34999455,Recreation & Community,139995,2024-12-01,73064.13
Dennis R. Timbrell Resource Centre,34999452,Recreation & Community,34348,2024-01-01,15159.22
Dennis R. Timbrell Resource Centre,34999452,Recreation & Community,34348,2024-02-01,12369.78
Dennis R. Timbrell Resource Centre,34999452,Recreation & Community,34348,2024-03-01,13311.8
Dennis R. Timbrell Resource Centre,34999452,Recreation & Community,34348,2024-04-01,7250.48
Dennis R. Timbrell Resource Centre,34999452,Recreation & Community,34348,2024-05-01,5236.37
Dennis R. Timbrell Resource Centre,34999452,Recreation & Community,34348,2024-06-01,3063.43
Dennis R. Timbrell Resource Centre,34999452,Recreation & Community,34348,2024-07-01,3513.49
Dennis R. Timbrell Resource Centre,34999452,Recreation & Community,34348,2024-08-01,2074.42
Dennis R. Timbrell Resource Centre,34999452,Recreation & Community,34348,2024-09-01,1569.43
Dennis R. Timbrell Resource Centre,34999452,Recreation & Community,34348,2024-10-01,4929.79
Dennis R. Timbrell Resource Centre,34999452,Recreation & Community,34348,2024-11-01,10095.17
Dennis R. Timbrell Resource Centre,34999452,Recreation & Community,34348,2024-12-01,11557.93
Douglas Snow Aquatic Centre,34999453,Recreation & Community,40666,2024-01-01,28274.61
Douglas Snow Aquatic Centre,34999453,Recreation & Community,40666,2024-02-01,25713.79
Douglas Snow Aquatic Centre,34999453,Recreation & Community,40666,2024-03-01,22969.15
Douglas Snow Aquatic Centre,34999453,Recreation & Community,40666,2024-04-01,15441.130000000001
Douglas Snow Aquatic Centre,34999453,Recreation & Community,40666,2024-05-01,6986.31
Douglas Snow Aquatic Centre,34999453,Recreation & Community,40666,2024-06-01,4051.09
Douglas Snow Aquatic Centre,34999453,Recreation & Community,40666,2024-07-01,4019.2000000000003
Douglas Snow Aquatic Centre,34999453,Recreation & Community,40666,2024-08-01,3863.31
Douglas Snow Aquatic Centre,34999453,Recreation & Community,40666,2024-09-01,3741.83
Douglas Snow Aquatic Centre,34999453,Recreation & Community,40666,2024-10-01,9722.83
Douglas Snow Aquatic Centre,34999453,Recreation & Community,40666,2024-11-01,18414.25
Douglas Snow Aquatic Centre,34999453,Recreation & Community,40666,2024-12-01,29904.46
Antibes Park (Community Centre),34999450,Recreation & Community,18492,2024-01-01,8988.34
Antibes Park (Community Centre),34999450,Recreation & Community,18492,2024-02-01,6364.91
Antibes Park (Community Centre),34999450,Recreation & Community,18492,2024-03-01,6666.74
Antibes Park (Community Centre),34999450,Recreation & Community,18492,2024-04-01,4545.14
Antibes Park (Community Centre),34999450,Recreation & Community,18492,2024-05-01,2410.72
Antibes Park (Community Centre),34999450,Recreation & Community,18492,2024-06-01,2320.54
Antibes Park (Community Centre),34999450,Recreation & Community,18492,2024-07-01,936.08
Antibes Park (Community Centre),34999450,Recreation & Community,18492,2024-08-01,1839.68
Antibes Park (Community Centre),34999450,Recreation & Community,18492,2024-09-01,1409.2
Antibes Park (Community Centre),34999450,Recreation & Community,18492,2024-10-01,3823.58
Antibes Park (Community Centre),34999450,Recreation & Community,18492,2024-11-01,1181.14
Antibes Park (Community Centre),34999450,Recreation & Community,18492,2024-12-01,7146.39
Albion Pool & Health Club,34999448,Recreation & Community,20688,2024-01-01,20204.9
Albion Pool & Health Club,34999448,Recreation & Community,20688,2024-02-01,15034.53
Albion Pool & Health Club,34999448,Recreation & Community,20688,2024-03-01,12858.1
Albion Pool & Health Club,34999448,Recreation & Community,20688,2024-04-01,10376.84
Albion Pool & Health Club,34999448,Recreation & Community,20688,2024-05-01,6487.98
Albion Pool & Health Club,34999448,Recreation & Community,20688,2024-06-01,5063.12
Albion Pool & Health Club,34999448,Recreation & Community,20688,2024-07-01,4481.7
Albion Pool & Health Club,34999448,Recreation & Community,20688,2024-08-01,5561.63
Albion Pool & Health Club,34999448,Recreation & Community,20688,2024-09-01,6379.56
Albion Pool & Health Club,34999448,Recreation & Community,20688,2024-10-01,8232.98
Albion Pool & Health Club,34999448,Recreation & Community,20688,2024-11-01,11844.01
Albion Pool & Health Club,34999448,Recreation & Community,20688,2024-12-01,18821.43
Don Montgomery Community Centre,34999430,Recreation & Community,89125,2024-01-01,6137.41
Don Montgomery Community Centre,34999430,Recreation & Community,89125,2024-02-01,5741.44
Don Montgomery Community Centre,34999430,Recreation & Community,89125,2024-03-01,6137.41
Don Montgomery Community Centre,34999430,Recreation & Community,89125,2024-04-01,6755.73
Don Montgomery Community Centre,34999430,Recreation & Community,89125,2024-05-01,6135.55
Don Montgomery Community Centre,34999430,Recreation & Community,89125,2024-06-01,3455.35
Don Montgomery Community Centre,34999430,Recreation & Community,89125,2024-07-01,2744.24
Don Montgomery Community Centre,34999430,Recreation & Community,89125,2024-08-01,3520.89
Don Montgomery Community Centre,34999430,Recreation & Community,89125,2024-09-01,3258.47
Don Montgomery Community Centre,34999430,Recreation & Community,89125,2024-10-01,6046.62
Don Montgomery Community Centre,34999430,Recreation & Community,89125,2024-11-01,14455.81
Don Montgomery Community Centre,34999430,Recreation & Community,89125,2024-12-01,16462.43
Downsview Arena,34999431,Recreation & Community,34218,2024-01-01,6502.63
Downsview Arena,34999431,Recreation & Community,34218,2024-02-01,3877.29
Downsview Arena,34999431,Recreation & Community,34218,2024-03-01,3066.67
Downsview Arena,34999431,Recreation & Community,34218,2024-04-01,5320.08
Downsview Arena,34999431,Recreation & Community,34218,2024-05-01,1911.03
Downsview Arena,34999431,Recreation & Community,34218,2024-06-01,1479.11
Downsview Arena,34999431,Recreation & Community,34218,2024-07-01,1545.71
Downsview Arena,34999431,Recreation & Community,34218,2024-08-01,1545.87
Downsview Arena,34999431,Recreation & Community,34218,2024-09-01,1492.49
Downsview Arena,34999431,Recreation & Community,34218,2024-10-01,2827.64
Downsview Arena,34999431,Recreation & Community,34218,2024-11-01,6788.13
Downsview Arena,34999431,Recreation & Community,34218,2024-12-01,6882.56
Commander Park Recreation Centre,34999428,Recreation & Community,56317,2024-01-01,11808.74
Commander Park Recreation Centre,34999428,Recreation & Community,56317,2024-02-01,6969.17
Commander Park Recreation Centre,34999428,Recreation & Community,56317,2024-03-01,6408.14
Commander Park Recreation Centre,34999428,Recreation & Community,56317,2024-04-01,4737.26
Commander Park Recreation Centre,34999428,Recreation & Community,56317,2024-05-01,1926.02
Commander Park Recreation Centre,34999428,Recreation & Community,56317,2024-06-01,4115.43
Commander Park Recreation Centre,34999428,Recreation & Community,56317,2024-07-01,7535.96
Commander Park Recreation Centre,34999428,Recreation & Community,56317,2024-08-01,4576.14
Commander Park Recreation Centre,34999428,Recreation & Community,56317,2024-09-01,4793.73
Commander Park Recreation Centre,34999428,Recreation & Community,56317,2024-10-01,7512.14
Commander Park Recreation Centre,34999428,Recreation & Community,56317,2024-11-01,8961.689999999999
Commander Park Recreation Centre,34999428,Recreation & Community,56317,2024-12-01,11375.75
Don MilIs Citivan Arena,34999429,Recreation & Community,27857,2024-01-01,7761.82
Don MilIs Citivan Arena,34999429,Recreation & Community,27857,2024-02-01,10401.21
Don MilIs Citivan Arena,34999429,Recreation & Community,27857,2024-03-01,9557.87
Don MilIs Citivan Arena,34999429,Recreation & Community,27857,2024-04-01,5951.26
Don MilIs Citivan Arena,34999429,Recreation & Community,27857,2024-05-01,1472.48
Don MilIs Citivan Arena,34999429,Recreation & Community,27857,2024-06-01,276.78
Don MilIs Citivan Arena,34999429,Recreation & Community,27857,2024-07-01,282.02
Don MilIs Citivan Arena,34999429,Recreation & Community,27857,2024-08-01,366.13
Don MilIs Citivan Arena,34999429,Recreation & Community,27857,2024-09-01,409.66
Don MilIs Citivan Arena,34999429,Recreation & Community,27857,2024-10-01,2569.54
Don MilIs Citivan Arena,34999429,Recreation & Community,27857,2024-11-01,8467.48
Don MilIs Citivan Arena,34999429,Recreation & Community,27857,2024-12-01,16494.079999999998
Central Arena,34999426,Recreation & Community,32001,2024-01-01,18686.05
Central Arena,34999426,Recreation & Community,32001,2024-02-01,16341.1
Central Arena,34999426,Recreation & Community,32001,2024-03-01,15291.35
Central Arena,34999426,Recreation & Community,32001,2024-04-01,12953.48
Central Arena,34999426,Recreation & Community,32001,2024-05-01,9251.97
Central Arena,34999426,Recreation & Community,32001,2024-06-01,7584.14
Central Arena,34999426,Recreation & Community,32001,2024-07-01,7360.93
Central Arena,34999426,Recreation & Community,32001,2024-08-01,7439.0
Central Arena,34999426,Recreation & Community,32001,2024-09-01,7829.84
Central Arena,34999426,Recreation & Community,32001,2024-10-01,11057.33
Central Arena,34999426,Recreation & Community,32001,2024-11-01,13549.18
Central Arena,34999426,Recreation & Community,32001,2024-12-01,16263.050000000001
Chris Tonks Arena,34999427,Recreation & Community,23638,2024-01-01,1870.72
Chris Tonks Arena,34999427,Recreation & Community,23638,2024-02-01,1750.03
Chris Tonks Arena,34999427,Recreation & Community,23638,2024-03-01,1870.72
Chris Tonks Arena,34999427,Recreation & Community,23638,2024-04-01,3803.25
Chris Tonks Arena,34999427,Recreation & Community,23638,2024-05-01,11642.72
Chris Tonks Arena,34999427,Recreation & Community,23638,2024-06-01,13098.900000000001
Chris Tonks Arena,34999427,Recreation & Community,23638,2024-07-01,13535.89
Chris Tonks Arena,34999427,Recreation & Community,23638,2024-08-01,13536.019999999999
Chris Tonks Arena,34999427,Recreation & Community,23638,2024-09-01,13099.130000000001
Chris Tonks Arena,34999427,Recreation & Community,23638,2024-10-01,5544.3
Chris Tonks Arena,34999427,Recreation & Community,23638,2024-11-01,4472.85
Chris Tonks Arena,34999427,Recreation & Community,23638,2024-12-01,5599.41
Bayview Arena,34999424,Recreation & Community,28417,2024-01-01,7950.0
Bayview Arena,34999424,Recreation & Community,28417,2024-02-01,6472.11
Bayview Arena,34999424,Recreation & Community,28417,2024-03-01,6001.36
Bayview Arena,34999424,Recreation & Community,28417,2024-04-01,2903.22
Bayview Arena,34999424,Recreation & Community,28417,2024-05-01,976.88
Bayview Arena,34999424,Recreation & Community,28417,2024-06-01,856.5
Bayview Arena,34999424,Recreation & Community,28417,2024-07-01,739.06
Bayview Arena,34999424,Recreation & Community,28417,2024-08-01,174.62
Bayview Arena,34999424,Recreation & Community,28417,2024-09-01,728.73
Bayview Arena,34999424,Recreation & Community,28417,2024-10-01,2959.29
Bayview Arena,34999424,Recreation & Community,28417,2024-11-01,4903.5
Bayview Arena,34999424,Recreation & Community,28417,2024-12-01,6985.94
Centennial Park Arena & Stadium,34999425,Recreation & Community,72050,2024-01-01,16494.49
Centennial Park Arena & Stadium,34999425,Recreation & Community,72050,2024-02-01,11693.95
Centennial Park Arena & Stadium,34999425,Recreation & Community,72050,2024-03-01,11462.55
Centennial Park Arena & Stadium,34999425,Recreation & Community,72050,2024-04-01,8318.85
Centennial Park Arena & Stadium,34999425,Recreation & Community,72050,2024-05-01,1805.65
Centennial Park Arena & Stadium,34999425,Recreation & Community,72050,2024-06-01,3.6
Centennial Park Arena & Stadium,34999425,Recreation & Community,72050,2024-07-01,0.0
Centennial Park Arena & Stadium,34999425,Recreation & Community,72050,2024-08-01,1126.67
Centennial Park Arena & Stadium,34999425,Recreation & Community,72050,2024-09-01,1662.61
Centennial Park Arena & Stadium,34999425,Recreation & Community,72050,2024-10-01,4373.53
Centennial Park Arena & Stadium,34999425,Recreation & Community,72050,2024-11-01,7290.02
Centennial Park Arena & Stadium,34999425,Recreation & Community,72050,2024-12-01,18184.58
Lambton Arena,34999438,Recreation & Community,24854,2024-01-01,7119.74
Lambton Arena,34999438,Recreation & Community,24854,2024-02-01,9590.83
Lambton Arena,34999438,Recreation & Community,24854,2024-03-01,5581.73
Lambton Arena,34999438,Recreation & Community,24854,2024-04-01,5106.67
Lambton Arena,34999438,Recreation & Community,24854,2024-05-01,1297.08
Lambton Arena,34999438,Recreation & Community,24854,2024-06-01,156.91
Lambton Arena,34999438,Recreation & Community,24854,2024-07-01,140.9
Lambton Arena,34999438,Recreation & Community,24854,2024-08-01,133.52
Lambton Arena,34999438,Recreation & Community,24854,2024-09-01,319.13
Lambton Arena,34999438,Recreation & Community,24854,2024-10-01,3375.61
Lambton Arena,34999438,Recreation & Community,24854,2024-11-01,847.69
Lambton Arena,34999438,Recreation & Community,24854,2024-12-01,6202.5
Herbert H. Carnegie Centennial Centre,34999436,Recreation & Community,42270,2024-01-01,14006.02
Herbert H. Carnegie Centennial Centre,34999436,Recreation & Community,42270,2024-02-01,12733.11
Herbert H. Carnegie Centennial Centre,34999436,Recreation & Community,42270,2024-03-01,15779.62
Herbert H. Carnegie Centennial Centre,34999436,Recreation & Community,42270,2024-04-01,8718.94
Herbert H. Carnegie Centennial Centre,34999436,Recreation & Community,42270,2024-05-01,3351.36
Herbert H. Carnegie Centennial Centre,34999436,Recreation & Community,42270,2024-06-01,766.47
Herbert H. Carnegie Centennial Centre,34999436,Recreation & Community,42270,2024-07-01,611.59
Herbert H. Carnegie Centennial Centre,34999436,Recreation & Community,42270,2024-08-01,1619.43
Herbert H. Carnegie Centennial Centre,34999436,Recreation & Community,42270,2024-09-01,1851.29
Herbert H. Carnegie Centennial Centre,34999436,Recreation & Community,42270,2024-10-01,5778.5
Herbert H. Carnegie Centennial Centre,34999436,Recreation & Community,42270,2024-11-01,9895.81
Herbert H. Carnegie Centennial Centre,34999436,Recreation & Community,42270,2024-12-01,12773.17
John Booth Memorial Arena,34999437,Recreation & Community,27007,2024-01-01,7020.78
John Booth Memorial Arena,34999437,Recreation & Community,27007,2024-02-01,4469.9
John Booth Memorial Arena,34999437,Recreation & Community,27007,2024-03-01,4684.58
John Booth Memorial Arena,34999437,Recreation & Community,27007,2024-04-01,2095.52
John Booth Memorial Arena,34999437,Recreation & Community,27007,2024-05-01,450.51
John Booth Memorial Arena,34999437,Recreation & Community,27007,2024-06-01,400.01
John Booth Memorial Arena,34999437,Recreation & Community,27007,2024-07-01,458.43
John Booth Memorial Arena,34999437,Recreation & Community,27007,2024-08-01,188.11
John Booth Memorial Arena,34999437,Recreation & Community,27007,2024-09-01,398.5
John Booth Memorial Arena,34999437,Recreation & Community,27007,2024-10-01,3317.08
John Booth Memorial Arena,34999437,Recreation & Community,27007,2024-11-01,4350.04
John Booth Memorial Arena,34999437,Recreation & Community,27007,2024-12-01,5112.08
Fenside Arena,34999434,Recreation & Community,26307,2024-01-01,8860.1
Fenside Arena,34999434,Recreation & Community,26307,2024-02-01,6522.98
Fenside Arena,34999434,Recreation & Community,26307,2024-03-01,6455.77
Fenside Arena,34999434,Recreation & Community,26307,2024-04-01,3701.38
Fenside Arena,34999434,Recreation & Community,26307,2024-05-01,1984.03
Fenside Arena,34999434,Recreation & Community,26307,2024-06-01,168.12
Fenside Arena,34999434,Recreation & Community,26307,2024-07-01,264.08
Fenside Arena,34999434,Recreation & Community,26307,2024-08-01,315.93
Fenside Arena,34999434,Recreation & Community,26307,2024-09-01,202.0
Fenside Arena,34999434,Recreation & Community,26307,2024-10-01,3723.75
Fenside Arena,34999434,Recreation & Community,26307,2024-11-01,6979.82
Fenside Arena,34999434,Recreation & Community,26307,2024-12-01,4210.66
Habitant Arena,34999435,Recreation & Community,26307,2024-01-01,7701.56
Habitant Arena,34999435,Recreation & Community,26307,2024-02-01,6997.15
Habitant Arena,34999435,Recreation & Community,26307,2024-03-01,6710.63
Habitant Arena,34999435,Recreation & Community,26307,2024-04-01,3259.46
Habitant Arena,34999435,Recreation & Community,26307,2024-05-01,668.01
Habitant Arena,34999435,Recreation & Community,26307,2024-06-01,543.43
Habitant Arena,34999435,Recreation & Community,26307,2024-07-01,561.54
Habitant Arena,34999435,Recreation & Community,26307,2024-08-01,561.54
Habitant Arena,34999435,Recreation & Community,26307,2024-09-01,716.34
Habitant Arena,34999435,Recreation & Community,26307,2024-10-01,3588.42
Habitant Arena,34999435,Recreation & Community,26307,2024-11-01,9270.73
Habitant Arena,34999435,Recreation & Community,26307,2024-12-01,8743.75
East York Curling Club,34999432,Recreation & Community,17868,2024-01-01,6185.74
East York Curling Club,34999432,Recreation & Community,17868,2024-02-01,3625.07
East York Curling Club,34999432,Recreation & Community,17868,2024-03-01,3660.05
East York Curling Club,34999432,Recreation & Community,17868,2024-04-01,1788.2
East York Curling Club,34999432,Recreation & Community,17868,2024-05-01,132.39
East York Curling Club,34999432,Recreation & Community,17868,2024-06-01,227.18
East York Curling Club,34999432,Recreation & Community,17868,2024-07-01,219.38
East York Curling Club,34999432,Recreation & Community,17868,2024-08-01,97.94
East York Curling Club,34999432,Recreation & Community,17868,2024-09-01,26.0
East York Curling Club,34999432,Recreation & Community,17868,2024-10-01,1328.98
East York Curling Club,34999432,Recreation & Community,17868,2024-11-01,3280.05
East York Curling Club,34999432,Recreation & Community,17868,2024-12-01,5190.76
East York Memorial Arena,34999433,Recreation & Community,30257,2024-01-01,9779.38
East York Memorial Arena,34999433,Recreation & Community,30257,2024-02-01,8815.89
East York Memorial Arena,34999433,Recreation & Community,30257,2024-03-01,8122.33
East York Memorial Arena,34999433,Recreation & Community,30257,2024-04-01,5987.46
East York Memorial Arena,34999433,Recreation & Community,30257,2024-05-01,2325.4
East York Memorial Arena,34999433,Recreation & Community,30257,2024-06-01,1449.89
East York Memorial Arena,34999433,Recreation & Community,30257,2024-07-01,1598.28
East York Memorial Arena,34999433,Recreation & Community,30257,2024-08-01,771.25
East York Memorial Arena,34999433,Recreation & Community,30257,2024-09-01,428.31
East York Memorial Arena,34999433,Recreation & Community,30257,2024-10-01,5005.37
East York Memorial Arena,34999433,Recreation & Community,30257,2024-11-01,8716.1
East York Memorial Arena,34999433,Recreation & Community,30257,2024-12-01,10186.62
Dee Avenue Lab,34999476,Other-Public Services,14994,2024-01-01,11755.97
Dee Avenue Lab,34999476,Other-Public Services,14994,2024-02-01,8918.36
Dee Avenue Lab,34999476,Other-Public Services,14994,2024-03-01,7368.15
Dee Avenue Lab,34999476,Other-Public Services,14994,2024-04-01,5592.91
Dee Avenue Lab,34999476,Other-Public Services,14994,2024-05-01,762.61
Dee Avenue Lab,34999476,Other-Public Services,14994,2024-06-01,249.34999999999997
Dee Avenue Lab,34999476,Other-Public Services,14994,2024-07-01,322.99
Dee Avenue Lab,34999476,Other-Public Services,14994,2024-08-01,342.03
Dee Avenue Lab,34999476,Other-Public Services,14994,2024-09-01,326.66
Dee Avenue Lab,34999476,Other-Public Services,14994,2024-10-01,3166.22
Dee Avenue Lab,34999476,Other-Public Services,14994,2024-11-01,5490.19
Dee Avenue Lab,34999476,Other-Public Services,14994,2024-12-01,6998.05
University Settlement,34999474,Recreation & Community,47566,2024-01-01,17568.85
University Settlement,34999474,Recreation & Community,47566,2024-02-01,16066.440000000002
University Settlement,34999474,Recreation & Community,47566,2024-03-01,15604.36
University Settlement,34999474,Recreation & Community,47566,2024-04-01,13650.87
University Settlement,34999474,Recreation & Community,47566,2024-05-01,7071.19
University Settlement,34999474,Recreation & Community,47566,2024-06-01,4340.63
University Settlement,34999474,Recreation & Community,47566,2024-07-01,3762.37
University Settlement,34999474,Recreation & Community,47566,2024-08-01,4158.9
University Settlement,34999474,Recreation & Community,47566,2024-09-01,3551.3
University Settlement,34999474,Recreation & Community,47566,2024-10-01,9714.17
University Settlement,34999474,Recreation & Community,47566,2024-11-01,13476.94
University Settlement,34999474,Recreation & Community,47566,2024-12-01,16176.549999999997
York Recreation Centre,34999475,Recreation & Community,67879,2024-01-01,19821.87
York Recreation Centre,34999475,Recreation & Community,67879,2024-02-01,15947.660000000002
York Recreation Centre,34999475,Recreation & Community,67879,2024-03-01,15047.0
York Recreation Centre,34999475,Recreation & Community,67879,2024-04-01,10881.0
York Recreation Centre,34999475,Recreation & Community,67879,2024-05-01,11551.86
York Recreation Centre,34999475,Recreation & Community,67879,2024-06-01,5983.16
York Recreation Centre,34999475,Recreation & Community,67879,2024-07-01,7027.44
York Recreation Centre,34999475,Recreation & Community,67879,2024-08-01,6077.07
York Recreation Centre,34999475,Recreation & Community,67879,2024-09-01,5465.0
York Recreation Centre,34999475,Recreation & Community,67879,2024-10-01,8626.6
York Recreation Centre,34999475,Recreation & Community,67879,2024-11-01,9322.9
York Recreation Centre,34999475,Recreation & Community,67879,2024-12-01,17704.09
The Elms Pool and Community School,34999472,Recreation & Community,13885,2024-01-01,8334.78
The Elms Pool and Community School,34999472,Recreation & Community,13885,2024-02-01,6603.95
The Elms Pool and Community School,34999472,Recreation & Community,13885,2024-03-01,8886.689999999999
The Elms Pool and Community School,34999472,Recreation & Community,13885,2024-04-01,2058.0
The Elms Pool and Community School,34999472,Recreation & Community,13885,2024-05-01,30.18
The Elms Pool and Community School,34999472,Recreation & Community,13885,2024-06-01,0.0
The Elms Pool and Community School,34999472,Recreation & Community,13885,2024-07-01,0.0
The Elms Pool and Community School,34999472,Recreation & Community,13885,2024-08-01,589.83
The Elms Pool and Community School,34999472,Recreation & Community,13885,2024-09-01,1573.96
The Elms Pool and Community School,34999472,Recreation & Community,13885,2024-10-01,4538.68
The Elms Pool and Community School,34999472,Recreation & Community,13885,2024-11-01,9260.45
The Elms Pool and Community School,34999472,Recreation & Community,13885,2024-12-01,15936.84
Trinity Community Recreation Centre,34999473,Recreation & Community,36909,2024-01-01,25798.81
Trinity Community Recreation Centre,34999473,Recreation & Community,36909,2024-02-01,26530.0
Trinity Community Recreation Centre,34999473,Recreation & Community,36909,2024-03-01,21584.72
Trinity Community Recreation Centre,34999473,Recreation & Community,36909,2024-04-01,19204.08
Trinity Community Recreation Centre,34999473,Recreation & Community,36909,2024-05-01,5669.11
Trinity Community Recreation Centre,34999473,Recreation & Community,36909,2024-06-01,4750.47
Trinity Community Recreation Centre,34999473,Recreation & Community,36909,2024-07-01,5069.62
Trinity Community Recreation Centre,34999473,Recreation & Community,36909,2024-08-01,5084.0
Trinity Community Recreation Centre,34999473,Recreation & Community,36909,2024-09-01,10313.0
Trinity Community Recreation Centre,34999473,Recreation & Community,36909,2024-10-01,16440.0
Trinity Community Recreation Centre,34999473,Recreation & Community,36909,2024-11-01,20745.48
Trinity Community Recreation Centre,34999473,Recreation & Community,36909,2024-12-01,28263.84
1 STRATHMORE BLVD,34999485,Other-Public Services,2383,2024-01-01,643.0
1 STRATHMORE BLVD,34999485,Other-Public Services,2383,2024-02-01,360.48
1 STRATHMORE BLVD,34999485,Other-Public Services,2383,2024-03-01,339.46
1 STRATHMORE BLVD,34999485,Other-Public Services,2383,2024-04-01,173.07
1 STRATHMORE BLVD,34999485,Other-Public Services,2383,2024-05-01,61.01
1 STRATHMORE BLVD,34999485,Other-Public Services,2383,2024-06-01,3.76
1 STRATHMORE BLVD,34999485,Other-Public Services,2383,2024-07-01,5.93
1 STRATHMORE BLVD,34999485,Other-Public Services,2383,2024-08-01,4.45
1 STRATHMORE BLVD,34999485,Other-Public Services,2383,2024-09-01,6.22
1 STRATHMORE BLVD,34999485,Other-Public Services,2383,2024-10-01,70.9
1 STRATHMORE BLVD,34999485,Other-Public Services,2383,2024-11-01,293.44
1 STRATHMORE BLVD,34999485,Other-Public Services,2383,2024-12-01,465.84
Main Square Community Centre,34999462,Recreation & Community,35123,2024-01-01,14848.5
Main Square Community Centre,34999462,Recreation & Community,35123,2024-02-01,11397.13
Main Square Community Centre,34999462,Recreation & Community,35123,2024-03-01,14767.8
Main Square Community Centre,34999462,Recreation & Community,35123,2024-04-01,8221.97
Main Square Community Centre,34999462,Recreation & Community,35123,2024-05-01,2303.05
Main Square Community Centre,34999462,Recreation & Community,35123,2024-06-01,3048.4
Main Square Community Centre,34999462,Recreation & Community,35123,2024-07-01,3162.67
Main Square Community Centre,34999462,Recreation & Community,35123,2024-08-01,3069.49
Main Square Community Centre,34999462,Recreation & Community,35123,2024-09-01,2664.38
Main Square Community Centre,34999462,Recreation & Community,35123,2024-10-01,5468.92
Main Square Community Centre,34999462,Recreation & Community,35123,2024-11-01,9355.6
Main Square Community Centre,34999462,Recreation & Community,35123,2024-12-01,11690.87
Mary McCormick Recreation Centre,34999463,Recreation & Community,43099,2024-01-01,25168.92
Mary McCormick Recreation Centre,34999463,Recreation & Community,43099,2024-02-01,19295.88
Mary McCormick Recreation Centre,34999463,Recreation & Community,43099,2024-03-01,15784.78
Mary McCormick Recreation Centre,34999463,Recreation & Community,43099,2024-04-01,11759.77
Mary McCormick Recreation Centre,34999463,Recreation & Community,43099,2024-05-01,3554.64
Mary McCormick Recreation Centre,34999463,Recreation & Community,43099,2024-06-01,1859.09
Mary McCormick Recreation Centre,34999463,Recreation & Community,43099,2024-07-01,626.97
Mary McCormick Recreation Centre,34999463,Recreation & Community,43099,2024-08-01,1314.91
Mary McCormick Recreation Centre,34999463,Recreation & Community,43099,2024-09-01,1733.76
Mary McCormick Recreation Centre,34999463,Recreation & Community,43099,2024-10-01,7413.67
Mary McCormick Recreation Centre,34999463,Recreation & Community,43099,2024-11-01,21644.09
Mary McCormick Recreation Centre,34999463,Recreation & Community,43099,2024-12-01,18390.85
John Innes Community Recreation Centre,34999460,Recreation & Community,28055,2024-01-01,13257.43
John Innes Community Recreation Centre,34999460,Recreation & Community,28055,2024-02-01,11132.3
John Innes Community Recreation Centre,34999460,Recreation & Community,28055,2024-03-01,9467.45
John Innes Community Recreation Centre,34999460,Recreation & Community,28055,2024-04-01,5731.41
John Innes Community Recreation Centre,34999460,Recreation & Community,28055,2024-05-01,3230.92
John Innes Community Recreation Centre,34999460,Recreation & Community,28055,2024-06-01,1252.6
John Innes Community Recreation Centre,34999460,Recreation & Community,28055,2024-07-01,1377.43
John Innes Community Recreation Centre,34999460,Recreation & Community,28055,2024-08-01,1754.19
John Innes Community Recreation Centre,34999460,Recreation & Community,28055,2024-09-01,2061.93
John Innes Community Recreation Centre,34999460,Recreation & Community,28055,2024-10-01,3003.58
John Innes Community Recreation Centre,34999460,Recreation & Community,28055,2024-11-01,7641.72
John Innes Community Recreation Centre,34999460,Recreation & Community,28055,2024-12-01,9391.15
Joseph J. Piccininni Community Centre,34999461,Recreation & Community,70030,2024-01-01,17448.77
Joseph J. Piccininni Community Centre,34999461,Recreation & Community,70030,2024-02-01,15407.389999999998
Joseph J. Piccininni Community Centre,34999461,Recreation & Community,70030,2024-03-01,13354.14
Joseph J. Piccininni Community Centre,34999461,Recreation & Community,70030,2024-04-01,10989.74
Joseph J. Piccininni Community Centre,34999461,Recreation & Community,70030,2024-05-01,6739.3
Joseph J. Piccininni Community Centre,34999461,Recreation & Community,70030,2024-06-01,7139.31
Joseph J. Piccininni Community Centre,34999461,Recreation & Community,70030,2024-07-01,6917.7
Joseph J. Piccininni Community Centre,34999461,Recreation & Community,70030,2024-08-01,7117.98
Joseph J. Piccininni Community Centre,34999461,Recreation & Community,70030,2024-09-01,6506.77
Joseph J. Piccininni Community Centre,34999461,Recreation & Community,70030,2024-10-01,9621.2
Joseph J. Piccininni Community Centre,34999461,Recreation & Community,70030,2024-11-01,11472.51
Joseph J. Piccininni Community Centre,34999461,Recreation & Community,70030,2024-12-01,17899.95
Gus Ryder Pool and Health Club,34999458,Recreation & Community,21097,2024-01-01,9510.77
Gus Ryder Pool and Health Club,34999458,Recreation & Community,21097,2024-02-01,9611.46
Gus Ryder Pool and Health Club,34999458,Recreation & Community,21097,2024-03-01,10158.54
Gus Ryder Pool and Health Club,34999458,Recreation & Community,21097,2024-04-01,7936.58
Gus Ryder Pool and Health Club,34999458,Recreation & Community,21097,2024-05-01,6031.22
Gus Ryder Pool and Health Club,34999458,Recreation & Community,21097,2024-06-01,2308.43
Gus Ryder Pool and Health Club,34999458,Recreation & Community,21097,2024-07-01,3269.48
Gus Ryder Pool and Health Club,34999458,Recreation & Community,21097,2024-08-01,2466.43
Gus Ryder Pool and Health Club,34999458,Recreation & Community,21097,2024-09-01,3272.86
Gus Ryder Pool and Health Club,34999458,Recreation & Community,21097,2024-10-01,4845.16
Gus Ryder Pool and Health Club,34999458,Recreation & Community,21097,2024-11-01,7476.11
Gus Ryder Pool and Health Club,34999458,Recreation & Community,21097,2024-12-01,11004.0
Harrison Pool,34999459,Recreation & Community,15263,2024-01-01,8268.54
Harrison Pool,34999459,Recreation & Community,15263,2024-02-01,7729.23
Harrison Pool,34999459,Recreation & Community,15263,2024-03-01,7327.4
Harrison Pool,34999459,Recreation & Community,15263,2024-04-01,9146.26
Harrison Pool,34999459,Recreation & Community,15263,2024-05-01,3722.78
Harrison Pool,34999459,Recreation & Community,15263,2024-06-01,5100.07
Harrison Pool,34999459,Recreation & Community,15263,2024-07-01,3664.46
Harrison Pool,34999459,Recreation & Community,15263,2024-08-01,3443.8
Harrison Pool,34999459,Recreation & Community,15263,2024-09-01,3601.7
Harrison Pool,34999459,Recreation & Community,15263,2024-10-01,4479.8
Harrison Pool,34999459,Recreation & Community,15263,2024-11-01,5051.6
Harrison Pool,34999459,Recreation & Community,15263,2024-12-01,8371.84
St Albans Boys Club,34999470,Recreation & Community,23293,2024-01-01,10449.78
St Albans Boys Club,34999470,Recreation & Community,23293,2024-02-01,8768.1
St Albans Boys Club,34999470,Recreation & Community,23293,2024-03-01,7671.001666666667
St Albans Boys Club,34999470,Recreation & Community,23293,2024-04-01,6259.15
St Albans Boys Club,34999470,Recreation & Community,23293,2024-05-01,4718.3
St Albans Boys Club,34999470,Recreation & Community,23293,2024-06-01,780.0
St Albans Boys Club,34999470,Recreation & Community,23293,2024-07-01,806.0
St Albans Boys Club,34999470,Recreation & Community,23293,2024-08-01,1607.3
St Albans Boys Club,34999470,Recreation & Community,23293,2024-09-01,3221.35
St Albans Boys Club,34999470,Recreation & Community,23293,2024-10-01,5497.34
St Albans Boys Club,34999470,Recreation & Community,23293,2024-11-01,5625.0
St Albans Boys Club,34999470,Recreation & Community,23293,2024-12-01,9151.95
St Lawrence Community Recreation Centre,34999471,Recreation & Community,46113,2024-01-01,29913.78
St Lawrence Community Recreation Centre,34999471,Recreation & Community,46113,2024-02-01,23314.43
St Lawrence Community Recreation Centre,34999471,Recreation & Community,46113,2024-03-01,19108.64
St Lawrence Community Recreation Centre,34999471,Recreation & Community,46113,2024-04-01,10703.87
St Lawrence Community Recreation Centre,34999471,Recreation & Community,46113,2024-05-01,4094.75
St Lawrence Community Recreation Centre,34999471,Recreation & Community,46113,2024-06-01,7418.01
St Lawrence Community Recreation Centre,34999471,Recreation & Community,46113,2024-07-01,2859.43
St Lawrence Community Recreation Centre,34999471,Recreation & Community,46113,2024-08-01,8559.26
St Lawrence Community Recreation Centre,34999471,Recreation & Community,46113,2024-09-01,7651.94
St Lawrence Community Recreation Centre,34999471,Recreation & Community,46113,2024-10-01,11565.66
St Lawrence Community Recreation Centre,34999471,Recreation & Community,46113,2024-11-01,21161.73
St Lawrence Community Recreation Centre,34999471,Recreation & Community,46113,2024-12-01,30344.18
Pam McConnell Aquatic Centre,34999468,Recreation & Community,30505,2024-01-01,6900.85
Pam McConnell Aquatic Centre,34999468,Recreation & Community,30505,2024-02-01,4127.56
Pam McConnell Aquatic Centre,34999468,Recreation & Community,30505,2024-03-01,5022.43
Pam McConnell Aquatic Centre,34999468,Recreation & Community,30505,2024-04-01,1530.42
Pam McConnell Aquatic Centre,34999468,Recreation & Community,30505,2024-05-01,148.91
Pam McConnell Aquatic Centre,34999468,Recreation & Community,30505,2024-06-01,81.18
Pam McConnell Aquatic Centre,34999468,Recreation & Community,30505,2024-07-01,111.57
Pam McConnell Aquatic Centre,34999468,Recreation & Community,30505,2024-08-01,135.67
Pam McConnell Aquatic Centre,34999468,Recreation & Community,30505,2024-09-01,0.0
Pam McConnell Aquatic Centre,34999468,Recreation & Community,30505,2024-10-01,805.57
Pam McConnell Aquatic Centre,34999468,Recreation & Community,30505,2024-11-01,3015.1
Pam McConnell Aquatic Centre,34999468,Recreation & Community,30505,2024-12-01,4480.46
Scadding Court C.C.,34999469,Recreation & Community,46694,2024-01-01,14899.24
Scadding Court C.C.,34999469,Recreation & Community,46694,2024-02-01,12036.39
Scadding Court C.C.,34999469,Recreation & Community,46694,2024-03-01,11133.3
Scadding Court C.C.,34999469,Recreation & Community,46694,2024-04-01,8373.12
Scadding Court C.C.,34999469,Recreation & Community,46694,2024-05-01,3592.66
Scadding Court C.C.,34999469,Recreation & Community,46694,2024-06-01,588.41
Scadding Court C.C.,34999469,Recreation & Community,46694,2024-07-01,583.92
Scadding Court C.C.,34999469,Recreation & Community,46694,2024-08-01,699.65
Scadding Court C.C.,34999469,Recreation & Community,46694,2024-09-01,1509.72
Scadding Court C.C.,34999469,Recreation & Community,46694,2024-10-01,4103.2
Scadding Court C.C.,34999469,Recreation & Community,46694,2024-11-01,3811.7
Scadding Court C.C.,34999469,Recreation & Community,46694,2024-12-01,9765.196333333333
Norseman Community School and Pool,34999466,Recreation & Community,19052,2024-01-01,2360.98
Norseman Community School and Pool,34999466,Recreation & Community,19052,2024-02-01,2697.0
Norseman Community School and Pool,34999466,Recreation & Community,19052,2024-03-01,6551.0
Norseman Community School and Pool,34999466,Recreation & Community,19052,2024-04-01,9990.67
Norseman Community School and Pool,34999466,Recreation & Community,19052,2024-05-01,4641.02
Norseman Community School and Pool,34999466,Recreation & Community,19052,2024-06-01,7123.08
Norseman Community School and Pool,34999466,Recreation & Community,19052,2024-07-01,8650.76
Norseman Community School and Pool,34999466,Recreation & Community,19052,2024-08-01,7499.71
Norseman Community School and Pool,34999466,Recreation & Community,19052,2024-09-01,7257.79
Norseman Community School and Pool,34999466,Recreation & Community,19052,2024-10-01,7499.71
Norseman Community School and Pool,34999466,Recreation & Community,19052,2024-11-01,8990.6
Norseman Community School and Pool,34999466,Recreation & Community,19052,2024-12-01,13665.76
North Toronto Memorial Community Centre,34999467,Recreation & Community,74820,2024-01-01,27934.59
North Toronto Memorial Community Centre,34999467,Recreation & Community,74820,2024-02-01,25672.56
North Toronto Memorial Community Centre,34999467,Recreation & Community,74820,2024-03-01,24448.29
North Toronto Memorial Community Centre,34999467,Recreation & Community,74820,2024-04-01,18744.27
North Toronto Memorial Community Centre,34999467,Recreation & Community,74820,2024-05-01,12699.01
North Toronto Memorial Community Centre,34999467,Recreation & Community,74820,2024-06-01,13017.89
North Toronto Memorial Community Centre,34999467,Recreation & Community,74820,2024-07-01,14362.57
North Toronto Memorial Community Centre,34999467,Recreation & Community,74820,2024-08-01,15062.7
North Toronto Memorial Community Centre,34999467,Recreation & Community,74820,2024-09-01,6025.18
North Toronto Memorial Community Centre,34999467,Recreation & Community,74820,2024-10-01,10883.7
North Toronto Memorial Community Centre,34999467,Recreation & Community,74820,2024-11-01,20847.49
North Toronto Memorial Community Centre,34999467,Recreation & Community,74820,2024-12-01,27802.06
Matty Eckler Recreation Centre,34999464,Recreation & Community,47383,2024-01-01,19843.95
Matty Eckler Recreation Centre,34999464,Recreation & Community,47383,2024-02-01,13955.43
Matty Eckler Recreation Centre,34999464,Recreation & Community,47383,2024-03-01,16031.21
Matty Eckler Recreation Centre,34999464,Recreation & Community,47383,2024-04-01,12636.13
Matty Eckler Recreation Centre,34999464,Recreation & Community,47383,2024-05-01,4252.62
Matty Eckler Recreation Centre,34999464,Recreation & Community,47383,2024-06-01,5578.35
Matty Eckler Recreation Centre,34999464,Recreation & Community,47383,2024-07-01,2809.86
Matty Eckler Recreation Centre,34999464,Recreation & Community,47383,2024-08-01,3676.59
Matty Eckler Recreation Centre,34999464,Recreation & Community,47383,2024-09-01,4727.9
Matty Eckler Recreation Centre,34999464,Recreation & Community,47383,2024-10-01,6655.99
Matty Eckler Recreation Centre,34999464,Recreation & Community,47383,2024-11-01,11883.68
Matty Eckler Recreation Centre,34999464,Recreation & Community,47383,2024-12-01,18912.01
40 DARRELL AVE,34999508,Other-Public Services,962,2024-01-01,243.12
40 DARRELL AVE,34999508,Other-Public Services,962,2024-02-01,194.55
40 DARRELL AVE,34999508,Other-Public Services,962,2024-03-01,166.26
40 DARRELL AVE,34999508,Other-Public Services,962,2024-04-01,107.62
40 DARRELL AVE,34999508,Other-Public Services,962,2024-05-01,40.04
40 DARRELL AVE,34999508,Other-Public Services,962,2024-06-01,22.46
40 DARRELL AVE,34999508,Other-Public Services,962,2024-07-01,22.95
40 DARRELL AVE,34999508,Other-Public Services,962,2024-08-01,22.51
40 DARRELL AVE,34999508,Other-Public Services,962,2024-09-01,15.72
40 DARRELL AVE,34999508,Other-Public Services,962,2024-10-01,68.45
40 DARRELL AVE,34999508,Other-Public Services,962,2024-11-01,172.94
40 DARRELL AVE,34999508,Other-Public Services,962,2024-12-01,289.07
40 Russell Hill Rd,34999509,Other-Public Services,3735,2024-01-01,480.64
40 Russell Hill Rd,34999509,Other-Public Services,3735,2024-02-01,161.79
40 Russell Hill Rd,34999509,Other-Public Services,3735,2024-03-01,19.12
40 Russell Hill Rd,34999509,Other-Public Services,3735,2024-04-01,18.4
40 Russell Hill Rd,34999509,Other-Public Services,3735,2024-05-01,18.5
40 Russell Hill Rd,34999509,Other-Public Services,3735,2024-06-01,17.94
40 Russell Hill Rd,34999509,Other-Public Services,3735,2024-07-01,18.8
40 Russell Hill Rd,34999509,Other-Public Services,3735,2024-08-01,22.1
40 Russell Hill Rd,34999509,Other-Public Services,3735,2024-09-01,31.67
40 Russell Hill Rd,34999509,Other-Public Services,3735,2024-10-01,55.66
40 Russell Hill Rd,34999509,Other-Public Services,3735,2024-11-01,1021.7499999999999
40 Russell Hill Rd,34999509,Other-Public Services,3735,2024-12-01,197.81
388 EVANS AVE,34999506,Other-Public Services,7500,2024-01-01,2630.97
388 EVANS AVE,34999506,Other-Public Services,7500,2024-02-01,2063.8
388 EVANS AVE,34999506,Other-Public Services,7500,2024-03-01,1965.22
388 EVANS AVE,34999506,Other-Public Services,7500,2024-04-01,951.33
388 EVANS AVE,34999506,Other-Public Services,7500,2024-05-01,142.35
388 EVANS AVE,34999506,Other-Public Services,7500,2024-06-01,19.16
388 EVANS AVE,34999506,Other-Public Services,7500,2024-07-01,12.26
388 EVANS AVE,34999506,Other-Public Services,7500,2024-08-01,12.26
388 EVANS AVE,34999506,Other-Public Services,7500,2024-09-01,25.29
388 EVANS AVE,34999506,Other-Public Services,7500,2024-10-01,476.6
388 EVANS AVE,34999506,Other-Public Services,7500,2024-11-01,1650.72
388 EVANS AVE,34999506,Other-Public Services,7500,2024-12-01,1645.51
30 Woodrow Ave,34999504,Other-Public Services,1,2024-01-01,0.0
30 Woodrow Ave,34999504,Other-Public Services,1,2024-02-01,0.0
30 Woodrow Ave,34999504,Other-Public Services,1,2024-03-01,0.0
30 Woodrow Ave,34999504,Other-Public Services,1,2024-04-01,0.0
30 Woodrow Ave,34999504,Other-Public Services,1,2024-05-01,0.0
30 Woodrow Ave,34999504,Other-Public Services,1,2024-06-01,0.0
30 Woodrow Ave,34999504,Other-Public Services,1,2024-07-01,0.0
30 Woodrow Ave,34999504,Other-Public Services,1,2024-08-01,13.55
30 Woodrow Ave,34999504,Other-Public Services,1,2024-09-01,21.45
30 Woodrow Ave,34999504,Other-Public Services,1,2024-10-01,0.0
30 Woodrow Ave,34999504,Other-Public Services,1,2024-11-01,0.0
30 Woodrow Ave,34999504,Other-Public Services,1,2024-12-01,155.38
705 Progress Ave,34999517,Other-Public Services,1,2024-01-01,3433.05
705 Progress Ave,34999517,Other-Public Services,1,2024-02-01,1553.29
705 Progress Ave,34999517,Other-Public Services,1,2024-03-01,2267.2
705 Progress Ave,34999517,Other-Public Services,1,2024-04-01,863.69
705 Progress Ave,34999517,Other-Public Services,1,2024-05-01,209.9
705 Progress Ave,34999517,Other-Public Services,1,2024-06-01,103.74
705 Progress Ave,34999517,Other-Public Services,1,2024-07-01,155.82
705 Progress Ave,34999517,Other-Public Services,1,2024-08-01,37.33
705 Progress Ave,34999517,Other-Public Services,1,2024-09-01,60.11
705 Progress Ave,34999517,Other-Public Services,1,2024-10-01,676.33
705 Progress Ave,34999517,Other-Public Services,1,2024-11-01,1237.28
705 Progress Ave,34999517,Other-Public Services,1,2024-12-01,2487.61
468 Queen St W (468/470),34999514,Other-Public Services,1,2024-01-01,1206.97
468 Queen St W (468/470),34999514,Other-Public Services,1,2024-02-01,1312.41
468 Queen St W (468/470),34999514,Other-Public Services,1,2024-03-01,780.29
468 Queen St W (468/470),34999514,Other-Public Services,1,2024-04-01,343.66
468 Queen St W (468/470),34999514,Other-Public Services,1,2024-05-01,224.45
468 Queen St W (468/470),34999514,Other-Public Services,1,2024-06-01,180.2
468 Queen St W (468/470),34999514,Other-Public Services,1,2024-07-01,5.9
468 Queen St W (468/470),34999514,Other-Public Services,1,2024-08-01,57.38
468 Queen St W (468/470),34999514,Other-Public Services,1,2024-09-01,51.72
468 Queen St W (468/470),34999514,Other-Public Services,1,2024-10-01,140.0
468 Queen St W (468/470),34999514,Other-Public Services,1,2024-11-01,0.0
468 Queen St W (468/470),34999514,Other-Public Services,1,2024-12-01,103.93
14 Woodrow Ave,34999494,Other-Public Services,1,2024-01-01,0.0
14 Woodrow Ave,34999494,Other-Public Services,1,2024-02-01,0.0
14 Woodrow Ave,34999494,Other-Public Services,1,2024-03-01,0.0
14 Woodrow Ave,34999494,Other-Public Services,1,2024-04-01,0.0
14 Woodrow Ave,34999494,Other-Public Services,1,2024-05-01,0.0
14 Woodrow Ave,34999494,Other-Public Services,1,2024-06-01,0.0
14 Woodrow Ave,34999494,Other-Public Services,1,2024-07-01,0.0
14 Woodrow Ave,34999494,Other-Public Services,1,2024-08-01,0.0
14 Woodrow Ave,34999494,Other-Public Services,1,2024-09-01,0.0
14 Woodrow Ave,34999494,Other-Public Services,1,2024-10-01,0.0
14 Woodrow Ave,34999494,Other-Public Services,1,2024-11-01,0.0
14 Woodrow Ave,34999494,Other-Public Services,1,2024-12-01,165.0
134 Spadina Rd,34999492,Other-Public Services,3369,2024-01-01,1657.37
134 Spadina Rd,34999492,Other-Public Services,3369,2024-02-01,890.29
134 Spadina Rd,34999492,Other-Public Services,3369,2024-03-01,1107.38
134 Spadina Rd,34999492,Other-Public Services,3369,2024-04-01,313.63
134 Spadina Rd,34999492,Other-Public Services,3369,2024-05-01,125.91
134 Spadina Rd,34999492,Other-Public Services,3369,2024-06-01,95.51
134 Spadina Rd,34999492,Other-Public Services,3369,2024-07-01,44.0
134 Spadina Rd,34999492,Other-Public Services,3369,2024-08-01,61.7
134 Spadina Rd,34999492,Other-Public Services,3369,2024-09-01,192.04
134 Spadina Rd,34999492,Other-Public Services,3369,2024-10-01,240.18
134 Spadina Rd,34999492,Other-Public Services,3369,2024-11-01,872.68
134 Spadina Rd,34999492,Other-Public Services,3369,2024-12-01,856.23
136 Spadina Rd,34999493,Other-Public Services,2626,2024-01-01,720.77
136 Spadina Rd,34999493,Other-Public Services,2626,2024-02-01,38.07
136 Spadina Rd,34999493,Other-Public Services,2626,2024-03-01,559.32
136 Spadina Rd,34999493,Other-Public Services,2626,2024-04-01,366.94
136 Spadina Rd,34999493,Other-Public Services,2626,2024-05-01,91.77
136 Spadina Rd,34999493,Other-Public Services,2626,2024-06-01,28.0
136 Spadina Rd,34999493,Other-Public Services,2626,2024-07-01,1.77
136 Spadina Rd,34999493,Other-Public Services,2626,2024-08-01,10.27
136 Spadina Rd,34999493,Other-Public Services,2626,2024-09-01,54.18
136 Spadina Rd,34999493,Other-Public Services,2626,2024-10-01,421.36
136 Spadina Rd,34999493,Other-Public Services,2626,2024-11-01,0.0
136 Spadina Rd,34999493,Other-Public Services,2626,2024-12-01,41.59
113 Spadina Rd,34999490,Other-Public Services,2982,2024-01-01,0.0
113 Spadina Rd,34999490,Other-Public Services,2982,2024-02-01,0.0
113 Spadina Rd,34999490,Other-Public Services,2982,2024-03-01,0.0
113 Spadina Rd,34999490,Other-Public Services,2982,2024-04-01,9.38
113 Spadina Rd,34999490,Other-Public Services,2982,2024-05-01,236.56
113 Spadina Rd,34999490,Other-Public Services,2982,2024-06-01,0.45
113 Spadina Rd,34999490,Other-Public Services,2982,2024-07-01,0.0
113 Spadina Rd,34999490,Other-Public Services,2982,2024-08-01,2.08
113 Spadina Rd,34999490,Other-Public Services,2982,2024-09-01,17.45
113 Spadina Rd,34999490,Other-Public Services,2982,2024-10-01,1.31
113 Spadina Rd,34999490,Other-Public Services,2982,2024-11-01,12.29
113 Spadina Rd,34999490,Other-Public Services,2982,2024-12-01,13.55
130 Elizabeth St,34999491,Other-Public Services,1,2024-01-01,0.0
130 Elizabeth St,34999491,Other-Public Services,1,2024-02-01,0.0
130 Elizabeth St,34999491,Other-Public Services,1,2024-03-01,0.0
130 Elizabeth St,34999491,Other-Public Services,1,2024-04-01,0.0
130 Elizabeth St,34999491,Other-Public Services,1,2024-05-01,0.0
130 Elizabeth St,34999491,Other-Public Services,1,2024-06-01,0.0
130 Elizabeth St,34999491,Other-Public Services,1,2024-07-01,0.0
130 Elizabeth St,34999491,Other-Public Services,1,2024-08-01,0.0
130 Elizabeth St,34999491,Other-Public Services,1,2024-09-01,0.0
130 Elizabeth St,34999491,Other-Public Services,1,2024-10-01,0.0
130 Elizabeth St,34999491,Other-Public Services,1,2024-11-01,0.0
130 Elizabeth St,34999491,Other-Public Services,1,2024-12-01,0.0
111 KING ST E,34999488,Other-Public Services,8775,2024-01-01,84.11
111 KING ST E,34999488,Other-Public Services,8775,2024-02-01,502.2200000000001
111 KING ST E,34999488,Other-Public Services,8775,2024-03-01,1604.7
111 KING ST E,34999488,Other-Public Services,8775,2024-04-01,1105.64
111 KING ST E,34999488,Other-Public Services,8775,2024-05-01,484.39
111 KING ST E,34999488,Other-Public Services,8775,2024-06-01,210.9
111 KING ST E,34999488,Other-Public Services,8775,2024-07-01,137.6
111 KING ST E,34999488,Other-Public Services,8775,2024-08-01,162.24
111 KING ST E,34999488,Other-Public Services,8775,2024-09-01,289.74
111 KING ST E,34999488,Other-Public Services,8775,2024-10-01,768.8
111 KING ST E,34999488,Other-Public Services,8775,2024-11-01,1375.82
111 KING ST E,34999488,Other-Public Services,8775,2024-12-01,1884.24
111 Spadina Rd.,34999489,Other-Public Services,4758,2024-01-01,1019.66
111 Spadina Rd.,34999489,Other-Public Services,4758,2024-02-01,1059.53
111 Spadina Rd.,34999489,Other-Public Services,4758,2024-03-01,767.42
111 Spadina Rd.,34999489,Other-Public Services,4758,2024-04-01,555.27
111 Spadina Rd.,34999489,Other-Public Services,4758,2024-05-01,154.16
111 Spadina Rd.,34999489,Other-Public Services,4758,2024-06-01,40.78
111 Spadina Rd.,34999489,Other-Public Services,4758,2024-07-01,0.0
111 Spadina Rd.,34999489,Other-Public Services,4758,2024-08-01,5.86
111 Spadina Rd.,34999489,Other-Public Services,4758,2024-09-01,55.14
111 Spadina Rd.,34999489,Other-Public Services,4758,2024-10-01,62.120000000000005
111 Spadina Rd.,34999489,Other-Public Services,4758,2024-11-01,647.96
111 Spadina Rd.,34999489,Other-Public Services,4758,2024-12-01,840.98
292-296 Parliament St,34999502,Other-Public Services,1,2024-01-01,188.96
292-296 Parliament St,34999502,Other-Public Services,1,2024-02-01,144.7
292-296 Parliament St,34999502,Other-Public Services,1,2024-03-01,654.61
292-296 Parliament St,34999502,Other-Public Services,1,2024-04-01,1413.99
292-296 Parliament St,34999502,Other-Public Services,1,2024-05-01,1271.14
292-296 Parliament St,34999502,Other-Public Services,1,2024-06-01,1241.29
292-296 Parliament St,34999502,Other-Public Services,1,2024-07-01,1282.1
292-296 Parliament St,34999502,Other-Public Services,1,2024-08-01,15.3
292-296 Parliament St,34999502,Other-Public Services,1,2024-09-01,2.94
292-296 Parliament St,34999502,Other-Public Services,1,2024-10-01,3.33
292-296 Parliament St,34999502,Other-Public Services,1,2024-11-01,590.94
292-296 Parliament St,34999502,Other-Public Services,1,2024-12-01,2711.77
3 STRATHMORE BLVD,34999503,Other-Public Services,1328,2024-01-01,264.39
3 STRATHMORE BLVD,34999503,Other-Public Services,1328,2024-02-01,390.27
3 STRATHMORE BLVD,34999503,Other-Public Services,1328,2024-03-01,442.96
3 STRATHMORE BLVD,34999503,Other-Public Services,1328,2024-04-01,283.9
3 STRATHMORE BLVD,34999503,Other-Public Services,1328,2024-05-01,11.88
3 STRATHMORE BLVD,34999503,Other-Public Services,1328,2024-06-01,16.0
3 STRATHMORE BLVD,34999503,Other-Public Services,1328,2024-07-01,13.86
3 STRATHMORE BLVD,34999503,Other-Public Services,1328,2024-08-01,18.33
3 STRATHMORE BLVD,34999503,Other-Public Services,1328,2024-09-01,15.33
3 STRATHMORE BLVD,34999503,Other-Public Services,1328,2024-10-01,110.13
3 STRATHMORE BLVD,34999503,Other-Public Services,1328,2024-11-01,329.12
3 STRATHMORE BLVD,34999503,Other-Public Services,1328,2024-12-01,457.76
17 Mill St [George S Pratt House],34999496,Other-Public Services,2000,2024-01-01,443.07
17 Mill St [George S Pratt House],34999496,Other-Public Services,2000,2024-02-01,458.77
17 Mill St [George S Pratt House],34999496,Other-Public Services,2000,2024-03-01,671.26
17 Mill St [George S Pratt House],34999496,Other-Public Services,2000,2024-04-01,206.6
17 Mill St [George S Pratt House],34999496,Other-Public Services,2000,2024-05-01,110.03
17 Mill St [George S Pratt House],34999496,Other-Public Services,2000,2024-06-01,251.94
17 Mill St [George S Pratt House],34999496,Other-Public Services,2000,2024-07-01,18.92
17 Mill St [George S Pratt House],34999496,Other-Public Services,2000,2024-08-01,36.49
17 Mill St [George S Pratt House],34999496,Other-Public Services,2000,2024-09-01,115.97
17 Mill St [George S Pratt House],34999496,Other-Public Services,2000,2024-10-01,1136.637142857143
17 Mill St [George S Pratt House],34999496,Other-Public Services,2000,2024-11-01,312.83
17 Mill St [George S Pratt House],34999496,Other-Public Services,2000,2024-12-01,421.08
Cummer Lodge,34999526,Education & Social Services,243200,2024-01-01,91003.22
Cummer Lodge,34999526,Education & Social Services,243200,2024-02-01,72030.9
Cummer Lodge,34999526,Education & Social Services,243200,2024-03-01,64292.04
Cummer Lodge,34999526,Education & Social Services,243200,2024-04-01,40063.53
Cummer Lodge,34999526,Education & Social Services,243200,2024-05-01,18185.62
Cummer Lodge,34999526,Education & Social Services,243200,2024-06-01,13805.04
Cummer Lodge,34999526,Education & Social Services,243200,2024-07-01,12371.06
Cummer Lodge,34999526,Education & Social Services,243200,2024-08-01,11722.67
Cummer Lodge,34999526,Education & Social Services,243200,2024-09-01,11917.45
Cummer Lodge,34999526,Education & Social Services,243200,2024-10-01,25614.93
Cummer Lodge,34999526,Education & Social Services,243200,2024-11-01,41489.88
Cummer Lodge,34999526,Education & Social Services,243200,2024-12-01,67763.54
Fudger House,34999527,Education & Social Services,118995,2024-01-01,48867.37
Fudger House,34999527,Education & Social Services,118995,2024-02-01,41845.66
Fudger House,34999527,Education & Social Services,118995,2024-03-01,37889.49
Fudger House,34999527,Education & Social Services,118995,2024-04-01,29301.4
Fudger House,34999527,Education & Social Services,118995,2024-05-01,10884.1
Fudger House,34999527,Education & Social Services,118995,2024-06-01,5185.17
Fudger House,34999527,Education & Social Services,118995,2024-07-01,3994.1
Fudger House,34999527,Education & Social Services,118995,2024-08-01,3791.27
Fudger House,34999527,Education & Social Services,118995,2024-09-01,4344.78
Fudger House,34999527,Education & Social Services,118995,2024-10-01,16054.36
Fudger House,34999527,Education & Social Services,118995,2024-11-01,30871.71
Fudger House,34999527,Education & Social Services,118995,2024-12-01,43558.56
Carefree Lodge,34999524,Education & Social Services,67490,2024-01-01,12891.73
Carefree Lodge,34999524,Education & Social Services,67490,2024-02-01,3653.51
Carefree Lodge,34999524,Education & Social Services,67490,2024-03-01,5409.46
Carefree Lodge,34999524,Education & Social Services,67490,2024-04-01,8295.95
Carefree Lodge,34999524,Education & Social Services,67490,2024-05-01,1042.01
Carefree Lodge,34999524,Education & Social Services,67490,2024-06-01,3814.67
Carefree Lodge,34999524,Education & Social Services,67490,2024-07-01,3490.13
Carefree Lodge,34999524,Education & Social Services,67490,2024-08-01,3329.65
Carefree Lodge,34999524,Education & Social Services,67490,2024-09-01,2530.09
Carefree Lodge,34999524,Education & Social Services,67490,2024-10-01,5360.43
Carefree Lodge,34999524,Education & Social Services,67490,2024-11-01,8254.76
Carefree Lodge,34999524,Education & Social Services,67490,2024-12-01,8630.93
Castleview Wychwood Towers,34999525,Education & Social Services,294447,2024-01-01,38344.58
Castleview Wychwood Towers,34999525,Education & Social Services,294447,2024-02-01,33508.61
Castleview Wychwood Towers,34999525,Education & Social Services,294447,2024-03-01,31966.029999999995
Castleview Wychwood Towers,34999525,Education & Social Services,294447,2024-04-01,22652.2
Castleview Wychwood Towers,34999525,Education & Social Services,294447,2024-05-01,17339.85
Castleview Wychwood Towers,34999525,Education & Social Services,294447,2024-06-01,12676.49
Castleview Wychwood Towers,34999525,Education & Social Services,294447,2024-07-01,9589.16
Castleview Wychwood Towers,34999525,Education & Social Services,294447,2024-08-01,20414.01
Castleview Wychwood Towers,34999525,Education & Social Services,294447,2024-09-01,13772.27
Castleview Wychwood Towers,34999525,Education & Social Services,294447,2024-10-01,27559.5
Castleview Wychwood Towers,34999525,Education & Social Services,294447,2024-11-01,31958.659999999996
Castleview Wychwood Towers,34999525,Education & Social Services,294447,2024-12-01,42989.5
Greenfield Family Centre - GONE,34999522,Other-Public Services,7384,2024-01-01,0.83
Greenfield Family Centre - GONE,34999522,Other-Public Services,7384,2024-02-01,0.0
Greenfield Family Centre - GONE,34999522,Other-Public Services,7384,2024-03-01,0.0
Greenfield Family Centre - GONE,34999522,Other-Public Services,7384,2024-04-01,0.0
Greenfield Family Centre - GONE,34999522,Other-Public Services,7384,2024-05-01,0.0
Greenfield Family Centre - GONE,34999522,Other-Public Services,7384,2024-06-01,0.16
Greenfield Family Centre - GONE,34999522,Other-Public Services,7384,2024-07-01,0.84
Greenfield Family Centre - GONE,34999522,Other-Public Services,7384,2024-08-01,0.0
Greenfield Family Centre - GONE,34999522,Other-Public Services,7384,2024-09-01,0.0
Greenfield Family Centre - GONE,34999522,Other-Public Services,7384,2024-10-01,0.0
Greenfield Family Centre - GONE,34999522,Other-Public Services,7384,2024-11-01,0.13
Greenfield Family Centre - GONE,34999522,Other-Public Services,7384,2024-12-01,0.87
Bendale Acres,34999523,Education & Social Services,210327,2024-01-01,68409.57
Bendale Acres,34999523,Education & Social Services,210327,2024-02-01,56416.56
Bendale Acres,34999523,Education & Social Services,210327,2024-03-01,57818.5
Bendale Acres,34999523,Education & Social Services,210327,2024-04-01,43927.18
Bendale Acres,34999523,Education & Social Services,210327,2024-05-01,19375.84
Bendale Acres,34999523,Education & Social Services,210327,2024-06-01,14652.62
Bendale Acres,34999523,Education & Social Services,210327,2024-07-01,10405.29
Bendale Acres,34999523,Education & Social Services,210327,2024-08-01,12605.33
Bendale Acres,34999523,Education & Social Services,210327,2024-09-01,15755.47
Bendale Acres,34999523,Education & Social Services,210327,2024-10-01,36675.82
Bendale Acres,34999523,Education & Social Services,210327,2024-11-01,54869.17
Bendale Acres,34999523,Education & Social Services,210327,2024-12-01,77393.17
Fire & Life Safety Program Office,34999521,Other-Public Services,3552,2024-01-01,784.25
Fire & Life Safety Program Office,34999521,Other-Public Services,3552,2024-02-01,796.29
Fire & Life Safety Program Office,34999521,Other-Public Services,3552,2024-03-01,588.38
Fire & Life Safety Program Office,34999521,Other-Public Services,3552,2024-04-01,464.76
Fire & Life Safety Program Office,34999521,Other-Public Services,3552,2024-05-01,62.959999999999994
Fire & Life Safety Program Office,34999521,Other-Public Services,3552,2024-06-01,22.41
Fire & Life Safety Program Office,34999521,Other-Public Services,3552,2024-07-01,0.0
Fire & Life Safety Program Office,34999521,Other-Public Services,3552,2024-08-01,11.8
Fire & Life Safety Program Office,34999521,Other-Public Services,3552,2024-09-01,63.20000000000001
Fire & Life Safety Program Office,34999521,Other-Public Services,3552,2024-10-01,134.09
Fire & Life Safety Program Office,34999521,Other-Public Services,3552,2024-11-01,436.13
Fire & Life Safety Program Office,34999521,Other-Public Services,3552,2024-12-01,558.11
"Communication, Traffic, & Computer Centre",34999534,Other-Public Services,132999,2024-01-01,35937.5
"Communication, Traffic, & Computer Centre",34999534,Other-Public Services,132999,2024-02-01,26288.63
"Communication, Traffic, & Computer Centre",34999534,Other-Public Services,132999,2024-03-01,20889.41
"Communication, Traffic, & Computer Centre",34999534,Other-Public Services,132999,2024-04-01,10919.34
"Communication, Traffic, & Computer Centre",34999534,Other-Public Services,132999,2024-05-01,1126.45
"Communication, Traffic, & Computer Centre",34999534,Other-Public Services,132999,2024-06-01,4213.62
"Communication, Traffic, & Computer Centre",34999534,Other-Public Services,132999,2024-07-01,4596.66
"Communication, Traffic, & Computer Centre",34999534,Other-Public Services,132999,2024-08-01,4043.64
"Communication, Traffic, & Computer Centre",34999534,Other-Public Services,132999,2024-09-01,8571.55
"Communication, Traffic, & Computer Centre",34999534,Other-Public Services,132999,2024-10-01,10119.77
"Communication, Traffic, & Computer Centre",34999534,Other-Public Services,132999,2024-11-01,13136.03
"Communication, Traffic, & Computer Centre",34999534,Other-Public Services,132999,2024-12-01,32895.23
Wesburn Manor,34999532,Education & Social Services,150867,2024-01-01,66947.67
Wesburn Manor,34999532,Education & Social Services,150867,2024-02-01,51259.73
Wesburn Manor,34999532,Education & Social Services,150867,2024-03-01,43472.47
Wesburn Manor,34999532,Education & Social Services,150867,2024-04-01,28003.17
Wesburn Manor,34999532,Education & Social Services,150867,2024-05-01,9388.81
Wesburn Manor,34999532,Education & Social Services,150867,2024-06-01,5501.36
Wesburn Manor,34999532,Education & Social Services,150867,2024-07-01,5242.93
Wesburn Manor,34999532,Education & Social Services,150867,2024-08-01,4434.74
Wesburn Manor,34999532,Education & Social Services,150867,2024-09-01,5680.57
Wesburn Manor,34999532,Education & Social Services,150867,2024-10-01,18802.72
Wesburn Manor,34999532,Education & Social Services,150867,2024-11-01,35298.17
Wesburn Manor,34999532,Education & Social Services,150867,2024-12-01,61527.63
25 Via Renzo Drive,34999533,Other-Public Services,13186,2024-01-01,300.43
25 Via Renzo Drive,34999533,Other-Public Services,13186,2024-02-01,415.46
25 Via Renzo Drive,34999533,Other-Public Services,13186,2024-03-01,486.21
25 Via Renzo Drive,34999533,Other-Public Services,13186,2024-04-01,52.97
25 Via Renzo Drive,34999533,Other-Public Services,13186,2024-05-01,39.86
25 Via Renzo Drive,34999533,Other-Public Services,13186,2024-06-01,13.29
25 Via Renzo Drive,34999533,Other-Public Services,13186,2024-07-01,10.83
25 Via Renzo Drive,34999533,Other-Public Services,13186,2024-08-01,1.75
25 Via Renzo Drive,34999533,Other-Public Services,13186,2024-09-01,0.0
25 Via Renzo Drive,34999533,Other-Public Services,13186,2024-10-01,206.5
25 Via Renzo Drive,34999533,Other-Public Services,13186,2024-11-01,233.07
25 Via Renzo Drive,34999533,Other-Public Services,13186,2024-12-01,745.22
Seven Oaks,34999530,Education & Social Services,133311,2024-01-01,44792.02
Seven Oaks,34999530,Education & Social Services,133311,2024-02-01,37324.64
Seven Oaks,34999530,Education & Social Services,133311,2024-03-01,35040.58
Seven Oaks,34999530,Education & Social Services,133311,2024-04-01,26345.71
Seven Oaks,34999530,Education & Social Services,133311,2024-05-01,10848.45
Seven Oaks,34999530,Education & Social Services,133311,2024-06-01,6880.99
Seven Oaks,34999530,Education & Social Services,133311,2024-07-01,5351.59
Seven Oaks,34999530,Education & Social Services,133311,2024-08-01,8105.2
Seven Oaks,34999530,Education & Social Services,133311,2024-09-01,6164.5
Seven Oaks,34999530,Education & Social Services,133311,2024-10-01,20879.14
Seven Oaks,34999530,Education & Social Services,133311,2024-11-01,32811.38
Seven Oaks,34999530,Education & Social Services,133311,2024-12-01,50447.1
True Davidson Acres,34999531,Education & Social Services,130082,2024-01-01,58237.78
True Davidson Acres,34999531,Education & Social Services,130082,2024-02-01,45929.42
True Davidson Acres,34999531,Education & Social Services,130082,2024-03-01,43071.62
True Davidson Acres,34999531,Education & Social Services,130082,2024-04-01,26728.46
True Davidson Acres,34999531,Education & Social Services,130082,2024-05-01,17927.55
True Davidson Acres,34999531,Education & Social Services,130082,2024-06-01,6400.31
True Davidson Acres,34999531,Education & Social Services,130082,2024-07-01,5155.62
True Davidson Acres,34999531,Education & Social Services,130082,2024-08-01,3434.94
True Davidson Acres,34999531,Education & Social Services,130082,2024-09-01,7948.15
True Davidson Acres,34999531,Education & Social Services,130082,2024-10-01,19076.22
True Davidson Acres,34999531,Education & Social Services,130082,2024-11-01,33784.32
True Davidson Acres,34999531,Education & Social Services,130082,2024-12-01,56406.81
Kipling Acres,34999528,Education & Social Services,184590,2024-01-01,85754.82
Kipling Acres,34999528,Education & Social Services,184590,2024-02-01,66954.07
Kipling Acres,34999528,Education & Social Services,184590,2024-03-01,57014.03
Kipling Acres,34999528,Education & Social Services,184590,2024-04-01,38531.45
Kipling Acres,34999528,Education & Social Services,184590,2024-05-01,19465.46
Kipling Acres,34999528,Education & Social Services,184590,2024-06-01,15387.15
Kipling Acres,34999528,Education & Social Services,184590,2024-07-01,11237.46
Kipling Acres,34999528,Education & Social Services,184590,2024-08-01,16286.75
Kipling Acres,34999528,Education & Social Services,184590,2024-09-01,19239.45
Kipling Acres,34999528,Education & Social Services,184590,2024-10-01,29767.02
Kipling Acres,34999528,Education & Social Services,184590,2024-11-01,43933.44
Kipling Acres,34999528,Education & Social Services,184590,2024-12-01,75577.38
Lakeshore Lodge,34999529,Education & Social Services,88964,2024-01-01,31694.64
Lakeshore Lodge,34999529,Education & Social Services,88964,2024-02-01,27128.16
Lakeshore Lodge,34999529,Education & Social Services,88964,2024-03-01,23972.41
Lakeshore Lodge,34999529,Education & Social Services,88964,2024-04-01,15317.65
Lakeshore Lodge,34999529,Education & Social Services,88964,2024-05-01,5197.75
Lakeshore Lodge,34999529,Education & Social Services,88964,2024-06-01,3962.43
Lakeshore Lodge,34999529,Education & Social Services,88964,2024-07-01,3680.21
Lakeshore Lodge,34999529,Education & Social Services,88964,2024-08-01,3820.24
Lakeshore Lodge,34999529,Education & Social Services,88964,2024-09-01,3074.82
Lakeshore Lodge,34999529,Education & Social Services,88964,2024-10-01,10584.86
Lakeshore Lodge,34999529,Education & Social Services,88964,2024-11-01,17349.47
Lakeshore Lodge,34999529,Education & Social Services,88964,2024-12-01,28162.61
Baird Park,34999604,Other-Public Services,45,2024-01-01,1221.76
Baird Park,34999604,Other-Public Services,45,2024-02-01,941.6
Baird Park,34999604,Other-Public Services,45,2024-03-01,732.06
Baird Park,34999604,Other-Public Services,45,2024-04-01,340.57
Baird Park,34999604,Other-Public Services,45,2024-05-01,23.99
Baird Park,34999604,Other-Public Services,45,2024-06-01,18.6
Baird Park,34999604,Other-Public Services,45,2024-07-01,22.0
Baird Park,34999604,Other-Public Services,45,2024-08-01,22.26
Baird Park,34999604,Other-Public Services,45,2024-09-01,14.84
Baird Park,34999604,Other-Public Services,45,2024-10-01,148.21
Baird Park,34999604,Other-Public Services,45,2024-11-01,530.36
Baird Park,34999604,Other-Public Services,45,2024-12-01,920.19
Alexandra Park,34999590,Other-Public Services,32,2024-01-01,7107.36
Alexandra Park,34999590,Other-Public Services,32,2024-02-01,12105.66
Alexandra Park,34999590,Other-Public Services,32,2024-03-01,5049.16
Alexandra Park,34999590,Other-Public Services,32,2024-04-01,5036.71
Alexandra Park,34999590,Other-Public Services,32,2024-05-01,1493.59
Alexandra Park,34999590,Other-Public Services,32,2024-06-01,2101.18
Alexandra Park,34999590,Other-Public Services,32,2024-07-01,2148.72
Alexandra Park,34999590,Other-Public Services,32,2024-08-01,5890.91
Alexandra Park,34999590,Other-Public Services,32,2024-09-01,2594.67
Alexandra Park,34999590,Other-Public Services,32,2024-10-01,8940.15
Alexandra Park,34999590,Other-Public Services,32,2024-11-01,5899.56
Alexandra Park,34999590,Other-Public Services,32,2024-12-01,8137.9
Allan A Lamport Stadium,34999591,Other-Public Services,21,2024-01-01,35041.2
Allan A Lamport Stadium,34999591,Other-Public Services,21,2024-02-01,31181.679999999997
Allan A Lamport Stadium,34999591,Other-Public Services,21,2024-03-01,20626.0
Allan A Lamport Stadium,34999591,Other-Public Services,21,2024-04-01,12029.09
Allan A Lamport Stadium,34999591,Other-Public Services,21,2024-05-01,1202.91
Allan A Lamport Stadium,34999591,Other-Public Services,21,2024-06-01,0.0
Allan A Lamport Stadium,34999591,Other-Public Services,21,2024-07-01,27.79
Allan A Lamport Stadium,34999591,Other-Public Services,21,2024-08-01,3.21
Allan A Lamport Stadium,34999591,Other-Public Services,21,2024-09-01,0.0
Allan A Lamport Stadium,34999591,Other-Public Services,21,2024-10-01,2282.73
Allan A Lamport Stadium,34999591,Other-Public Services,21,2024-11-01,21547.82
Allan A Lamport Stadium,34999591,Other-Public Services,21,2024-12-01,31067.0
Alex Duff Memorial Pool,34999588,Other-Public Services,19,2024-01-01,1719.11
Alex Duff Memorial Pool,34999588,Other-Public Services,19,2024-02-01,2069.0
Alex Duff Memorial Pool,34999588,Other-Public Services,19,2024-03-01,127.68
Alex Duff Memorial Pool,34999588,Other-Public Services,19,2024-04-01,281.65
Alex Duff Memorial Pool,34999588,Other-Public Services,19,2024-05-01,13.67
Alex Duff Memorial Pool,34999588,Other-Public Services,19,2024-06-01,2920.4
Alex Duff Memorial Pool,34999588,Other-Public Services,19,2024-07-01,5426.67
Alex Duff Memorial Pool,34999588,Other-Public Services,19,2024-08-01,4251.5
Alex Duff Memorial Pool,34999588,Other-Public Services,19,2024-09-01,6770.67
Alex Duff Memorial Pool,34999588,Other-Public Services,19,2024-10-01,976.77
Alex Duff Memorial Pool,34999588,Other-Public Services,19,2024-11-01,480.5
Alex Duff Memorial Pool,34999588,Other-Public Services,19,2024-12-01,2086.16
Alexander Muir Memorial Gardens,34999589,Other-Public Services,31,2024-01-01,0.26
Alexander Muir Memorial Gardens,34999589,Other-Public Services,31,2024-02-01,0.24000000000000002
Alexander Muir Memorial Gardens,34999589,Other-Public Services,31,2024-03-01,0.26
Alexander Muir Memorial Gardens,34999589,Other-Public Services,31,2024-04-01,0.2
Alexander Muir Memorial Gardens,34999589,Other-Public Services,31,2024-05-01,0.0
Alexander Muir Memorial Gardens,34999589,Other-Public Services,31,2024-06-01,0.0
Alexander Muir Memorial Gardens,34999589,Other-Public Services,31,2024-07-01,0.0
Alexander Muir Memorial Gardens,34999589,Other-Public Services,31,2024-08-01,0.0
Alexander Muir Memorial Gardens,34999589,Other-Public Services,31,2024-09-01,0.0
Alexander Muir Memorial Gardens,34999589,Other-Public Services,31,2024-10-01,109.22999999999999
Alexander Muir Memorial Gardens,34999589,Other-Public Services,31,2024-11-01,531.3000000000001
Alexander Muir Memorial Gardens,34999589,Other-Public Services,31,2024-12-01,1238.68
Amos Waites Pool,34999593,Other-Public Services,30,2024-01-01,0.5
Amos Waites Pool,34999593,Other-Public Services,30,2024-02-01,0.0
Amos Waites Pool,34999593,Other-Public Services,30,2024-03-01,0.0
Amos Waites Pool,34999593,Other-Public Services,30,2024-04-01,14.48
Amos Waites Pool,34999593,Other-Public Services,30,2024-05-01,683.18
Amos Waites Pool,34999593,Other-Public Services,30,2024-06-01,2472.23
Amos Waites Pool,34999593,Other-Public Services,30,2024-07-01,2318.83
Amos Waites Pool,34999593,Other-Public Services,30,2024-08-01,4746.56
Amos Waites Pool,34999593,Other-Public Services,30,2024-09-01,1924.7099999999998
Amos Waites Pool,34999593,Other-Public Services,30,2024-10-01,0.0
Amos Waites Pool,34999593,Other-Public Services,30,2024-11-01,0.0
Amos Waites Pool,34999593,Other-Public Services,30,2024-12-01,0.0
Buttonwood Park,34999636,Other-Public Services,51,2024-01-01,35.32
Buttonwood Park,34999636,Other-Public Services,51,2024-02-01,33.0
Buttonwood Park,34999636,Other-Public Services,51,2024-03-01,362.3
Buttonwood Park,34999636,Other-Public Services,51,2024-04-01,99.53
Buttonwood Park,34999636,Other-Public Services,51,2024-05-01,0.0
Buttonwood Park,34999636,Other-Public Services,51,2024-06-01,0.0
Buttonwood Park,34999636,Other-Public Services,51,2024-07-01,0.0
Buttonwood Park,34999636,Other-Public Services,51,2024-08-01,0.0
Buttonwood Park,34999636,Other-Public Services,51,2024-09-01,0.0
Buttonwood Park,34999636,Other-Public Services,51,2024-10-01,34.74
Buttonwood Park,34999636,Other-Public Services,51,2024-11-01,15.79
Buttonwood Park,34999636,Other-Public Services,51,2024-12-01,67.65
Blantyre Park,34999624,Other-Public Services,38,2024-01-01,281.05
Blantyre Park,34999624,Other-Public Services,38,2024-02-01,262.95
Blantyre Park,34999624,Other-Public Services,38,2024-03-01,280.99
Blantyre Park,34999624,Other-Public Services,38,2024-04-01,271.53
Blantyre Park,34999624,Other-Public Services,38,2024-05-01,223.43
Blantyre Park,34999624,Other-Public Services,38,2024-06-01,787.73
Blantyre Park,34999624,Other-Public Services,38,2024-07-01,1720.62
Blantyre Park,34999624,Other-Public Services,38,2024-08-01,1720.62
Blantyre Park,34999624,Other-Public Services,38,2024-09-01,1665.12
Blantyre Park,34999624,Other-Public Services,38,2024-10-01,2482.6899999999996
Blantyre Park,34999624,Other-Public Services,38,2024-11-01,716.29
Blantyre Park,34999624,Other-Public Services,38,2024-12-01,740.48
Coronation Park - Etobicoke,34999669,Other-Public Services,1,2024-01-01,1083.87
Coronation Park - Etobicoke,34999669,Other-Public Services,1,2024-02-01,948.16
Coronation Park - Etobicoke,34999669,Other-Public Services,1,2024-03-01,678.23
Coronation Park - Etobicoke,34999669,Other-Public Services,1,2024-04-01,490.68999999999994
Coronation Park - Etobicoke,34999669,Other-Public Services,1,2024-05-01,127.0
Coronation Park - Etobicoke,34999669,Other-Public Services,1,2024-06-01,20.37
Coronation Park - Etobicoke,34999669,Other-Public Services,1,2024-07-01,7.33
Coronation Park - Etobicoke,34999669,Other-Public Services,1,2024-08-01,0.0
Coronation Park - Etobicoke,34999669,Other-Public Services,1,2024-09-01,0.0
Coronation Park - Etobicoke,34999669,Other-Public Services,1,2024-10-01,261.3
Coronation Park - Etobicoke,34999669,Other-Public Services,1,2024-11-01,536.54
Coronation Park - Etobicoke,34999669,Other-Public Services,1,2024-12-01,947.8
Colonel Samuel Smith Park,34999665,Other-Public Services,80,2024-01-01,1896.03
Colonel Samuel Smith Park,34999665,Other-Public Services,80,2024-02-01,1159.0
Colonel Samuel Smith Park,34999665,Other-Public Services,80,2024-03-01,1261.55
Colonel Samuel Smith Park,34999665,Other-Public Services,80,2024-04-01,595.18
Colonel Samuel Smith Park,34999665,Other-Public Services,80,2024-05-01,458.87
Colonel Samuel Smith Park,34999665,Other-Public Services,80,2024-06-01,0.52
Colonel Samuel Smith Park,34999665,Other-Public Services,80,2024-07-01,0.38
Colonel Samuel Smith Park,34999665,Other-Public Services,80,2024-08-01,0.0
Colonel Samuel Smith Park,34999665,Other-Public Services,80,2024-09-01,63.66
Colonel Samuel Smith Park,34999665,Other-Public Services,80,2024-10-01,326.48
Colonel Samuel Smith Park,34999665,Other-Public Services,80,2024-11-01,284.43
Colonel Samuel Smith Park,34999665,Other-Public Services,80,2024-12-01,837.69
Cosburn Park,34999673,Other-Public Services,1,2024-01-01,500.23
Cosburn Park,34999673,Other-Public Services,1,2024-02-01,372.52
Cosburn Park,34999673,Other-Public Services,1,2024-03-01,327.59
Cosburn Park,34999673,Other-Public Services,1,2024-04-01,210.43
Cosburn Park,34999673,Other-Public Services,1,2024-05-01,107.22
Cosburn Park,34999673,Other-Public Services,1,2024-06-01,19.98
Cosburn Park,34999673,Other-Public Services,1,2024-07-01,19.79
Cosburn Park,34999673,Other-Public Services,1,2024-08-01,19.65
Cosburn Park,34999673,Other-Public Services,1,2024-09-01,12.68
Cosburn Park,34999673,Other-Public Services,1,2024-10-01,68.3
Cosburn Park,34999673,Other-Public Services,1,2024-11-01,244.72999999999996
Cosburn Park,34999673,Other-Public Services,1,2024-12-01,438.85
Christie Pits,34999654,Other-Public Services,65,2024-01-01,1951.99
Christie Pits,34999654,Other-Public Services,65,2024-02-01,1575.0
Christie Pits,34999654,Other-Public Services,65,2024-03-01,159.3
Christie Pits,34999654,Other-Public Services,65,2024-04-01,79.14
Christie Pits,34999654,Other-Public Services,65,2024-05-01,3.55
Christie Pits,34999654,Other-Public Services,65,2024-06-01,45.22
Christie Pits,34999654,Other-Public Services,65,2024-07-01,48.1
Christie Pits,34999654,Other-Public Services,65,2024-08-01,41.03
Christie Pits,34999654,Other-Public Services,65,2024-09-01,28.65
Christie Pits,34999654,Other-Public Services,65,2024-10-01,647.0
Christie Pits,34999654,Other-Public Services,65,2024-11-01,1149.53
Christie Pits,34999654,Other-Public Services,65,2024-12-01,1782.53
Clanton Park,34999655,Other-Public Services,76,2024-01-01,1715.02
Clanton Park,34999655,Other-Public Services,76,2024-02-01,1246.4
Clanton Park,34999655,Other-Public Services,76,2024-03-01,1067.4
Clanton Park,34999655,Other-Public Services,76,2024-04-01,661.01
Clanton Park,34999655,Other-Public Services,76,2024-05-01,186.28
Clanton Park,34999655,Other-Public Services,76,2024-06-01,59.91
Clanton Park,34999655,Other-Public Services,76,2024-07-01,6.0
Clanton Park,34999655,Other-Public Services,76,2024-08-01,21.67
Clanton Park,34999655,Other-Public Services,76,2024-09-01,22.27
Clanton Park,34999655,Other-Public Services,76,2024-10-01,423.34
Clanton Park,34999655,Other-Public Services,76,2024-11-01,92.73
Clanton Park,34999655,Other-Public Services,76,2024-12-01,1368.13
Dufferin Grove Park,34999703,Other-Public Services,94,2024-01-01,778.89
Dufferin Grove Park,34999703,Other-Public Services,94,2024-02-01,742.93
Dufferin Grove Park,34999703,Other-Public Services,94,2024-03-01,597.61
Dufferin Grove Park,34999703,Other-Public Services,94,2024-04-01,263.42
Dufferin Grove Park,34999703,Other-Public Services,94,2024-05-01,136.66
Dufferin Grove Park,34999703,Other-Public Services,94,2024-06-01,54.75
Dufferin Grove Park,34999703,Other-Public Services,94,2024-07-01,27.86
Dufferin Grove Park,34999703,Other-Public Services,94,2024-08-01,21.27
Dufferin Grove Park,34999703,Other-Public Services,94,2024-09-01,34.91
Dufferin Grove Park,34999703,Other-Public Services,94,2024-10-01,244.19
Dufferin Grove Park,34999703,Other-Public Services,94,2024-11-01,362.36
Dufferin Grove Park,34999703,Other-Public Services,94,2024-12-01,770.33
Donald D. Summerville Olympic Pool,34999698,Other-Public Services,360,2024-01-01,4233.69
Donald D. Summerville Olympic Pool,34999698,Other-Public Services,360,2024-02-01,4916.6
Donald D. Summerville Olympic Pool,34999698,Other-Public Services,360,2024-03-01,4904.22
Donald D. Summerville Olympic Pool,34999698,Other-Public Services,360,2024-04-01,4246.16
Donald D. Summerville Olympic Pool,34999698,Other-Public Services,360,2024-05-01,4700.21
Donald D. Summerville Olympic Pool,34999698,Other-Public Services,360,2024-06-01,2711.8
Donald D. Summerville Olympic Pool,34999698,Other-Public Services,360,2024-07-01,4412.01
Donald D. Summerville Olympic Pool,34999698,Other-Public Services,360,2024-08-01,9031.64
Donald D. Summerville Olympic Pool,34999698,Other-Public Services,360,2024-09-01,8654.68
Donald D. Summerville Olympic Pool,34999698,Other-Public Services,360,2024-10-01,10412.08
Donald D. Summerville Olympic Pool,34999698,Other-Public Services,360,2024-11-01,13058.03
Donald D. Summerville Olympic Pool,34999698,Other-Public Services,360,2024-12-01,16160.819999999998
Don Valley Golf Course,34999696,Other-Public Services,107,2024-01-01,5744.03
Don Valley Golf Course,34999696,Other-Public Services,107,2024-02-01,4577.02
Don Valley Golf Course,34999696,Other-Public Services,107,2024-03-01,4435.98
Don Valley Golf Course,34999696,Other-Public Services,107,2024-04-01,2646.47
Don Valley Golf Course,34999696,Other-Public Services,107,2024-05-01,816.78
Don Valley Golf Course,34999696,Other-Public Services,107,2024-06-01,637.49
Don Valley Golf Course,34999696,Other-Public Services,107,2024-07-01,732.65
Don Valley Golf Course,34999696,Other-Public Services,107,2024-08-01,498.7300000000001
Don Valley Golf Course,34999696,Other-Public Services,107,2024-09-01,875.04
Don Valley Golf Course,34999696,Other-Public Services,107,2024-10-01,1544.71
Don Valley Golf Course,34999696,Other-Public Services,107,2024-11-01,3556.21
Don Valley Golf Course,34999696,Other-Public Services,107,2024-12-01,6437.28
David A. Balfour Park,34999683,Other-Public Services,86,2024-01-01,130.82
David A. Balfour Park,34999683,Other-Public Services,86,2024-02-01,440.79
David A. Balfour Park,34999683,Other-Public Services,86,2024-03-01,418.11
David A. Balfour Park,34999683,Other-Public Services,86,2024-04-01,281.7
David A. Balfour Park,34999683,Other-Public Services,86,2024-05-01,36.0
David A. Balfour Park,34999683,Other-Public Services,86,2024-06-01,36.74
David A. Balfour Park,34999683,Other-Public Services,86,2024-07-01,33.1
David A. Balfour Park,34999683,Other-Public Services,86,2024-08-01,0.51
David A. Balfour Park,34999683,Other-Public Services,86,2024-09-01,7.839999999999999
David A. Balfour Park,34999683,Other-Public Services,86,2024-10-01,125.52
David A. Balfour Park,34999683,Other-Public Services,86,2024-11-01,415.55
David A. Balfour Park,34999683,Other-Public Services,86,2024-12-01,441.38
Dieppe Park Ice Rink,34999692,Other-Public Services,97,2024-01-01,2181.47
Dieppe Park Ice Rink,34999692,Other-Public Services,97,2024-02-01,1552.34
Dieppe Park Ice Rink,34999692,Other-Public Services,97,2024-03-01,1246.02
Dieppe Park Ice Rink,34999692,Other-Public Services,97,2024-04-01,594.13
Dieppe Park Ice Rink,34999692,Other-Public Services,97,2024-05-01,209.04
Dieppe Park Ice Rink,34999692,Other-Public Services,97,2024-06-01,70.93
Dieppe Park Ice Rink,34999692,Other-Public Services,97,2024-07-01,34.01
Dieppe Park Ice Rink,34999692,Other-Public Services,97,2024-08-01,46.68
Dieppe Park Ice Rink,34999692,Other-Public Services,97,2024-09-01,103.76
Dieppe Park Ice Rink,34999692,Other-Public Services,97,2024-10-01,398.14
Dieppe Park Ice Rink,34999692,Other-Public Services,97,2024-11-01,896.79
Dieppe Park Ice Rink,34999692,Other-Public Services,97,2024-12-01,1926.05
Dieppe Park Baseball Clubhouse,34999691,Other-Public Services,101,2024-01-01,0.0
Dieppe Park Baseball Clubhouse,34999691,Other-Public Services,101,2024-02-01,0.0
Dieppe Park Baseball Clubhouse,34999691,Other-Public Services,101,2024-03-01,0.0
Dieppe Park Baseball Clubhouse,34999691,Other-Public Services,101,2024-04-01,0.0
Dieppe Park Baseball Clubhouse,34999691,Other-Public Services,101,2024-05-01,0.0
Dieppe Park Baseball Clubhouse,34999691,Other-Public Services,101,2024-06-01,0.0
Dieppe Park Baseball Clubhouse,34999691,Other-Public Services,101,2024-07-01,0.0
Dieppe Park Baseball Clubhouse,34999691,Other-Public Services,101,2024-08-01,0.0
Dieppe Park Baseball Clubhouse,34999691,Other-Public Services,101,2024-09-01,0.0
Dieppe Park Baseball Clubhouse,34999691,Other-Public Services,101,2024-10-01,0.0
Dieppe Park Baseball Clubhouse,34999691,Other-Public Services,101,2024-11-01,0.0
Dieppe Park Baseball Clubhouse,34999691,Other-Public Services,101,2024-12-01,0.0
Dentonia Park Clubhouse,34999688,Other-Public Services,104,2024-01-01,1433.91
Dentonia Park Clubhouse,34999688,Other-Public Services,104,2024-02-01,1006.5599999999998
Dentonia Park Clubhouse,34999688,Other-Public Services,104,2024-03-01,850.93
Dentonia Park Clubhouse,34999688,Other-Public Services,104,2024-04-01,621.73
Dentonia Park Clubhouse,34999688,Other-Public Services,104,2024-05-01,425.78
Dentonia Park Clubhouse,34999688,Other-Public Services,104,2024-06-01,31.759999999999998
Dentonia Park Clubhouse,34999688,Other-Public Services,104,2024-07-01,37.47
Dentonia Park Clubhouse,34999688,Other-Public Services,104,2024-08-01,24.15
Dentonia Park Clubhouse,34999688,Other-Public Services,104,2024-09-01,24.41
Dentonia Park Clubhouse,34999688,Other-Public Services,104,2024-10-01,24.92
Dentonia Park Clubhouse,34999688,Other-Public Services,104,2024-11-01,282.33
Dentonia Park Clubhouse,34999688,Other-Public Services,104,2024-12-01,1088.17
Dentonia Park Golf Course,34999689,Other-Public Services,102,2024-01-01,5104.81
Dentonia Park Golf Course,34999689,Other-Public Services,102,2024-02-01,4625.12
Dentonia Park Golf Course,34999689,Other-Public Services,102,2024-03-01,4131.76
Dentonia Park Golf Course,34999689,Other-Public Services,102,2024-04-01,3345.79
Dentonia Park Golf Course,34999689,Other-Public Services,102,2024-05-01,1620.1
Dentonia Park Golf Course,34999689,Other-Public Services,102,2024-06-01,372.82
Dentonia Park Golf Course,34999689,Other-Public Services,102,2024-07-01,279.37
Dentonia Park Golf Course,34999689,Other-Public Services,102,2024-08-01,0.0
Dentonia Park Golf Course,34999689,Other-Public Services,102,2024-09-01,22.0
Dentonia Park Golf Course,34999689,Other-Public Services,102,2024-10-01,1320.76
Dentonia Park Golf Course,34999689,Other-Public Services,102,2024-11-01,3264.29
Dentonia Park Golf Course,34999689,Other-Public Services,102,2024-12-01,4937.44
Fairhaven Park Outdoor Pool,34999734,Other-Public Services,129,2024-01-01,867.66
Fairhaven Park Outdoor Pool,34999734,Other-Public Services,129,2024-02-01,727.77
Fairhaven Park Outdoor Pool,34999734,Other-Public Services,129,2024-03-01,3258.67
Fairhaven Park Outdoor Pool,34999734,Other-Public Services,129,2024-04-01,1382.47
Fairhaven Park Outdoor Pool,34999734,Other-Public Services,129,2024-05-01,811.77
Fairhaven Park Outdoor Pool,34999734,Other-Public Services,129,2024-06-01,850.01
Fairhaven Park Outdoor Pool,34999734,Other-Public Services,129,2024-07-01,1558.03
Fairhaven Park Outdoor Pool,34999734,Other-Public Services,129,2024-08-01,1114.9
Fairhaven Park Outdoor Pool,34999734,Other-Public Services,129,2024-09-01,850.5
Fairhaven Park Outdoor Pool,34999734,Other-Public Services,129,2024-10-01,879.78
Fairhaven Park Outdoor Pool,34999734,Other-Public Services,129,2024-11-01,1677.4
Fairhaven Park Outdoor Pool,34999734,Other-Public Services,129,2024-12-01,2032.86
Fairbank Park Pool,34999732,Other-Public Services,126,2024-01-01,0.0
Fairbank Park Pool,34999732,Other-Public Services,126,2024-02-01,0.0
Fairbank Park Pool,34999732,Other-Public Services,126,2024-03-01,0.0
Fairbank Park Pool,34999732,Other-Public Services,126,2024-04-01,0.0
Fairbank Park Pool,34999732,Other-Public Services,126,2024-05-01,0.0
Fairbank Park Pool,34999732,Other-Public Services,126,2024-06-01,0.0
Fairbank Park Pool,34999732,Other-Public Services,126,2024-07-01,467.42
Fairbank Park Pool,34999732,Other-Public Services,126,2024-08-01,3503.76
Fairbank Park Pool,34999732,Other-Public Services,126,2024-09-01,357.2
Fairbank Park Pool,34999732,Other-Public Services,126,2024-10-01,49.56
Fairbank Park Pool,34999732,Other-Public Services,126,2024-11-01,5.06
Fairbank Park Pool,34999732,Other-Public Services,126,2024-12-01,0.0
Ethennonnhawahstihnen (Woodsy) Park,34999728,Other-Public Services,1,2024-01-01,599.93
Ethennonnhawahstihnen (Woodsy) Park,34999728,Other-Public Services,1,2024-02-01,648.5
Ethennonnhawahstihnen (Woodsy) Park,34999728,Other-Public Services,1,2024-03-01,531.63
Ethennonnhawahstihnen (Woodsy) Park,34999728,Other-Public Services,1,2024-04-01,270.39
Ethennonnhawahstihnen (Woodsy) Park,34999728,Other-Public Services,1,2024-05-01,176.07
Ethennonnhawahstihnen (Woodsy) Park,34999728,Other-Public Services,1,2024-06-01,44.0
Ethennonnhawahstihnen (Woodsy) Park,34999728,Other-Public Services,1,2024-07-01,13.0
Ethennonnhawahstihnen (Woodsy) Park,34999728,Other-Public Services,1,2024-08-01,12.0
Ethennonnhawahstihnen (Woodsy) Park,34999728,Other-Public Services,1,2024-09-01,21.43
Ethennonnhawahstihnen (Woodsy) Park,34999728,Other-Public Services,1,2024-10-01,238.38
Ethennonnhawahstihnen (Woodsy) Park,34999728,Other-Public Services,1,2024-11-01,717.39
Ethennonnhawahstihnen (Woodsy) Park,34999728,Other-Public Services,1,2024-12-01,914.43
Fountainhead Park,34999739,Other-Public Services,133,2024-01-01,55.03
Fountainhead Park,34999739,Other-Public Services,133,2024-02-01,32.78
Fountainhead Park,34999739,Other-Public Services,133,2024-03-01,958.45
Fountainhead Park,34999739,Other-Public Services,133,2024-04-01,217.26
Fountainhead Park,34999739,Other-Public Services,133,2024-05-01,1.35
Fountainhead Park,34999739,Other-Public Services,133,2024-06-01,0.0
Fountainhead Park,34999739,Other-Public Services,133,2024-07-01,0.0
Fountainhead Park,34999739,Other-Public Services,133,2024-08-01,0.0
Fountainhead Park,34999739,Other-Public Services,133,2024-09-01,0.0
Fountainhead Park,34999739,Other-Public Services,133,2024-10-01,0.0
Fountainhead Park,34999739,Other-Public Services,133,2024-11-01,3.49
Fountainhead Park,34999739,Other-Public Services,133,2024-12-01,7.51
Flagstaff Park Outdoor Pool,34999737,Other-Public Services,131,2024-01-01,0.0
Flagstaff Park Outdoor Pool,34999737,Other-Public Services,131,2024-02-01,0.0
Flagstaff Park Outdoor Pool,34999737,Other-Public Services,131,2024-03-01,0.0
Flagstaff Park Outdoor Pool,34999737,Other-Public Services,131,2024-04-01,5.67
Flagstaff Park Outdoor Pool,34999737,Other-Public Services,131,2024-05-01,10.55
Flagstaff Park Outdoor Pool,34999737,Other-Public Services,131,2024-06-01,716.81
Flagstaff Park Outdoor Pool,34999737,Other-Public Services,131,2024-07-01,1411.71
Flagstaff Park Outdoor Pool,34999737,Other-Public Services,131,2024-08-01,1620.12
Flagstaff Park Outdoor Pool,34999737,Other-Public Services,131,2024-09-01,2639.41
Flagstaff Park Outdoor Pool,34999737,Other-Public Services,131,2024-10-01,1263.74
Flagstaff Park Outdoor Pool,34999737,Other-Public Services,131,2024-11-01,0.0
Flagstaff Park Outdoor Pool,34999737,Other-Public Services,131,2024-12-01,6.79
East Point Park,34999718,Other-Public Services,120,2024-01-01,1201.74
East Point Park,34999718,Other-Public Services,120,2024-02-01,1501.02
East Point Park,34999718,Other-Public Services,120,2024-03-01,1538.51
East Point Park,34999718,Other-Public Services,120,2024-04-01,935.83
East Point Park,34999718,Other-Public Services,120,2024-05-01,337.2
East Point Park,34999718,Other-Public Services,120,2024-06-01,319.82
East Point Park,34999718,Other-Public Services,120,2024-07-01,283.04
East Point Park,34999718,Other-Public Services,120,2024-08-01,109.93
East Point Park,34999718,Other-Public Services,120,2024-09-01,117.38
East Point Park,34999718,Other-Public Services,120,2024-10-01,663.23
East Point Park,34999718,Other-Public Services,120,2024-11-01,1324.98
East Point Park,34999718,Other-Public Services,120,2024-12-01,694.69
Earlscourt Park,34999714,Other-Public Services,114,2024-01-01,93.54385964912281
Earlscourt Park,34999714,Other-Public Services,114,2024-02-01,190.437343358396
Earlscourt Park,34999714,Other-Public Services,114,2024-03-01,894.4494190020505
Earlscourt Park,34999714,Other-Public Services,114,2024-04-01,427.62382445141066
Earlscourt Park,34999714,Other-Public Services,114,2024-05-01,65.10051572454242
Earlscourt Park,34999714,Other-Public Services,114,2024-06-01,29.219061583577712
Earlscourt Park,34999714,Other-Public Services,114,2024-07-01,36.28333333333333
Earlscourt Park,34999714,Other-Public Services,114,2024-08-01,85.98440860215054
Earlscourt Park,34999714,Other-Public Services,114,2024-09-01,59.690140331693094
Earlscourt Park,34999714,Other-Public Services,114,2024-10-01,65.80611728034287
Earlscourt Park,34999714,Other-Public Services,114,2024-11-01,279.5198714202221
Earlscourt Park,34999714,Other-Public Services,114,2024-12-01,342.9375
Earl Bales Park,34999713,Other-Public Services,110,2024-01-01,464.56
Earl Bales Park,34999713,Other-Public Services,110,2024-02-01,454.72
Earl Bales Park,34999713,Other-Public Services,110,2024-03-01,332.0
Earl Bales Park,34999713,Other-Public Services,110,2024-04-01,0.21
Earl Bales Park,34999713,Other-Public Services,110,2024-05-01,348.03
Earl Bales Park,34999713,Other-Public Services,110,2024-06-01,1815.18
Earl Bales Park,34999713,Other-Public Services,110,2024-07-01,766.87
Earl Bales Park,34999713,Other-Public Services,110,2024-08-01,766.87
Earl Bales Park,34999713,Other-Public Services,110,2024-09-01,742.13
Earl Bales Park,34999713,Other-Public Services,110,2024-10-01,647.52
Earl Bales Park,34999713,Other-Public Services,110,2024-11-01,232.0
Earl Bales Park,34999713,Other-Public Services,110,2024-12-01,315.25
Eringate Pool,34999725,Other-Public Services,121,2024-01-01,0.0
Eringate Pool,34999725,Other-Public Services,121,2024-02-01,0.0
Eringate Pool,34999725,Other-Public Services,121,2024-03-01,0.0
Eringate Pool,34999725,Other-Public Services,121,2024-04-01,13.94
Eringate Pool,34999725,Other-Public Services,121,2024-05-01,26.86
Eringate Pool,34999725,Other-Public Services,121,2024-06-01,1320.14
Eringate Pool,34999725,Other-Public Services,121,2024-07-01,3176.5
Eringate Pool,34999725,Other-Public Services,121,2024-08-01,2958.98
Eringate Pool,34999725,Other-Public Services,121,2024-09-01,1074.53
Eringate Pool,34999725,Other-Public Services,121,2024-10-01,217.06
Eringate Pool,34999725,Other-Public Services,121,2024-11-01,0.0
Eringate Pool,34999725,Other-Public Services,121,2024-12-01,15.760000000000002
Eglinton Flats Sport Pavilions,34999720,Other-Public Services,116,2024-01-01,1985.41
Eglinton Flats Sport Pavilions,34999720,Other-Public Services,116,2024-02-01,3374.75
Eglinton Flats Sport Pavilions,34999720,Other-Public Services,116,2024-03-01,1557.47
Eglinton Flats Sport Pavilions,34999720,Other-Public Services,116,2024-04-01,2093.45
Eglinton Flats Sport Pavilions,34999720,Other-Public Services,116,2024-05-01,299.99
Eglinton Flats Sport Pavilions,34999720,Other-Public Services,116,2024-06-01,359.37
Eglinton Flats Sport Pavilions,34999720,Other-Public Services,116,2024-07-01,277.77
Eglinton Flats Sport Pavilions,34999720,Other-Public Services,116,2024-08-01,246.2
Eglinton Flats Sport Pavilions,34999720,Other-Public Services,116,2024-09-01,230.92
Eglinton Flats Sport Pavilions,34999720,Other-Public Services,116,2024-10-01,1755.83
Eglinton Flats Sport Pavilions,34999720,Other-Public Services,116,2024-11-01,1398.75
Eglinton Flats Sport Pavilions,34999720,Other-Public Services,116,2024-12-01,4368.6
Greenwood Park,34999767,Other-Public Services,147,2024-01-01,6506.7
Greenwood Park,34999767,Other-Public Services,147,2024-02-01,5214.67
Greenwood Park,34999767,Other-Public Services,147,2024-03-01,4042.1900000000005
Greenwood Park,34999767,Other-Public Services,147,2024-04-01,2072.4
Greenwood Park,34999767,Other-Public Services,147,2024-05-01,754.25
Greenwood Park,34999767,Other-Public Services,147,2024-06-01,537.5
Greenwood Park,34999767,Other-Public Services,147,2024-07-01,2937.1
Greenwood Park,34999767,Other-Public Services,147,2024-08-01,5380.99
Greenwood Park,34999767,Other-Public Services,147,2024-09-01,848.44
Greenwood Park,34999767,Other-Public Services,147,2024-10-01,1299.08
Greenwood Park,34999767,Other-Public Services,147,2024-11-01,3100.14
Greenwood Park,34999767,Other-Public Services,147,2024-12-01,5354.23
Hawksbury Park,34999775,Other-Public Services,262,2024-01-01,410.79
Hawksbury Park,34999775,Other-Public Services,262,2024-02-01,401.99
Hawksbury Park,34999775,Other-Public Services,262,2024-03-01,726.1
Hawksbury Park,34999775,Other-Public Services,262,2024-04-01,214.26
Hawksbury Park,34999775,Other-Public Services,262,2024-05-01,182.01
Hawksbury Park,34999775,Other-Public Services,262,2024-06-01,15.43
Hawksbury Park,34999775,Other-Public Services,262,2024-07-01,15.37
Hawksbury Park,34999775,Other-Public Services,262,2024-08-01,16.54
Hawksbury Park,34999775,Other-Public Services,262,2024-09-01,40.19
Hawksbury Park,34999775,Other-Public Services,262,2024-10-01,171.06
Hawksbury Park,34999775,Other-Public Services,262,2024-11-01,261.64
Hawksbury Park,34999775,Other-Public Services,262,2024-12-01,402.64
Giovanni Caboto Pool/Rink,34999751,Other-Public Services,154,2024-01-01,2740.36
Giovanni Caboto Pool/Rink,34999751,Other-Public Services,154,2024-02-01,3598.4
Giovanni Caboto Pool/Rink,34999751,Other-Public Services,154,2024-03-01,2309.03
Giovanni Caboto Pool/Rink,34999751,Other-Public Services,154,2024-04-01,956.76
Giovanni Caboto Pool/Rink,34999751,Other-Public Services,154,2024-05-01,2002.03
Giovanni Caboto Pool/Rink,34999751,Other-Public Services,154,2024-06-01,8600.52
Giovanni Caboto Pool/Rink,34999751,Other-Public Services,154,2024-07-01,12089.59
Giovanni Caboto Pool/Rink,34999751,Other-Public Services,154,2024-08-01,13934.57
Giovanni Caboto Pool/Rink,34999751,Other-Public Services,154,2024-09-01,13454.8
Giovanni Caboto Pool/Rink,34999751,Other-Public Services,154,2024-10-01,10087.02
Giovanni Caboto Pool/Rink,34999751,Other-Public Services,154,2024-11-01,10315.7
Giovanni Caboto Pool/Rink,34999751,Other-Public Services,154,2024-12-01,8900.51
Gihon Spring Park Outdoor Pool,34999749,Other-Public Services,152,2024-01-01,0.0
Gihon Spring Park Outdoor Pool,34999749,Other-Public Services,152,2024-02-01,0.0
Gihon Spring Park Outdoor Pool,34999749,Other-Public Services,152,2024-03-01,0.0
Gihon Spring Park Outdoor Pool,34999749,Other-Public Services,152,2024-04-01,4.85
Gihon Spring Park Outdoor Pool,34999749,Other-Public Services,152,2024-05-01,80.12
Gihon Spring Park Outdoor Pool,34999749,Other-Public Services,152,2024-06-01,518.58
Gihon Spring Park Outdoor Pool,34999749,Other-Public Services,152,2024-07-01,3527.06
Gihon Spring Park Outdoor Pool,34999749,Other-Public Services,152,2024-08-01,2639.33
Gihon Spring Park Outdoor Pool,34999749,Other-Public Services,152,2024-09-01,1904.27
Gihon Spring Park Outdoor Pool,34999749,Other-Public Services,152,2024-10-01,833.79
Gihon Spring Park Outdoor Pool,34999749,Other-Public Services,152,2024-11-01,0.0
Gihon Spring Park Outdoor Pool,34999749,Other-Public Services,152,2024-12-01,0.0
George Webster Park,34999747,Other-Public Services,138,2024-01-01,0.0
George Webster Park,34999747,Other-Public Services,138,2024-02-01,0.0
George Webster Park,34999747,Other-Public Services,138,2024-03-01,0.0
George Webster Park,34999747,Other-Public Services,138,2024-04-01,0.0
George Webster Park,34999747,Other-Public Services,138,2024-05-01,0.0
George Webster Park,34999747,Other-Public Services,138,2024-06-01,0.0
George Webster Park,34999747,Other-Public Services,138,2024-07-01,0.0
George Webster Park,34999747,Other-Public Services,138,2024-08-01,0.0
George Webster Park,34999747,Other-Public Services,138,2024-09-01,0.0
George Webster Park,34999747,Other-Public Services,138,2024-10-01,0.0
George Webster Park,34999747,Other-Public Services,138,2024-11-01,0.0
George Webster Park,34999747,Other-Public Services,138,2024-12-01,0.0
Howard Park Tennis Club,34999793,Other-Public Services,1,2024-01-01,708.13
Howard Park Tennis Club,34999793,Other-Public Services,1,2024-02-01,823.84
Howard Park Tennis Club,34999793,Other-Public Services,1,2024-03-01,507.41999999999996
Howard Park Tennis Club,34999793,Other-Public Services,1,2024-04-01,455.66
Howard Park Tennis Club,34999793,Other-Public Services,1,2024-05-01,376.52
Howard Park Tennis Club,34999793,Other-Public Services,1,2024-06-01,141.09
Howard Park Tennis Club,34999793,Other-Public Services,1,2024-07-01,54.38
Howard Park Tennis Club,34999793,Other-Public Services,1,2024-08-01,53.82
Howard Park Tennis Club,34999793,Other-Public Services,1,2024-09-01,51.87
Howard Park Tennis Club,34999793,Other-Public Services,1,2024-10-01,315.11
Howard Park Tennis Club,34999793,Other-Public Services,1,2024-11-01,594.56
Howard Park Tennis Club,34999793,Other-Public Services,1,2024-12-01,1084.43
Humber Valley Rink,34999804,Other-Public Services,179,2024-01-01,1949.1
Humber Valley Rink,34999804,Other-Public Services,179,2024-02-01,1511.66
Humber Valley Rink,34999804,Other-Public Services,179,2024-03-01,979.39
Humber Valley Rink,34999804,Other-Public Services,179,2024-04-01,512.35
Humber Valley Rink,34999804,Other-Public Services,179,2024-05-01,193.08
Humber Valley Rink,34999804,Other-Public Services,179,2024-06-01,64.67
Humber Valley Rink,34999804,Other-Public Services,179,2024-07-01,36.68
Humber Valley Rink,34999804,Other-Public Services,179,2024-08-01,82.43
Humber Valley Rink,34999804,Other-Public Services,179,2024-09-01,43.03
Humber Valley Rink,34999804,Other-Public Services,179,2024-10-01,259.41
Humber Valley Rink,34999804,Other-Public Services,179,2024-11-01,1389.34
Humber Valley Rink,34999804,Other-Public Services,179,2024-12-01,1700.88
Humber Valley Golf Course,34999802,Other-Public Services,180,2024-01-01,5011.91
Humber Valley Golf Course,34999802,Other-Public Services,180,2024-02-01,3962.27
Humber Valley Golf Course,34999802,Other-Public Services,180,2024-03-01,2018.75
Humber Valley Golf Course,34999802,Other-Public Services,180,2024-04-01,2645.78
Humber Valley Golf Course,34999802,Other-Public Services,180,2024-05-01,869.87
Humber Valley Golf Course,34999802,Other-Public Services,180,2024-06-01,564.68
Humber Valley Golf Course,34999802,Other-Public Services,180,2024-07-01,337.07
Humber Valley Golf Course,34999802,Other-Public Services,180,2024-08-01,383.69
Humber Valley Golf Course,34999802,Other-Public Services,180,2024-09-01,380.42
Humber Valley Golf Course,34999802,Other-Public Services,180,2024-10-01,1584.83
Humber Valley Golf Course,34999802,Other-Public Services,180,2024-11-01,1870.9
Humber Valley Golf Course,34999802,Other-Public Services,180,2024-12-01,3223.53
Humber Bay Park West,34999800,Other-Public Services,161,2024-01-01,530.52
Humber Bay Park West,34999800,Other-Public Services,161,2024-02-01,497.09
Humber Bay Park West,34999800,Other-Public Services,161,2024-03-01,443.67
Humber Bay Park West,34999800,Other-Public Services,161,2024-04-01,283.29
Humber Bay Park West,34999800,Other-Public Services,161,2024-05-01,75.71
Humber Bay Park West,34999800,Other-Public Services,161,2024-06-01,36.52
Humber Bay Park West,34999800,Other-Public Services,161,2024-07-01,26.44
Humber Bay Park West,34999800,Other-Public Services,161,2024-08-01,32.04
Humber Bay Park West,34999800,Other-Public Services,161,2024-09-01,23.04
Humber Bay Park West,34999800,Other-Public Services,161,2024-10-01,190.88
Humber Bay Park West,34999800,Other-Public Services,161,2024-11-01,472.27
Humber Bay Park West,34999800,Other-Public Services,161,2024-12-01,387.81
High Park Outdoor Ice Rink,34999782,Other-Public Services,172,2024-01-01,184.55
High Park Outdoor Ice Rink,34999782,Other-Public Services,172,2024-02-01,172.64
High Park Outdoor Ice Rink,34999782,Other-Public Services,172,2024-03-01,184.55
High Park Outdoor Ice Rink,34999782,Other-Public Services,172,2024-04-01,178.6
High Park Outdoor Ice Rink,34999782,Other-Public Services,172,2024-05-01,184.55
High Park Outdoor Ice Rink,34999782,Other-Public Services,172,2024-06-01,59.53
High Park Outdoor Ice Rink,34999782,Other-Public Services,172,2024-07-01,0.0
High Park Outdoor Ice Rink,34999782,Other-Public Services,172,2024-08-01,0.0
High Park Outdoor Ice Rink,34999782,Other-Public Services,172,2024-09-01,0.0
High Park Outdoor Ice Rink,34999782,Other-Public Services,172,2024-10-01,87.23
High Park Outdoor Ice Rink,34999782,Other-Public Services,172,2024-11-01,91.9
High Park Outdoor Ice Rink,34999782,Other-Public Services,172,2024-12-01,229.38
High Park Outdoor Pool,34999783,Other-Public Services,1,2024-01-01,3410.62
High Park Outdoor Pool,34999783,Other-Public Services,1,2024-02-01,2925.8
High Park Outdoor Pool,34999783,Other-Public Services,1,2024-03-01,1326.13
High Park Outdoor Pool,34999783,Other-Public Services,1,2024-04-01,544.24
High Park Outdoor Pool,34999783,Other-Public Services,1,2024-05-01,562.38
High Park Outdoor Pool,34999783,Other-Public Services,1,2024-06-01,672.08
High Park Outdoor Pool,34999783,Other-Public Services,1,2024-07-01,538.64
High Park Outdoor Pool,34999783,Other-Public Services,1,2024-08-01,432.98
High Park Outdoor Pool,34999783,Other-Public Services,1,2024-09-01,419.01
High Park Outdoor Pool,34999783,Other-Public Services,1,2024-10-01,432.98
High Park Outdoor Pool,34999783,Other-Public Services,1,2024-11-01,419.01
High Park Outdoor Pool,34999783,Other-Public Services,1,2024-12-01,2774.22
Hendon Park,34999777,Other-Public Services,164,2024-01-01,2.49
Hendon Park,34999777,Other-Public Services,164,2024-02-01,433.82
Hendon Park,34999777,Other-Public Services,164,2024-03-01,463.74
Hendon Park,34999777,Other-Public Services,164,2024-04-01,448.78
Hendon Park,34999777,Other-Public Services,164,2024-05-01,463.74
Hendon Park,34999777,Other-Public Services,164,2024-06-01,29.92
Hendon Park,34999777,Other-Public Services,164,2024-07-01,0.0
Hendon Park,34999777,Other-Public Services,164,2024-08-01,0.0
Hendon Park,34999777,Other-Public Services,164,2024-09-01,0.0
Hendon Park,34999777,Other-Public Services,164,2024-10-01,0.0
Hendon Park,34999777,Other-Public Services,164,2024-11-01,0.0
Hendon Park,34999777,Other-Public Services,164,2024-12-01,0.0
Hodgson Middle School,34999791,Other-Public Services,175,2024-01-01,902.15
Hodgson Middle School,34999791,Other-Public Services,175,2024-02-01,635.04
Hodgson Middle School,34999791,Other-Public Services,175,2024-03-01,589.44
Hodgson Middle School,34999791,Other-Public Services,175,2024-04-01,76.31
Hodgson Middle School,34999791,Other-Public Services,175,2024-05-01,73.23
Hodgson Middle School,34999791,Other-Public Services,175,2024-06-01,44.77
Hodgson Middle School,34999791,Other-Public Services,175,2024-07-01,75.67
Hodgson Middle School,34999791,Other-Public Services,175,2024-08-01,46.2
Hodgson Middle School,34999791,Other-Public Services,175,2024-09-01,99.1
Hodgson Middle School,34999791,Other-Public Services,175,2024-10-01,124.13
Hodgson Middle School,34999791,Other-Public Services,175,2024-11-01,317.42
Hodgson Middle School,34999791,Other-Public Services,175,2024-12-01,883.71
Hillcrest Park,34999788,Other-Public Services,163,2024-01-01,0.0
Hillcrest Park,34999788,Other-Public Services,163,2024-02-01,0.0
Hillcrest Park,34999788,Other-Public Services,163,2024-03-01,0.0
Hillcrest Park,34999788,Other-Public Services,163,2024-04-01,0.0
Hillcrest Park,34999788,Other-Public Services,163,2024-05-01,0.0
Hillcrest Park,34999788,Other-Public Services,163,2024-06-01,0.0
Hillcrest Park,34999788,Other-Public Services,163,2024-07-01,0.0
Hillcrest Park,34999788,Other-Public Services,163,2024-08-01,0.0
Hillcrest Park,34999788,Other-Public Services,163,2024-09-01,0.0
Hillcrest Park,34999788,Other-Public Services,163,2024-10-01,0.0
Hillcrest Park,34999788,Other-Public Services,163,2024-11-01,0.0
Hillcrest Park,34999788,Other-Public Services,163,2024-12-01,0.0
